id,z1,z2
1,0.7174823,0.56911844
2,0.96504325,0.7949434
3,0.3553863,0.29881242
4,0.60177386,0.7302977
5,0.7885507,0.16449697
6,0.24277063,0.5606364
7,0.5082368,0.31930408
8,0.56983197,0.20191455
9,0.7640602,0.6380434
10,0.79302406,0.2713173
11,0.9948706,0.33549118
12,0.18777645,0.20370644
13,0.8251849,0.52575684
14,0.21680361,0.029130088
15,0.15429793,0.053655375
16,0.95191437,0.43124577
17,0.31292802,0.2744885
18,0.451397,0.2682968
19,0.31163734,0.047041837
20,0.5893389,0.06486262
21,0.40519956,0.26392174
22,0.9406826,0.4511778
23,0.25193533,0.6469967
24,0.7123492,0.41944742
25,0.5076112,0.2629224
26,0.7562862,0.5590047
27,0.8804628,0.44130227
28,0.7685365,0.3135611
29,0.0008223943,0.0879365
30,0.55136025,0.32903376
31,0.6182444,0.83377075
32,0.34714466,0.34535456
33,0.27527344,0.31963176
34,0.5397981,0.11475127
35,0.86906534,0.24879958
36,0.8292573,0.26344654
37,0.17948273,0.7829336
38,0.90973383,0.41406432
39,0.5480533,0.2923393
40,0.42088497,0.886982
41,0.08312471,0.56412023
42,0.7012615,0.40967643
43,0.09292905,0.22704299
44,0.8698441,0.3585885
45,0.44681707,0.29297754
46,0.41393885,0.25748107
47,0.75585437,0.18096665
48,0.7551553,0.2929509
49,0.99650836,0.25495267
50,0.35151696,0.06315894
51,0.43006262,0.14977162
52,0.95273805,0.19315568
53,0.6977366,0.5273008
54,0.84519786,0.5340783
55,0.39042786,0.3924353
56,0.4711446,0.35532653
57,0.24210817,0.8236239
58,0.47276357,0.96360075
59,0.60606015,0.8870228
60,0.62008923,0.2447355
61,0.63424695,0.25144994
62,0.6735779,0.3179088
63,0.66742843,0.30969614
64,0.49482757,0.2835728
65,0.701965,0.26376975
66,0.44342896,0.1527154
67,0.5895058,0.7002465
68,0.71356845,0.36511075
69,0.75757635,0.30839828
70,0.68522537,0.37277877
71,0.9329407,0.19731724
72,4.1973336e-09,1.0
73,0.014905601,0.52699095
74,0.4957751,0.8029019
75,0.02966189,0.28217545
76,0.34522644,0.26084906
77,0.11160792,0.17382278
78,0.47842342,0.17559782
79,0.9662174,0.3623083
80,0.9263728,0.18965991
81,0.8312185,0.67661375
82,0.82158387,0.6762089
83,0.9541737,0.47171158
84,0.2437964,0.07380538
85,0.24765363,0.45189303
86,0.4600108,0.7256933
87,0.39290574,0.2929539
88,0.3818916,0.84929025
89,0.3630825,0.10943056
90,0.40080366,0.27434954
