id,Ranking Izquierda,skill iz,rank iz,Ranking Derecha,skill der,rank der,short_name,topic_name,name,ranking_derecha_sort,ranking_izquierda_sort,ranking_derecha_sort_skill,ranking_izquierda_sort_skill,ranking_derecha_sort_rank,ranking_izquierda_sort_rank
23,1,50.59285565841472,1.07,75,39.3814830479006,75.58,Nueva Constitución,Modernización del Estado,Nueva Constitución para Chile,75.0,0.013333333333333334,0.7784000830826908,1.2846863993638196,70.63551401869158,0.01415718444032813
55,2,48.91967137587063,2.61,3,47.14877565304259,6.02,Pensión Mínima,Pensiones,Pensión Mínima Igual o Mayor al Sueldo Mínimo,1.5,0.6666666666666666,0.96379992602114,1.0375597393209035,2.3065134099616857,0.4335548172757475
6,3,48.72436248541709,3.12,46,42.49948067862124,45.96,Agua,Economía,Desprivatización del Agua,15.333333333333334,0.06521739130434782,0.8722429296297326,1.1464695969785623,14.73076923076923,0.06788511749347259
85,4,47.978246137752194,4.87,30,44.08530139333714,32.53,Progresividad de Impuestos,Política Tributaria,Aumentar progresividad de impuestos (más impuestos a Súper Ricos),7.5,0.13333333333333333,0.918860211495896,1.088304823180894,6.6796714579055445,0.1497079618813403
37,5,47.97020973716636,5.03,88,36.66459188832854,88.08,Asamblea Constituyente,Modernización del Estado,Asamblea Constituyente,17.6,0.056818181818181816,0.7643200246406583,1.3083524803241229,17.51093439363817,0.0571071752951862
56,6,47.145991041276126,7.73,4,47.08056943324209,6.13,Seguro Universal,Salud,Seguro Universal de Salud,0.6666666666666666,1.5,0.9986123611660478,1.0013895670511548,0.7930142302716687,1.2610114192495923
87,7,47.087429894406185,8.31,19,45.85001368280505,17.45,Sueldo Mínimo,Laboral,Aumentar el Sueldo Mínimo,2.7142857142857144,0.3684210526315789,0.9737208801929507,1.0269883498871277,2.099879663056558,0.47621776504297997
32,8,46.954175028964016,8.87,13,46.247233475613356,13.36,Cárcel Colusión,Política Criminal,Cárcel efectiva para Delitos de Colusión,1.625,0.6153846153846154,0.9849440107740243,1.0152861371420938,1.5062006764374296,0.6639221556886227
33,9,46.74057779929379,10.19,23,45.29030416530987,22.42,Cárcel Impuestos,Política Criminal,Cárcel efectiva para Delitos Tributarios (evasión de impuestos),2.5555555555555554,0.391304347826087,0.9689718505361345,1.0320217243119059,2.2001962708537786,0.4545049063336306
3,10,46.34552702751208,12.58,16,46.16778076705022,14.24,Cárcel Cohecho,Política Criminal,Cárcel Efectiva para Soborno y Cohecho,1.6,0.625,0.9961647591070365,1.0038500065956975,1.1319554848966613,0.8834269662921348
7,11,46.22815092429028,13.45,8,46.66280636915405,9.71,Sename,Política social y ciudadanía,Reforma Sename,0.7272727272727273,1.375,1.0094023973741804,0.9906851842252015,0.7219330855018589,1.3851699279093717
90,12,46.11968053926017,14.51,11,46.40114089257003,12.07,Límite Precio Medicamentos,Salud,Limitar Precio o Ganacia de Medicamentos,0.9166666666666666,1.0909090909090908,1.006102825301885,0.9939341932569825,0.8318401102687801,1.2021541010770505
17,13,46.117278520450846,14.14,21,45.32660239749288,22.07,Salario Profesores,Educación,Aumento Salario Profesores,1.6153846153846154,0.6190476190476191,0.982855100120287,1.0174439750860678,1.5608203677510608,0.640688717716357
57,14,46.056910785442476,14.83,82,38.58766766500307,81.26,Derechos Humanos,Política Criminal,Investigación Judicial de Violaciones Recientes a los Derechos Humanos,5.857142857142857,0.17073170731707318,0.8378257900267105,1.193565550146313,5.479433580579906,0.18250061530888506
41,15,45.92631234543815,16.06,64,40.61969709663681,64.14,Litio Estatal,Economía,Estatización del Litio,4.266666666666667,0.234375,0.8844537046892152,1.1306414283734456,3.993773349937734,0.2503897723729342
30,16,45.79551770047753,16.81,9,46.60364312834644,10.12,Programas Intervención,Política Social y Ciudadanía,Programas de Intervención para Niños y Jóvenes de Alto Riesgo,0.5625,1.7777777777777777,1.017646386992596,0.9826596082704665,0.6020226055919096,1.6610671936758894
25,17,45.71420473110073,17.59,18,45.87127537633447,17.05,Ciencia y Tecnología,Educación,Aumentar Inversión en Ciencia y Tecnología a 1% del PIB,1.0588235294117647,0.9444444444444444,1.0034359264512565,0.9965758387150759,0.969300739056282,1.0316715542521993
45,18,45.66115685664944,18.22,1,47.49982959193588,3.79,Contribuciones,Política Tributaria,Reducción Contribuciones de Adultos Mayores Vulnerables,0.05555555555555555,18.0,1.0402677650296694,0.961290961439605,0.20801317233809002,4.807387862796833
86,19,45.45261160635826,20.39,50,41.90742744204799,51.36,CAE,Educación,Condonación de las deudas del Crédito con Aval del Estado (CAE),2.6315789473684212,0.38,0.9220026300135779,1.084595604662509,2.5188818048062775,0.39700155763239875
46,20,45.394779224135306,20.36,14,46.22550597338247,13.68,Transporte Tercera Edad,Vivienda y Transporte,Transporte Público Gratuito para Ciudadanos de la Tercera Edad,0.7,1.4285714285714286,1.0183000504341144,0.9820288230111421,0.6719056974459725,1.4883040935672514
18,21,45.30494781252829,21.43,7,46.711539821884024,9.26,IVA medicamentos,Política Tributaria,Reducción IVA a los Medicamentos,0.3333333333333333,3.0,1.0310472051568453,0.9698876976712989,0.432104526364909,2.314254859611231
74,22,45.180359503066846,22.58,70,40.262140759221296,67.49,40 Horas,Laboral,Reducción de Jornada Laboral a 40 horas,3.1818181818181817,0.3142857142857143,0.8911425495958769,1.1221549239832491,2.9889282550930028,0.3345680841606164
64,23,45.05314940965235,23.84,2,47.33206053052547,4.71,Enfermedades Catastróficas,Salud,Creación del Seguro de Enfermedades Catastróficas,0.08695652173913043,11.5,1.0505827261963816,0.9518526957134393,0.19756711409395974,5.0615711252653925
88,24,45.024926045241024,23.94,74,39.508369872013134,74.52,Plebiscitos Nacionales,Democracia,Habilitar plebiscitos nacionales.,3.0833333333333335,0.32432432432432434,0.8774777293873874,1.1396300629739649,3.1127819548872178,0.32125603864734303
67,25,45.0014398634449,24.78,51,41.821758233339104,52.13,Participación Directa,Democracia,Aumentar Instancias de Participación Ciudadana Directa,2.04,0.49019607843137253,0.9293426690400481,1.076029362810745,2.1037126715092818,0.4753500863226549
39,26,44.918004297910535,25.18,12,46.34396850013573,12.54,Adulto Mayor,Salud,Red de Cuidado Adulto Mayor,0.46153846153846156,2.1666666666666665,1.0317459385053651,0.9692308568218317,0.4980142970611596,2.0079744816586924
21,27,44.903333505688394,25.33,5,46.99040784953257,6.95,Dieta Parlamentaria,Modernización del Estado,Reducción Dieta Parlamentaria,0.18518518518518517,5.4,1.0464792740516644,0.9555850983348096,0.27437820765890253,3.6446043165467623
73,28,44.88655512955929,25.49,71,40.23876745382109,67.84,Ley de Pesca,Economía,Derogación Ley de Pesca,2.5357142857142856,0.39436619718309857,0.8964547922574375,1.1155052197131063,2.6614358571989016,0.37573702830188677
76,29,44.78340796948584,26.59,15,46.21714795155757,13.69,Sueldo Altos Funcionarios,Modernización del Estado,Reducción sueldos altos funcionarios públicos,0.5172413793103449,1.9333333333333333,1.032014981598735,0.9689781813543644,0.5148552087250846,1.9422936449963477
40,30,44.706342635920265,27.34,85,38.264564110580835,83.09,Pueblos Originarios,Modernización del Estado,Reivindicación y Apoyo de Pueblos Originarios,2.8333333333333335,0.35294117647058826,0.8559090691493147,1.168348409947212,3.0391367959034383,0.32904079913346973
12,31,44.4496911031611,29.86,42,42.79225435749706,43.84,Zonas de Sacrificio,Medio Ambiente,Regulación y Fiscalización de Empresas en Zonas de Sacrificio,1.3548387096774193,0.7380952380952381,0.9627120750554289,1.03873216708373,1.4681848626925655,0.6811131386861313
70,32,44.252635523347465,32.06,29,44.33093350485608,30.43,Pilar Solidario,Pensiones,Mejorar Aporte del Estado a Pensiones de los Más Necesitados,0.90625,1.103448275862069,1.0017693405281434,0.9982337845085072,0.9491578290704927,1.0535655603023333
1,33,43.59438471309738,39.13,44,42.61551574578477,44.95,Farmacias,Salud,Creación de Farmacias Populares,1.3333333333333333,0.75,0.9775459850218159,1.0229697787339211,1.1487349859442884,0.8705228031145718
68,34,43.55626208466921,39.51,32,44.08215842436211,32.59,Fondo Común Municipal,Modernización del Estado,Fortalecimiento del Fondo Común Municipal,0.9411764705882353,1.0625,1.012073954800589,0.988070086436551,0.8248544672234879,1.2123350721080084
42,35,43.53382766549632,39.64,34,43.887281381175974,34.2,Aporte Empleador a AFP,Pensiones,Aporte del Empleador a Fondo de Pensiones,0.9714285714285714,1.0294117647058822,1.0081190590084455,0.9919463292198533,0.8627648839556005,1.15906432748538
66,36,43.50306965313254,40.39,20,45.756219535790585,18.06,Elección Parlamentarios,Democracia,Limitar la Reeleción de Parlamentarios y Parlamentarias,0.5555555555555556,1.8,1.0517928941709933,0.9507575165624069,0.4471403812824956,2.2364341085271318
89,37,43.46816453889969,40.37,35,43.87004665830782,34.06,Autonomía Regional,Modernización del Estado,Entregar más autonomía a las regiones en su gobernanza.,0.9459459459459459,1.0571428571428572,1.0092454356808298,0.9908392593575684,0.8436958137230618,1.1852613035819142
43,38,43.44870059092773,40.63,53,41.70347877565886,53.45,Glaciares,Medio Ambiente,Inviolabilidad de Glaciares,1.394736842105263,0.7169811320754716,0.9598325889719869,1.0418483509411092,1.315530396258922,0.7601496725912067
59,39,43.334978812332636,41.85,83,38.34724794873313,82.44,Toque de Queda,Seguridad,Fin de Toque de Queda,2.128205128205128,0.46987951807228917,0.8849028890679864,1.130067504981522,1.9698924731182794,0.50764192139738
51,40,43.32668020931857,41.91,25,45.162560371910295,23.49,Reelección de Alcaldes,Democracia,"Limitar Reelección de Alcaldes, Parlamentarios y Presidentes",0.625,1.6,1.0423729709666718,0.9593495110225507,0.560486757337151,1.7841634738186463
4,41,43.30742425363029,42.56,55,41.59345210243481,54.48,Retiro AFP,Pensiones,Retiro Anticipado Fondo de Pensiones,1.3414634146341464,0.7454545454545455,0.9604231334295573,1.0412077397897719,1.2800751879699246,0.7812041116005874
58,42,43.26720626119058,42.41,89,36.25630399122788,88.66,Retiro FFAA,Seguridad,Retiro de Fuerzas Armadas,2.119047619047619,0.47191011235955055,0.8379626771453632,1.193370572788086,2.0905446828578165,0.4783442364087525
62,43,43.21683369827193,43.26,27,44.750198054835785,26.97,Aumento de Médicos,Salud,Aumento de Cupos en Especialidades Médicas,0.627906976744186,1.5925925925925926,1.0354807195563975,0.9657350263637959,0.6234396671289876,1.604004449388209
61,44,43.19905030933644,43.47,24,45.2793748418646,22.18,Estructura Productiva,Economía,Diversificar la Economía,0.5454545454545454,1.8333333333333333,1.048156719132285,0.954055802674097,0.5102369450195537,1.9598737601442742
24,45,43.140881401300014,44.2,31,44.082267846449085,32.49,Subsidio Vivienda,Vivienda y Transporte,Subsidio Vivienda,0.6888888888888889,1.4516129032258065,1.021821214925866,0.9786447818785508,0.7350678733031675,1.360418590335488
63,46,43.1341219391687,44.14,26,44.994025952141925,25.0,Sala Cuna,Educación,Acceso Universal a Sala Cuna,0.5652173913043478,1.7692307692307692,1.0431190883077721,0.9586633119927628,0.5663797009515179,1.7656
60,47,43.07336092562485,45.12,22,45.306895046578155,22.03,Educación Técnico Profesional,Educación,Mejorar Educación Técnico Profesional,0.46808510638297873,2.1363636363636362,1.0518541872042437,0.9507021145753399,0.48825354609929084,2.0481162051747615
53,48,43.051322961266706,45.25,47,42.314917150396376,47.6,Sistema Salud para Electos,Modernización del Estado,Uso Obligatorio de Sistema de Salud Público para Funcionarios Electos,0.9791666666666666,1.0212765957446808,0.9828946996232177,1.0174029836393863,1.0519337016574586,0.9506302521008403
75,49,43.04189912101876,45.43,63,40.717639703199026,63.14,Cambio de Gabinete,Modernización del Estado,Cambio de Gabinete,1.2857142857142858,0.7777777777777778,0.9460000728293906,1.0570823710500372,1.3898305084745763,0.7195121951219512
31,50,43.02394420059165,45.84,77,39.1864288591634,76.92,Fuerzas Armadas,Modernización del Estado,Reforma Fuerzas Armadas,1.54,0.6493506493506493,0.9108051246176663,1.0979297030413344,1.6780104712041883,0.5959438377535101
77,51,42.93561381035707,47.14,57,41.24606434850036,58.08,Franquicias tributarias,Política Tributaria,Eliminación de franquicias tributarias a las ganacias de capital para acciones,1.1176470588235294,0.8947368421052632,0.9606492300466624,1.040962683071558,1.2320746711921935,0.8116391184573003
78,52,42.842223921662814,47.7,10,46.501292094083475,10.99,Sistema Electoral,Democracia,Eliminación de elección de parlamentarios por arrastre,0.19230769230769232,5.2,1.0854079886028158,0.921312548369248,0.23039832285115303,4.340309372156506
8,53,42.72244520155946,49.4,6,46.8702200228045,7.78,Narcotráfico,Política Criminal,Lucha contra el Narcotráfico,0.11320754716981132,8.833333333333334,1.0970865502121034,0.9115051130712217,0.15748987854251012,6.349614395886889
84,54,42.670338657973446,49.95,48,41.99815335450989,50.36,Libre de Carbono,Medio Ambiente,Chile Libre de Carbono al 2040,0.8888888888888888,1.125,0.9842470126883338,1.0160051156961494,1.0082082082082082,0.9918586179507546
9,55,42.17414608670813,55.37,69,40.35015519751539,66.97,Termoeléctricas,Medio Ambiente,Adelantar Cierre Termoeléctricas,1.2545454545454546,0.7971014492753623,0.9567509704774415,1.0452040613044544,1.209499729095178,0.8267881140809318
69,56,42.01650408895397,57.2,36,43.75215848074794,35.51,Espacios Públicos,Política Social y Ciudadanía,Creación de Más y Mejores Espacios Públicos,0.6428571428571429,1.5555555555555556,1.0413088720594026,0.9603298568102029,0.6208041958041958,1.610813855252042
26,57,41.94157846308881,58.01,49,41.97899581806788,50.74,Camara Única,Reforma Congreso,Reducción del Parlamento a una Camara Única,0.8596491228070176,1.163265306122449,1.0008921303477407,0.9991086648394061,0.8746767798655405,1.14327946393378
19,58,41.81019133339672,59.14,45,42.545229181998074,45.69,IVA libros,Política Tributaria,Reducción IVA a los libros,0.7758620689655172,1.288888888888889,1.0175803512292043,0.982723377856139,0.7725735542779844,1.2943751367914205
28,59,41.64160541260484,60.75,38,43.49924144206232,37.46,Protección Consumidor,Economía,Aumentar la Protección del Consumidor,0.6440677966101694,1.5526315789473684,1.0446100963459775,0.9572949787657399,0.6166255144032922,1.6217298451681794
48,60,41.6307699629423,60.73,33,43.91993710871446,33.85,Ficha Médica Digital,Salud,Establecer Ficha Médica Digital Universal,0.55,1.8181818181818181,1.0549873842787405,0.947878633338982,0.557385147373621,1.7940915805022155
13,61,41.62927977618524,60.98,58,41.1677206920865,58.58,Impuesto al Carbono,Medio Ambiente,Aumento de Impuesto al Carbono,0.9508196721311475,1.0517241379310345,0.9889126334498156,1.0112116744949513,0.9606428337159725,1.0409696142027995
50,62,41.559672400334385,61.51,41,43.35674824810546,38.67,Cuoteo Diplomático,Modernización del Estado,Eliminar Cuoteo Político en Posiciones Diplomáticas,0.6612903225806451,1.5121951219512195,1.0432408569167793,0.958551415399341,0.6286782636969599,1.5906387380398241
10,63,41.52945080700165,61.79,43,42.75882837820171,43.49,Voto Obligatorio,Democracia,Voto Obligatorio,0.6825396825396826,1.4651162790697674,1.0296025482473463,0.9712485674227035,0.7038355720990452,1.4207863876753275
82,64,41.49726991986867,62.03,76,39.230195095313306,76.78,Barrios Integrados,Vivienda y Transporte,Integración de Viviendas Sociales en Barrios Altos,1.1875,0.8421052631578947,0.9453680970113675,1.0577890275347166,1.23778816701596,0.8078926803855171
65,65,41.28138811844005,63.75,28,44.537148457125625,28.65,Fonasa Farmacia,Salud,Ampliación Convenio Fonasa con Farmacias,0.4307692307692308,2.3214285714285716,1.0788675111734254,0.9268978717436348,0.44941176470588234,2.2251308900523563
29,66,41.16128350333849,65.16,86,38.04822874467366,84.16,Matrimonio Igualitario,Política Social y Ciudadanía,Matrimonio Igualitario,1.303030303030303,0.7674418604651163,0.92436934678161,1.0818186512585195,1.2915899324739104,0.7742395437262357
81,67,40.98838011648813,66.63,80,39.091853723423384,77.78,Viviendas Integradas,Vivienda y Transporte,Integracion de Viviendas Sociales en Edificios Particulares,1.1940298507462686,0.8375,0.9537301452832521,1.0485146190938592,1.1673420381209667,0.8566469529442016
20,68,40.892883294807454,67.04,37,43.61021934968473,36.73,Notarios,Modernización del Estado,Reforma o fin de sistema de Notarios,0.5441176470588235,1.837837837837838,1.0664500968368333,0.9376903832313119,0.5478818615751789,1.8252109991832293
54,69,40.745953176764445,67.86,62,40.892030717528606,61.45,Transbank,Economía,Fin al Monopolio de Transbank,0.8985507246376812,1.1129032258064515,1.0035850809559037,0.9964277259358131,0.9055408193339228,1.1043124491456469
15,70,40.73549662366685,68.3,60,40.94553784606282,60.98,Subsidio Agua,Economía,Subsidio al precio del agua,0.8571428571428571,1.1666666666666667,1.0051562209818241,0.9948702292497503,0.8928257686676427,1.120039357166284
14,71,40.46844288872615,69.98,54,41.66731712071939,53.9,Subsidio Luz,Economía,Subsidio al precio de la electricidad,0.7605633802816901,1.3148148148148149,1.0296249162659832,0.9712274675972097,0.7702200628751071,1.298330241187384
27,72,40.364152266076246,70.75,66,40.386138592754236,66.36,Armas de Fuego,Política Criminal,Restricción Venta y Uso de Armas de Fuego,0.9166666666666666,1.0909090909090908,1.00054469932957,0.9994555972062669,0.9379505300353357,1.066154309825196
34,73,40.21721438577893,71.72,17,46.05199404337239,15.49,Reducción Parlamento,Reforma Congreso,Reducción Número de Parlamentarios,0.2328767123287671,4.294117647058823,1.1450816459246536,0.8733001734496407,0.21597880646960402,4.630083925112976
36,74,39.92451884436627,73.44,52,41.758978096674326,53.06,Información Personal,Política Social y Ciudadanía,Resguardar y Proteger Información Personal,0.7027027027027027,1.4230769230769231,1.0459481868637952,0.9560703030600705,0.7224945533769064,1.3840934790802863
44,75,39.72113286130249,74.49,56,41.58875679793694,54.54,Bicicletas,Vivienda y Transporte,Inversión infrastructura cicloviaria,0.7466666666666667,1.3392857142857142,1.0470183955517023,0.955093056863698,0.7321788159484495,1.3657865786578658
47,76,39.57115490849728,75.15,39,43.48868742734077,37.6,Bilingüe,Educación,Promover Educación Bilingüe (Inglés),0.5131578947368421,1.9487179487179487,1.098999701370916,0.9099183546206411,0.5003326679973387,1.9986702127659575
5,77,39.43957624555631,75.92,40,43.3873644088154,38.26,Más Metro,Vivienda y Transporte,Crear Nuevas Líneas de Metro,0.5194805194805194,1.925,1.1000971242358084,0.9090106482140459,0.5039515279241307,1.984317825405123
38,78,39.12986865195556,77.15,59,41.158318915564834,59.01,Custodia Compartida,Modernización del Estado,Custodia compartida de hijos de padres separados,0.7564102564102564,1.3220338983050848,1.0518389233976613,0.9507159107306937,0.7648736228127024,1.3074055244873752
35,79,39.047879658425494,77.34,61,40.93638211060005,60.87,Impuestos a vicios,Política Tributaria,"Aumentar Impuesto al Alcohol, Tabaco, y Comida Chatarra",0.7721518987341772,1.2950819672131149,1.0483637644014063,0.9538673826360061,0.7870442203258339,1.2705766387382949
16,80,38.13186363732293,80.38,73,39.5503982619957,74.09,Bibliotecas,Educación,Modernización Bibliotecas,0.9125,1.095890410958904,1.0372007683171387,0.9641334932893494,0.9217467031599902,1.084896747199352
83,81,37.39388121770499,82.32,78,39.17424533516196,77.39,Edad Máxima,Modernización del Estado,Edad Máxima para candidaturas a Cargos Políticos,0.9629629629629629,1.0384615384615385,1.0476111080069972,0.954552688833575,0.9401117589893101,1.063703320842486
79,82,37.34738908468075,82.54,72,40.04928560488081,69.63,Vías Exclusivas,Vivienda y Transporte,Más Vías Exclusivas para Buses,0.8780487804878049,1.1388888888888888,1.0723449908124456,0.9325357124504918,0.8435909861885146,1.1854085882521903
22,83,37.01960465266713,83.44,79,39.17392630443238,77.16,Terrenos Fronterizos,Modernización del Estado,Prohibición Compra de Terrenos Fronterizos a Extranjeros,0.9518072289156626,1.0506329113924051,1.058194075057742,0.9450062361627127,0.9247363374880153,1.0813893208916536
71,84,36.97748757023444,83.43,67,40.38054283748221,66.62,Periodo Presidencial,Modernización del Estado,Extender Periodo Presidencial a 6 años,0.7976190476190477,1.2537313432835822,1.092030462069227,0.9157253709801798,0.7985137240800672,1.252326628640048
2,85,36.96038846788045,83.36,90,35.47463715424357,89.62,Marihuana,Salud,Legalización de la Marihuana,1.0588235294117647,0.9444444444444444,0.959801523327385,1.0418820721738982,1.0750959692898274,0.9301495201963846
11,86,36.156061644263985,85.8,81,38.742261964513595,80.41,Educación RRSS,Educación,Educación sobre uso de Redes Sociales,0.9418604651162791,1.0617283950617284,1.0715288170955948,0.9332460163885509,0.9371794871794872,1.06703146374829
80,87,35.666375220377304,86.66,65,40.39951023814009,66.5,Autopistas,Vivienda y Transporte,Más Autopistas Urbanas,0.7471264367816092,1.3384615384615384,1.1327058045152454,0.8828417723417261,0.7673667205169629,1.303157894736842
49,88,34.507068359113624,88.8,87,38.031289241036106,84.18,Venta de Alcohol,Salud,"Restringir Venta de Alcohol en Delivery, Supermercados, o por Horario",0.9886363636363636,1.0114942528735633,1.1021304054359549,0.9073336467878713,0.9479729729729731,1.0548823948681396
52,89,34.50346584910496,88.71,68,40.373771399777155,66.73,Edad de Jubilación,Pensiones,Aumento Edad de Jubilación,0.7640449438202247,1.3088235294117647,1.1701366922483953,0.8546010108259395,0.7522263555405254,1.3293870822718417
72,90,34.40788502446043,88.91,84,38.30751222300264,82.66,Provincias,Modernización del Estado,Reducir Número de Provincias,0.9333333333333333,1.0714285714285714,1.1133352775321699,0.8982020242964096,0.9297041952536272,1.075610936365836
