country,dimension,seed,participants,proposals,records,training_records,test_records,test_loss_all_records,test_accuracy_all_records,last_epoch_test_accuracy,singleton_participants_assigned_to_train,seconds
Chile,1,101,47574,90,2970347,2650103,320244,0.608686089515686,0.650666356086731,0.650666356086731,8,654.4018122502603
Chile,2,101,47574,90,2970347,2650103,320244,0.5949794054031372,0.6809870004653931,0.6809870004653931,8,633.565453958232
Chile,2,201,47574,90,2970347,2650103,320244,0.5936490297317505,0.6843750476837158,0.6843750476837158,8,818.4288992090151
Chile,2,301,47574,90,2970347,2650103,320244,0.5890480875968933,0.6864827871322632,0.6864827871322632,8,714.4932424169965
Chile,2,401,47574,90,2970347,2650103,320244,0.5973833203315735,0.6822422742843628,0.6822422742843628,8,764.0812299591489
Chile,2,501,47574,90,2970347,2650103,320244,0.5927660465240479,0.6853742599487305,0.6853742599487305,8,801.6994109591469
Chile,3,101,47574,90,2970347,2650103,320244,0.5662225484848022,0.703316867351532,0.703316867351532,8,2149.870067458134
Chile,4,101,47574,90,2970347,2650103,320244,0.5607341527938843,0.7083755135536194,0.7083755135536194,8,1159.7527435407974
Chile,10,101,47574,90,2970347,2650103,320244,0.5565584301948547,0.7176684141159058,0.7176684141159058,8,2683.1093966672197
