top_per_group,side,option_id,rank,proposal_x,proposal_y,label_x,label_y
5,Left,23,1,0.60531896,0.1782478,0.6053189599999999,0.17824779999999996
5,Left,37,2,0.79335153,0.08392607,0.7933515299999999,0.08392607000000002
5,Left,6,3,0.4718097,0.18535955,0.4718097,0.18535954999999998
5,Left,85,4,0.42805192,0.23640545,0.4280519199999999,0.23640544999999996
5,Left,57,5,0.8622716,0.2442137,0.8622715999999998,0.24421369999999998
5,Right,45,1,0.24339354,0.4067104,0.24339353999999996,0.4067104000000001
5,Right,64,2,0.24010666,0.44190553,0.24010665999999997,0.45919532784932554
5,Right,8,3,0.1347092,0.49798897,0.13470919999999997,0.49798897000000003
5,Right,21,4,0.19932085,0.35565934,0.19932085,0.35565933999999993
5,Right,78,5,0.1267333,0.42519358,0.1267333,0.42519358
10,Left,23,1,0.60531896,0.1782478,0.6053189600000004,0.17824780000000004
10,Left,37,2,0.79335153,0.08392607,0.7933515300000002,0.08392606999999999
10,Left,6,3,0.4718097,0.18535955,0.4718096999999999,0.18535955
10,Left,85,4,0.42805192,0.23640545,0.42805192000000014,0.23640545
10,Left,57,5,0.8622716,0.2442137,0.8622716000000001,0.24421370000000006
10,Left,41,6,0.47336575,1.2611372e-07,0.4733657499999999,1.2611372002258037e-07
10,Left,74,7,0.79038876,0.39897552,0.7903887600000004,0.3989755199999999
10,Left,88,8,0.83047754,0.35002434,0.83047754,0.33273454215067455
10,Left,40,9,0.8651417,0.42446622,0.8651417000000001,0.42446622
10,Left,87,10,0.25461584,0.37018803,0.25461584000000026,0.3701880299999999
10,Right,45,1,0.24339354,0.4067104,0.24339354000000002,0.4240001978493255
10,Right,64,2,0.24010666,0.44190553,0.24010666000000014,0.4764851256986511
10,Right,8,3,0.1347092,0.49798897,0.13470920000000008,0.49798896999999986
10,Right,21,4,0.19932085,0.35565934,0.1993208500000001,0.3556593399999999
10,Right,78,5,0.1267333,0.42519358,0.12673329999999994,0.42519358000000007
10,Right,34,6,0.044820387,0.4625287,0.04482038700000013,0.4625287
10,Right,18,7,0.23853867,0.3899645,0.18666927645202325,0.40725429784932554
10,Right,65,8,0.21063702,0.6606626,0.21063702000000029,0.6606626
10,Right,39,9,0.25407735,0.47692114,0.28865694569865097,0.47692113999999997
10,Right,60,10,0.21139732,0.59705716,0.2113973200000001,0.5970571599999999
15,Left,23,1,0.60531896,0.1782478,0.6053189600000004,0.17824780000000007
15,Left,37,2,0.79335153,0.08392607,0.7933515300000002,0.08392607000000002
15,Left,6,3,0.4718097,0.18535955,0.47180970000000055,0.1853595500000001
15,Left,85,4,0.42805192,0.23640545,0.42805192000000014,0.23640545000000013
15,Left,57,5,0.8622716,0.2442137,0.862271600000001,0.2442137000000001
15,Left,41,6,0.47336575,1.2611372e-07,0.4733657500000006,1.2611372002258037e-07
15,Left,74,7,0.79038876,0.39897552,0.7903887600000004,0.3989755200000001
15,Left,88,8,0.83047754,0.35002434,0.8304775400000004,0.3327345421506745
15,Left,40,9,0.8651417,0.42446622,0.8651417000000001,0.42446622000000006
15,Left,87,10,0.25461584,0.37018803,0.2546158400000005,0.37018803000000006
15,Left,86,11,0.6727685,0.3814126,0.6727685000000005,0.38141260000000005
15,Left,33,12,0.31068993,0.24181615,0.31068993000000056,0.24181615000000006
15,Left,73,13,0.38351837,9.061789e-09,0.38351837000000044,9.0617890136091e-09
15,Left,59,14,0.8562077,0.58428687,0.8562077000000006,0.5842868700000001
15,Left,58,15,0.971442,0.5115873,0.9714420000000006,0.5115873000000002
15,Right,45,1,0.24339354,0.4067104,0.24339354000000002,0.4240001978493257
15,Right,64,2,0.24010666,0.44190553,0.24010666000000036,0.47648512569865126
15,Right,8,3,0.1347092,0.49798897,0.13470920000000053,0.49798897000000003
15,Right,21,4,0.19932085,0.35565934,0.19932085000000033,0.35565934000000005
15,Right,78,5,0.1267333,0.42519358,0.12673330000000016,0.4251935800000001
15,Right,34,6,0.044820387,0.4625287,0.04482038700000057,0.46252870000000007
15,Right,18,7,0.23853867,0.3899645,0.1866692764520237,0.4072542978493256
15,Right,65,8,0.21063702,0.6606626,0.2106370200000005,0.6606626
15,Right,39,9,0.25407735,0.47692114,0.2886569456986514,0.47692114000000013
15,Right,60,10,0.21139732,0.59705716,0.21139732000000055,0.5970571600000001
15,Right,47,11,0.12235998,0.7358681,0.12235998000000015,0.7358681000000002
15,Right,76,12,0.21648459,0.30645144,0.2164845900000003,0.3064514400000001
15,Right,5,13,0.11539124,0.7392703,0.11539124000000056,0.7911396935479771
15,Right,20,14,0.012283187,0.551994,0.012283187000000417,0.5519940000000001
15,Right,61,15,0.21800452,0.58719116,0.21800452000000048,0.5353217664520233
