option_id,z1,z2
1,0.83044434,0.52655184
2,0.20587832,0.23661405
3,0.6422219,0.9049154
4,0.95555615,0.7038968
5,0.92335856,0.63018245
6,0.76738805,0.6184968
7,4.6107328e-07,0.23312281
8,0.39068174,0.23164727
9,0.3542006,0.28698912
10,0.5244143,0.8879637
11,0.72649235,0.39958823
12,0.44971803,0.36053905
13,0.21557064,0.51267666
14,0.080633335,0.04227222
15,0.6344265,0.8801388
16,0.958093,0.4214199
17,0.39414155,0.050804578
18,1.0,0.5556684
19,0.32087162,0.22350016
20,0.0042547993,0.4348015
21,0.34207192,0.35676545
22,0.6839856,0.45709935
23,0.5427492,0.43157983
24,0.5788075,0.39068165
25,0.84555024,0.5388404
26,0.6712922,0.41490173
27,0.949454,0.522191
28,0.90391934,0.4888768
29,2.3448965e-08,0.5092356
30,0.021578766,0.30056104
31,1.0,0.5015362
32,0.26089162,0.24226946
33,0.7848434,0.45557532
34,0.72981864,0.6758487
35,0.8650228,0.43022442
36,0.94145215,0.42958298
37,1.2024696e-08,0.51508534
38,0.916929,0.5600418
39,1.0,0.6487656
40,0.55761904,0.41912264
41,0.55723673,0.40324512
42,0.6883265,0.44794708
43,0.45865625,0.6649152
44,0.18924151,0.13301492
45,0.85282296,0.8691054
46,0.25593197,0.6011652
47,0.10483193,0.2079324
48,0.87545323,0.92987263
49,0.68451625,0.9087735
50,0.6859196,0.9511243
51,0.5402484,0.8924569
52,0.7615679,0.9269416
53,0.28535795,0.5392274
54,0.6218129,0.8109118
55,0.055765253,0.43226203
56,0.4882455,0.7589131
57,0.91077685,0.55703753
58,0.4518504,0.67812055
59,0.24235384,0.20374261
60,0.18878083,0.567663
61,0.5686274,0.72905463
62,5.986115e-05,0.41741607
63,0.57795346,0.8433753
64,0.08872466,0.43455598
65,0.42575502,0.47948357
66,0.79999584,0.5850336
67,0.3358085,0.41781133
68,0.99999964,0.53793466
69,0.34932214,0.20842731
70,0.8108219,0.7959451
71,0.27637893,0.15330344
72,0.84745544,0.54346347
73,0.61162627,0.84527755
74,0.26613382,0.29703775
75,0.046984185,0.36999348
76,1.0312572e-08,0.06459627
77,0.14761508,0.06796937
78,0.19094917,0.36670083
79,0.0122375805,0.35357416
80,0.723406,0.7057246
81,0.08329434,0.38735634
82,0.8956347,0.46166492
83,0.63446236,0.7630317
84,0.03268533,0.49982834
85,0.90505564,0.7752399
86,0.9999997,0.39007968
87,0.23458102,0.16209371
88,0.99999976,0.64727145
89,0.17072031,0.16582227
90,0.1846941,0.059811156
91,0.13452984,0.032242626
92,0.94685113,0.526366
93,0.89331245,0.5172261
94,0.3406224,0.076392196
95,0.1854769,0.001705621
96,0.7976465,0.52725124
97,0.55308926,0.42951035
98,1.0,0.7370459
99,0.074698396,0.37570205
100,0.8345325,0.79450285
101,0.45654133,0.6094473
102,0.25091654,0.2850375
103,0.9999917,0.49485466
104,0.18649611,0.34872568
105,0.04397755,0.52049536
106,0.8563138,0.6209982
107,0.039614353,0.40784234
108,0.19092533,0.2789265
109,0.29572707,0.22089788
110,0.16887054,0.3999385
111,0.6124918,0.79924875
112,0.1293761,0.3563788
113,0.6371985,0.5484617
114,0.23209931,0.46351594
115,0.20252593,0.41415408
116,0.16961807,0.44960794
117,0.11110635,0.38460964
118,0.1039348,0.5058864
119,0.31788695,0.35936034
120,0.686872,0.8774071
