user_id,z1,z2
001b18de-e566-4b13-9cf3-33e22e32be2a,0.638296,0.27429596
002323cc-f7bd-4c3b-b3a7-d909a4b48556,0.5396593,0.38238546
0062701e-ba6f-420c-851c-a54557cad396,0.4608848,0.6715837
007fb7f8-afde-4779-8fd9-191083118401,0.7586232,4.740771e-07
0084be50-21a7-47bd-a21c-e917bb93969c,0.46817145,0.45316616
00adaa11-da32-4ad3-8377-bb6c69bf98c3,0.69365984,0.005414791
0179b686-baf9-4b09-a4aa-945877fd51aa,0.750049,4.5622778e-07
023fbbd3-abfd-435b-96c1-bb581dd8db02,0.7254563,0.09243546
02569549-0c63-41aa-ad60-a0a3a21b7ab3,0.43725398,0.7547274
027900b5-068e-4e98-aed9-a874b8dce82e,0.6353622,0.5173847
0293919d-fc98-4b97-bd3d-c196d7ff11f9,0.41825402,0.469255
02dd6c22-d1f0-4c3b-abd3-913b1e884088,0.67568797,0.16102326
02e91bef-d3bd-49af-92cc-6bf77da40492,0.7546719,0.16786161
02eaddd5-5250-4bf8-919e-39ddaaa499e6,0.7307048,0.00058636756
034e154f-8da8-4299-aec9-aef396f5232b,0.45865846,0.07056999
03570cc1-187a-4474-b1b3-e5d731ab0016,0.71974957,0.21760413
039cac17-160f-4f8c-a50f-623331319752,0.692712,0.11795665
03a3e2b6-565e-4c87-9378-1125af7d5358,0.52725136,0.42932558
03c4b232-87fa-4367-82af-287384d2351c,0.5480242,0.3185253
0442af35-cd37-4c14-b625-d71eaee0971d,0.7669142,0.07197711
04495bfc-9001-4d5a-9ea0-46b71a99c9f2,0.59854054,0.35145864
04602501-c788-4df0-839b-1024fafb7f88,0.60938185,0.5668716
0466178a-6444-4b79-ad6b-f523d9263ae1,0.48052362,0.504718
046e09a3-adfd-4cb9-a49f-aee27b76c12c,0.7785016,2.1291605e-07
049e4da5-c898-4f88-9410-8dbe8750419a,0.73438716,0.055421256
04bd6bf6-10b0-4b94-8c71-3671cae770d1,0.5012101,0.34941515
0515cefa-43fc-4e57-8f87-4e5875fba72c,0.54393566,0.02676306
051af5de-f5f3-43e4-aa45-8e3bdcf7c8ef,0.6265842,0.2831373
056a408a-d354-4f8d-b3c7-8363f6f09567,0.7551663,0.01581284
056ee463-1b34-454a-b30f-d194d6d76d63,0.5451154,0.37145707
05a5c4e3-6747-4f04-ace0-ec748a164db1,0.7971043,0.007850762
05c18e6a-e170-41b2-8309-42db74a9c3a6,0.65966636,0.25429004
064be15f-1d65-49b2-b53e-ab227db0b53b,0.52689385,0.44101492
067e4ae4-dd50-445b-98f3-19b9015b2534,0.7693372,0.0020968197
067f9378-a4d3-4796-a665-37d256de20f8,0.7871167,0.00027811818
06bec5ba-d8dd-4dd7-b26f-4ded570c8e59,0.5819246,0.37822548
0707e00a-599a-4d48-aa6a-30e1818dc20a,0.68868667,0.6983137
0717f069-6b0f-47ab-9aa3-b583fe04730f,0.643396,0.27528957
07302d4e-8bfa-4c2e-a7c7-4d006f940501,0.6786678,0.022732858
074d7be4-e434-4240-8418-038fe86eb549,0.7984156,0.12615722
07662e5c-b6d3-42c5-8ed4-34a3fb5509b2,0.41184676,0.7705032
076e5d0c-ed36-49d3-876a-82205c85f492,0.74722666,0.0019939411
076e86a6-9546-46e6-ac8b-2c74ad3be3dd,0.69078434,0.075545244
07ae7972-30ed-4a26-b4ee-7d3fbce5a009,0.7607241,1.6226344e-05
07cfd486-8319-4d81-b9d1-054a23e50bfe,0.5248969,0.47228375
08363ddb-f58f-4aaa-954e-16ba4e93117c,0.528733,0.30234462
083fb305-e34a-4148-9aa3-31fe67f69e95,0.50795394,0.294263
0870f598-782c-4fc6-961a-86dc5a83a98c,0.38554823,0.22480255
087dc35e-a567-45e6-8112-78ff797ecb3b,0.34501207,0.6511816
089903e1-491b-425c-b8ca-b2f82389c5cb,0.74955267,4.669832e-07
08bd23cd-3134-471d-ba4b-8d5a89e1c8b6,0.638317,0.31151256
08c7e0fe-c9ab-470a-8753-6ff979865626,0.61356634,0.000812765
08cfc958-9c86-4490-8490-6de59285dc72,0.6422786,0.11894909
08ec76a4-6b30-4df4-8f20-c0ed94e8ebe4,0.58082324,0.089548714
0920f2d5-5482-4e35-871c-2785a3b0b1f4,0.4232447,0.37040263
0922328b-974a-4a4a-a755-e0834cd1c87d,0.7181551,0.0051627965
0937e574-816e-4384-9487-c50a4c911204,0.8067598,6.5069764e-07
096dd395-2623-4c02-b5ad-12ac8b35023c,0.68839633,5.572925e-07
097b0e46-0f4f-456e-af66-4621527f0449,0.77581626,0.060152028
0980ef58-2a33-4cb3-8037-e37250a54273,0.62833333,0.9429802
0a18292c-6e0c-4e8f-8402-c86fd97ad2eb,0.60753685,0.03939072
0a2aaac8-e756-4954-8bfe-a3aa2fcd6fe5,0.41032702,0.68576336
0a6ef30e-74a3-4a6d-9f25-871bc8f2c6d5,0.7685987,0.36023137
0a750f18-8477-4069-a864-cb7101c97716,0.6727527,0.18127601
0a92582e-9df7-4f18-a6b5-179466766152,0.67163336,0.13780922
0a93644c-7805-4940-87e6-edd40f09ad2f,0.7278691,0.0001813593
0ac6f4f1-f240-466c-97a8-8ba317b6a67b,0.7849991,0.05310082
0ad3ae21-9e4d-49ff-a856-89d92bffb629,0.76328737,0.06813836
0b04fe91-2ab3-4ff9-a1db-920ffcae6cf2,0.5218007,0.2535863
0b35e8fa-8b33-451a-afcb-31f8504fff0f,0.5969648,0.14009604
0b5afb91-f536-4555-9a11-7ca4a1ba32e0,0.63359493,0.18213747
0b7470da-aa56-4d4e-9c67-2fe66d907085,0.6655885,0.05768179
0bcbb6f8-3cba-47a2-b447-a32432da5887,0.74069333,0.00014536535
0bdfa4e1-9bb9-4134-a248-a1d3856f295d,0.60357594,0.047127377
0c021f8b-53bd-4baf-a67f-90cea7f344dd,0.5633767,0.2899844
0c13a89d-93ca-4dfb-9a01-9c816ecff7f6,0.5696902,0.34830493
0c38ce63-c52a-4c9f-a2c9-fc4315a4b7af,0.6777073,0.13806012
0c6f0f73-a26d-49b7-8fb8-c4f048694853,0.62266135,0.18222396
0c8641b8-a520-4798-b476-1951cd7431a7,0.5363725,0.36434555
0ccc92e5-92b9-47e1-b47a-a046d4a717c2,0.74392754,0.15000649
0cd37c77-7874-46d2-b5c3-ca1c1b2fed81,0.56124574,0.3731429
0cdcc760-83a2-42c4-a272-0e52b0fc0c9d,0.6147683,0.0748359
0cdf91a3-a77c-4245-a28d-114bb5399eaa,0.7841088,0.072512574
0cecb9b2-5c13-49df-8443-4da7e5855524,0.5608303,0.5414395
0d1cac73-8e2e-4d63-9dc4-a1d9601ee9e5,0.7749737,0.015692893
0d22a2ff-945a-4e6e-9326-785f7d002655,0.5869589,0.07521321
0d2b1400-292c-48ce-9452-27411bc83dec,0.3906313,0.45454907
0d343858-95d9-43d5-8e12-814e58861355,0.74807066,0.00016426988
0d5f48c0-e070-4820-bed0-2121bd604f9b,0.54153156,0.52051306
0d7a28d0-c1eb-44e2-a8e0-c4ec8334ef59,0.76769245,3.2378207e-06
0d7cf515-b55f-4c26-a562-5fadc6f62ab5,0.34333953,0.7199747
0d87bc12-9839-495e-87b0-37b4b54922a6,0.59004873,0.4480062
0d8be28d-5976-4088-a226-99bd2a0d87af,0.59988666,0.36539263
0dd25d90-9264-4a14-930d-685fd88ed9f4,0.64049083,0.458529
0dddb72a-3cd3-48bf-b710-fc4302cac9ee,0.6155741,0.52805424
0de92e8e-e4d7-4e9d-8216-672b1bd48d47,0.7630016,0.001755311
0e15503f-5a6b-4ff8-bed0-ca4be17721ea,0.36030537,0.48990077
0e21fb82-c453-4a55-a569-33af42fea203,0.5698287,0.37916753
0e248924-6108-41e4-b425-32e62721f3eb,0.62628186,0.26149055
0edf6745-ba16-41b6-ad2d-31cef211638c,0.6232154,0.19057465
0f501d15-8dd6-4f1d-a70e-ed445f9cf09b,0.78743947,0.007689904
0f52a195-c7e0-46c2-bc78-3939a03a86d3,0.89557606,0.2680609
0f53c2ba-df31-4cb5-8369-3de7ba91fee5,0.57553256,0.3233216
0f80d919-fa8a-47a0-b90e-cd5c9e4f7427,0.7695653,0.006324578
0fc1aa68-44fe-4f54-9f18-a67597537053,0.6099439,0.32408312
0fd03001-d747-4999-91d7-2a4dc7d14022,0.5083599,0.72350436
101ee4f0-de5b-446b-a52f-b87af837e31e,0.73074275,0.0026915672
10408074-49ec-41a3-a4d2-730ff9dfc605,0.91860443,0.000481239
1092447f-207e-4fa3-b483-b51ab64a6b03,0.79265946,1.6033707e-07
10b4f2fe-2bc9-4b36-bff2-503be20eecaf,0.74569434,0.29624826
10baa518-7096-41f6-885e-32dbca299a14,0.6802511,6.8285186e-07
111ff1ba-943a-4601-a86f-21a907ed14a1,0.5607115,0.38960338
1121a4d1-519c-46dc-b212-f12db2ef3981,0.58114415,0.17949803
118fed35-ddfd-402d-888b-88bb3bffdbd0,0.70028925,0.094413795
11ddd613-66a8-4c2d-a130-127e14483a20,0.7379385,4.4099736e-05
11e1414a-ab49-4387-af71-ce6fe091aa41,0.6853713,0.2895666
12422544-bd45-449d-bfdf-1558927b4683,0.56289005,0.0015181446
12455d6a-d93b-4796-b339-d140b177ddf4,0.5052061,0.31720394
125c1222-490e-4bf7-ba0e-23b109a3c8f0,0.7620566,1.2901165e-06
12649b7c-a062-476c-bbd0-bfbfa00d495c,0.5113703,0.56261575
12996da8-3aca-4560-b503-bf453918f94b,0.67562455,0.2899087
129ffc86-23ea-4a0e-84f9-31ee155b9191,0.47314546,0.5543819
12a84e60-ef9b-4dfb-a18c-ac6e50c5cec5,0.7975602,0.20365351
12b4bfc0-e7e2-4749-b72b-91dbab5b00ef,0.63780284,0.33472103
12b4f9c1-13e0-4e31-9e97-d19cbd6e980f,0.52641267,0.6072424
12d59abc-4390-4583-81a0-bed090fcb351,0.6919344,0.14532565
12facc33-8b44-42f2-acc6-59c463b7e553,0.6051044,0.2946584
12ffccc5-3a0b-43cf-9bc9-546ea0f4f61a,0.6683267,0.26856378
1328b8ca-4b8d-4459-a5fd-9a698bb60802,0.5803623,0.6039145
135092a9-5358-46b8-bdfb-36bea457a721,0.87945086,0.040124282
138f79b2-839b-416f-953f-1b7b83825c8d,0.49474186,0.5325193
13bbd41b-06ab-4dcb-b256-1c15aac1d3ba,0.70514876,0.43275324
13d7bfbf-f6d5-4fdc-9929-83be6d3609c8,0.55870426,0.33447194
13e10bcd-8c2a-43f9-a2f5-b9707ea969b6,0.5491377,0.52866846
1442f43a-2591-4244-bc98-931e4fd3169c,0.69760054,0.034809444
1493c4ad-26e3-4dc8-98b6-be438e8c7604,0.77501804,2.9759147e-07
14bfbdc7-8068-4db7-98a7-d2e88bc8da63,0.37356922,0.68912786
14c2d94c-d58b-4335-9515-307a53dcf81d,0.7308172,2.227687e-06
14cb7e17-1636-4c50-abbf-f0eb9ede0943,0.750909,0.03316728
150267c7-370a-48a6-ab17-f98053664f3b,0.54650223,0.57218295
151c7e3c-925f-4a09-b838-66464a263fe5,0.7071531,0.027517745
156ff2f8-d985-4a76-8f45-5087b2e2a7c5,0.7237595,0.25554997
15785023-a696-422b-b1d7-bbedf6a754b1,0.68740374,6.79836e-05
15be6313-14d6-4f79-87a3-3ed2478e01ac,0.5373155,0.43638125
161aba10-8be2-41c6-9d93-0565b83a7268,0.600828,0.7461278
167fb1ca-bbf8-438f-8e08-4cdde8a53e33,0.4777593,0.46201313
169618db-b4d5-4fd2-8a3b-0796e930e5bb,0.7432115,0.00039817573
169aea74-7a54-402a-bb33-c7314886d820,0.3670226,0.14876829
16c89435-7a0b-428b-bb15-f0aa5b22549d,0.7951334,0.00048634788
16d47b60-507a-42f6-bca2-2eae7fef98f1,0.40596926,0.21603893
16f23f56-c6f2-4d82-b45d-2df968d90208,0.601451,0.20382158
16fba126-2955-435c-a53f-38f1ac347af7,0.3467442,0.69474095
172e621c-b563-497c-a71f-5428f7ac34da,0.827355,4.5757693e-06
176d75ce-e3af-4b05-8d29-95bb4ed3f3d8,0.7216103,0.3161362
17905a71-06a3-4395-b287-04006773ddd5,0.46329597,0.62004346
17a79872-e56e-472a-a85d-1b2769c3af93,0.6418823,0.00018855567
17f77f39-22bb-44ba-9581-af2f583f2fc7,0.652737,0.2607329
18106f4a-db81-4927-8a59-7d79fee631d3,0.6617476,0.20546834
181ee2fb-88b5-4113-bb90-8647aec90568,0.66988355,0.22416687
1875a880-91be-4a67-a04d-2fb9ce8e9679,0.1952768,0.17530406
188b5347-a6dc-4e46-b839-5819086f6429,0.9064743,0.4064485
189e19cf-9562-472f-99f5-85311538a274,0.56858194,0.44742575
18b735a3-a996-4e86-8fa4-f2d0d5b5f9f5,0.74438614,4.134401e-06
193b36ce-0717-433a-845f-dcc7e8b2b4b6,0.39784747,0.5197997
193c8d34-e355-4ddd-b184-e9e20654fa71,0.7192152,0.0037083188
19468aad-910c-4407-9350-96870beca7c2,0.7619446,0.10483014
197adfc7-fbd4-4214-aacb-1d1b11f86ac6,0.7834048,0.00019017328
19aeb8d0-1176-4f6b-af21-c8ad74f1ba71,0.57226515,0.25695834
19b5ff72-dc98-41d9-a782-c432d77c6ea3,0.4211877,0.019134859
19eb1ac8-8269-4968-a6e4-88aeb4b3fa21,0.6897444,0.21584727
1a071f74-a0f0-4d94-9867-fc4687cf71dc,0.6856514,0.20665652
1a0837d4-bf54-4b37-a09f-b514b16ae1c8,0.684578,0.2502277
1a38127b-b577-4a8b-a0e5-38010a8dadb9,0.5948387,0.28894278
1a4f5cc3-2c71-4d06-89b6-5effe2e9701b,0.77176815,1.0073337e-06
1a7dc683-7893-480e-8a29-d5a758a88437,0.71555585,0.35068226
1abe7f79-b2e4-4a13-932b-e54d175d1971,0.5826873,0.33035877
1ac64138-a96d-4008-af08-95c9ea497ef3,0.7320023,0.12394246
1af52771-9f37-47f9-a8d2-82dd48ba93a7,0.6106518,0.20352568
1afeab10-820e-419f-91c7-22ea95a36a99,0.6798814,0.29339698
1aff0d15-9280-43c1-a3a1-8c874a49c163,0.34480825,0.24679019
1b451722-82c0-4095-9ede-c87174e60f32,0.80272615,0.038855724
1bad6b29-5550-472b-a8cb-28c2be7401c4,0.576424,0.3618458
1bd2b9c1-77e3-4515-a577-a7f552b74d64,0.65864044,0.10111497
1bdf8b87-c4cd-45cf-b408-6e2a700de9af,0.60524255,0.17743322
1cb2931c-ea39-40bb-9178-cca77b461409,0.19797373,0.22926497
1d1680be-fe23-4a66-8fa2-86b5fdcf99f1,0.76804876,0.20244631
1d351d00-7b1e-4878-8d0c-5cb6af79f248,0.55439395,0.051079396
1dc71f4f-3020-4cc6-b079-1fc14d03078b,0.6240076,0.23033477
1df38e1f-9a87-4a85-b353-f320f2774728,0.26849675,0.9843924
1e49e7fe-5f89-48ac-bda5-adbae593be62,0.71281815,0.00014883422
1e64807e-3213-40df-9986-901548733ce6,0.31468526,0.3137684
1e765ffe-853d-419d-9eaa-680124c0a085,0.5201737,0.31193453
1e769b32-7f5f-42ef-83b7-bcecdb4a62eb,0.6937092,0.38204604
1ec5c67d-a6a5-4a65-a774-6aafee255c3e,0.7619901,1.6898106e-07
1ecba9ad-ccf5-4257-9a7f-b37bdd104584,0.5321741,0.22497408
1ed4455e-5922-46d5-8e15-c0b07beda0f9,0.32268903,0.7762667
1ee062d0-898f-4278-925a-83c1c9b58016,0.7730941,2.7953356e-06
1f29a4cc-1a5d-47c0-af38-b1650aa8a6e9,0.48733154,0.574967
1f60bd6e-1173-4fce-9db7-9b7a1f65e06a,0.5582252,0.23825796
1f6b7863-aad7-4825-8729-8c8e6ab90346,0.64858896,0.18253416
1f953782-590f-4c0c-9878-af98177b50b4,0.2964285,0.6898566
1fc39339-a794-4a6d-be31-7be9fa28d992,0.64396703,0.092016086
1fcd8095-d416-48d7-ac6b-7bea8193f1de,0.50424564,0.21858677
1ff0b18b-d785-41d8-b658-2aef5839285f,0.4859319,0.6194911
20009ef7-7959-4e1c-b8e7-03debc4cc6d7,0.49941945,0.49228868
2018bc75-14b0-4bd3-9d60-e02ecba694b4,0.61404777,0.03879358
20548e1a-9b79-4e10-8693-9129bf78b4a1,0.7933895,0.0007037333
2082b593-ede6-4d5a-bcdc-bda8dd125a78,0.6871963,0.10081649
208ce6a6-da3f-4e39-849f-b08f01d5128e,0.6248143,0.23586863
20bb90fe-5c2d-44bd-b215-38ee2efedee8,0.47201374,0.55835646
20f5923b-49af-456e-9eb5-ac51e8bfa613,0.7994309,0.003019667
212b46eb-8198-4607-a5dd-7012beea067e,0.6049236,0.26695636
214971fe-4475-4063-be13-3cf8bb0ccb59,0.5280867,0.206682
216deb72-9745-4493-a9cf-f603ebd25177,0.7218927,0.23541673
217570d4-e3e7-4851-89d4-883067358c67,0.7718032,0.42323515
21af0eb3-d9f9-4a2e-997f-cb7fd16b7258,0.38848358,0.47790644
21b2788c-9ad2-4225-87bf-617a1c4d5ba4,0.7417745,2.25925e-07
21d77983-f472-42eb-a11d-b12744dda4fb,0.15485977,0.38977817
21e9b5df-bb11-4e48-9f41-c02b241dd6ef,0.6356888,0.1529556
21f7d28f-cb3a-4d39-b53a-71a6d67a5009,0.3328885,0.8476711
21ff1e60-1d8c-450c-892d-06b2aed85692,0.28798738,0.85685945
2213a47f-7488-4c7a-bcd8-3eb3e098652c,0.77294165,4.909396e-06
229a88af-8fae-4d76-930d-45568773e833,0.7782377,0.00013793228
229b75d5-075f-4d83-ab18-290ad21bc002,0.65401125,0.25169218
229e6fc9-5352-4ed3-b8da-db13aee404a9,0.651451,0.3243286
22bdaf20-5a79-4f4c-b7c4-844165a38628,0.6315279,0.29199263
22d9f97d-e5dd-4dfd-a6e0-c93bfbd31568,0.69330937,0.18252443
22efd5f6-41fc-4117-93ca-65db1a998678,0.43222427,0.62315524
2301d117-d415-43b6-bc12-e86322d42eda,0.51340777,0.35237652
2320cba9-d288-4fed-8b4b-f95174b02bce,0.44790247,0.50046766
23262108-9daa-42eb-b54e-035809e1a90a,0.54870087,0.3820763
2343a221-14d4-436c-a177-f74ed31e7691,0.6191536,0.08342674
236384fc-fb6e-4020-bb9c-00cfa385ccbd,0.81139266,0.018371541
238becd1-c66a-45f6-897a-af2fda969fbb,0.7764808,0.03941368
23a9ab09-f72e-4c0d-afa3-01e4d84fbddd,0.6386161,0.10273424
23dc2d73-ff4b-4b6b-b4fb-35380d616e18,0.6706174,0.46611917
24173b92-579a-4c78-804f-0e3b89ea7446,0.6542128,0.109982446
24a241ce-de5b-4454-92e0-383f90e5189c,0.5077385,0.35555246
2520ac0d-d56b-4020-95d0-e99656323ccd,0.5983633,0.3299714
25838986-25ab-4caa-a2ab-7ba06f2724c7,0.76678455,0.020958487
2583d324-1bc2-4f8b-b73b-0fc3c0acafef,0.7655112,1.4435449e-07
25d57e14-c9d6-4e71-994b-5dcb44fd6e3f,0.07936883,0.3771429
26132878-4b38-48ef-967f-efd1a07f9af7,0.5070153,0.038488932
2616c719-a4a2-4d2c-bbb6-7c973fe5e823,0.6769701,0.03172433
2651ae16-2deb-4724-aea5-045f3a915271,0.5992201,0.27978072
267769e6-53fd-4135-8f26-22d842a17fe7,0.6108658,0.17390648
2686b864-3249-414d-8a7f-3a9a9ba7ff91,0.41730872,0.3888817
269c347a-e34a-4067-965b-a4e650d384b2,0.4741862,0.40630418
26dcd458-1674-484d-b6f8-25150c9c384a,0.5492234,0.3024702
271c3590-fa00-4bba-a69c-17d7d17230d7,0.56627536,0.16917317
2788da19-59bb-4f01-92a9-17beb3f7292e,0.7215833,0.0020809844
2791971c-488a-4f36-9293-fb8775f538b6,0.4384798,0.364496
279dbc6d-08cf-436d-bc6f-4e37f3edebcd,0.7869659,0.005980971
27ceabd9-0275-44cc-8297-4d45af737b5e,0.67863894,0.24755849
284a88c3-405a-4659-9ac7-9ebf6d2c6972,0.6395087,0.2877206
28910c2e-85b1-4124-a1a1-f915d933d492,0.67583984,0.3242123
28f72dd8-19ba-42c4-a0f1-94321ef8c59c,0.61563665,0.22695948
2934c758-5e2a-45ca-b41f-dcb356285f45,0.70781904,0.043848958
293bde89-5622-4002-afab-0b5bbe15e176,0.3976113,0.64274967
293d6c0c-4057-47aa-b3fe-0f0895981da2,0.28967345,0.7433582
295984fb-4342-4796-86a4-f312619312ad,0.5465609,0.40409753
298ff72b-4a8a-482b-83b7-184f671e14cb,0.65780383,0.19406606
29e8503b-49a9-4f12-849b-7f2272ddb362,0.74396807,8.4996245e-08
2a0c9113-09ef-44f3-af6b-2df946e47d36,0.46589702,0.71858424
2a5ea8c7-4a81-493f-a949-18a98ed48fdb,0.2957526,0.99965394
2a63c1ad-0229-4da4-8fe8-8607dcf35218,0.63427657,0.25651327
2a79b8b6-e884-4c20-ba2f-f71dd9f86767,0.7694634,1.108531e-06
2ad39aef-2ce1-4f84-ac90-f6c934145c88,0.7738842,0.0005457345
2aede9ed-d72e-48d6-8d16-8c058a5838f8,0.72349584,0.17076474
2aee21f3-124f-49cc-a4bd-f941f89e2732,0.6346236,0.27525786
2b24f4ae-cc05-4322-afec-1b85e0b34722,0.7637286,2.43566e-07
2b353f8f-8ea4-46e7-a13d-2f7caf8e7d99,0.7919927,5.707008e-05
2b5aeb19-c50d-478a-93da-3ee64e81b0dc,0.28829804,0.11897721
2b7dd418-7263-4c5f-8978-8021e9b3469f,0.74087954,2.3891903e-07
2be80eac-4b91-408b-9ac4-2e8e53786088,0.58002436,0.18826099
2bf85102-e637-4b87-a47c-fbb23767fa47,0.55902976,0.07405986
2c0a44a5-655b-49b7-a240-309c332bd642,0.79107535,0.38987678
2c1c9180-6a55-47b9-b563-96ce2538bcbc,0.78449273,1.858077e-07
2c61940e-1a39-4716-9dfe-b194207408fe,0.38485253,0.6142046
2c878438-56e0-47dc-ad64-1385c0506229,0.81856436,0.109806895
2c8f03dc-185b-4c5e-b711-4e1bd262bdb7,0.70617807,0.0006654413
2cabf6a7-503c-4003-8a6b-68ef5d64c068,0.56817067,0.14286071
2cf83465-a22e-4eda-87de-abe875c4b8e8,0.5691918,0.11091438
2d2c114e-730f-43a8-a2b5-e6ac661cd941,0.41304228,0.62805784
2d5e0e1a-0f5b-44f2-b7ea-155e41df447f,0.6906165,2.6720365e-05
2d632a18-1121-4849-a25c-98c41ad4b7c7,0.78232235,0.027540473
2d7a3db7-7fef-4840-a18a-331a47a31f1d,0.5622041,0.3156106
2df88510-2478-4d11-bcd3-53c78a7d886c,0.779156,0.3745729
2e0d347d-9c07-4865-919b-cd1716009c39,0.7575111,0.00032254227
2e19dca4-f4e6-4372-a1d5-c84c8d19f629,0.5963131,0.38000184
2e1b2188-ff69-4ae6-aae2-df3628b68138,0.48173112,0.32296595
2e3d2983-ae61-4efa-b6d7-111995e8e231,0.6408474,0.24084724
2e4916f1-3b31-4678-9432-e8c9f30fc317,0.3381242,0.4023785
2e588512-bd94-45f7-82d3-415db49f4efe,0.53148276,0.45645866
2f0d51b7-0832-4cdf-8322-2e7bfb3cfc79,0.52092,0.5346279
2f1388e3-6322-423f-a533-7ab65f75b4b9,0.5840823,0.2789365
2f16cc5f-f203-4339-b9cd-3bac0730e757,0.4430324,0.5239142
2f37574e-8b09-49e1-9220-45565745ffb5,0.43415323,0.5391677
2f9b45a0-d6e2-4fff-ab55-0770d56d147b,0.8309924,0.19990726
2fafd081-e945-42f8-97a2-07128993e981,0.69417,0.09912975
2fc3f578-3939-42a0-802c-a801b4715f7e,0.65780604,0.14043248
30185dc9-f31b-451c-a82e-6e0fc8e7150e,0.63890254,0.22727343
3044c748-3dad-4c1c-ad0e-cf3d63a9dd90,0.44576842,0.80569935
308ea3a1-cb6e-4df7-9d8a-0aca2eae2166,0.7276327,0.27460688
309038cd-3b72-468c-a6c1-cc368fe05d38,0.41836742,0.7199366
3096b130-bc76-4de2-bc5b-da8c7f06873c,0.13039728,0.85908854
3097a05a-521c-48fa-8ab4-9b5fbe80493e,0.5538338,0.28270662
30bf071e-ceb0-4d2d-854d-50cc2a1a7c7f,0.48441517,0.30360824
30cf2f4f-a9e1-4290-811a-0658b7697848,0.6576533,0.022444777
313c95f3-c486-4d4c-bfbc-aa2c8aba481d,0.42333817,0.52261037
314808d1-49fc-4daf-9bcc-05c8dff7e0fe,0.41754013,0.78534716
31726c48-a10b-4cd6-a694-0f3e4ab381e1,0.4585631,0.638548
3173511d-0026-4ec4-bc87-1758178da7e7,0.27967975,0.49203262
31762ab2-29b1-4086-9190-ae0e65e0d54c,0.8447919,0.018616313
31772bec-ff21-40f5-a9cd-4ce73be79f2b,0.57793546,0.2401671
31b592db-685a-4a84-a1df-0982cd4eab72,0.25041118,0.40193066
31e4251f-b233-4ed1-b53b-8871ff8e7b18,0.6643204,0.05150292
3221003e-f608-4a25-ad03-8d1cce2620bd,0.70918787,0.41342258
32307a38-22e8-4810-9a9f-88727f594428,0.6362634,0.25070736
32387c72-4bae-422f-95a1-8bb46f0038da,0.45933592,0.51905924
324d3151-7805-4d00-945a-316a972eb294,0.4220466,0.52646166
3256031e-957a-4be7-bfd7-3255d2e14074,0.4612321,0.30614185
32849221-8598-4d2f-bbe1-d57aaefca293,0.57937956,0.3665449
3306430a-e964-475b-8775-c7c1ba735d02,0.574447,0.22565438
33264053-2d18-4f55-98b9-0a2f7e3eb469,0.7207769,0.0006734494
338c38be-948e-408d-a719-f9c7cfe46c98,0.38167945,0.654138
33f07309-f23e-4d79-9998-4bceda3b4c06,0.73982596,5.1405486e-06
33fedeb0-ab40-46a3-bea1-00075ca32fbf,0.5651639,0.065368384
34402ff1-afe9-4c43-b413-8f7a071dfdba,0.49743834,0.3892804
346ac929-db32-4bf5-a9ad-26497273b14e,0.78957725,5.190893e-07
34b0bfc1-a6ee-44ef-adc9-d625e9bd8f84,0.352845,0.8230771
34e34500-2e89-4df4-95e4-8ff55a1ad6e7,0.7333757,0.12636968
34ec6dd1-e364-40ce-a417-97f786a644c2,0.7190633,6.626602e-05
34f9d271-16d7-465a-bbc3-f97c7f6c9b1c,0.3967775,0.07335228
3500e445-e630-4117-bfb4-a358805ffd85,0.68463844,0.0890431
352e39b5-6b45-4516-b950-a0891413951d,0.57548165,0.08699109
353a7e89-53b9-4fd1-80eb-3b7650aa7b38,0.58138764,0.23064762
3575fa00-8160-487b-84e1-219570159f21,0.5966528,0.44480678
3578b398-0f52-453d-8700-0b00f99e0623,0.58835703,0.049751174
357eb073-c747-4241-9a2d-3ea491a9918d,0.76471984,7.248028e-05
358b3522-ed7e-423b-9042-3a84f52170f3,0.54376763,0.42980677
35cee4dd-5b59-409a-aaa7-481ec6bcaf7c,0.76298183,0.21536176
35e4c81e-5eaa-472b-b256-f78fedaa1a76,0.675941,0.0160245
35eadb4c-0af3-491a-aabf-fdc127fd833c,0.25044844,0.29500288
36200a2e-15fd-4f2b-9afb-52d409d774df,0.6112228,0.3247722
367ca6cb-2b84-48f2-8831-67186fa4e97e,0.69474745,0.17760397
368ed794-3496-4a94-818f-ae29abd2312f,0.24579248,0.9978944
36a109ac-b9a7-4101-9527-355b453271d1,0.7087046,0.024815526
36a851bd-e246-43d4-9fcb-11250da3d330,0.59584486,0.6669936
36e3e38a-3544-4734-8662-92bc53d8cab0,0.7151664,0.019263184
371bba88-fcc5-439d-8d50-ea7591b0f3c1,0.70956373,2.9165412e-07
372cafc2-9e86-4052-b04f-834b93214883,0.7492257,1.561532e-07
3758a41a-2a49-4d58-8996-cbd6ab8b6414,0.4626794,0.32861093
375ae8e0-6847-4877-9d83-253a1239b467,0.58611894,0.4134166
375e746e-0ebb-4248-81a1-9c1525fd342d,0.50576407,0.37434185
378cddda-ec35-4d43-8692-1247d3545fc2,0.46169552,0.30304503
380814e1-5716-4850-b2e9-db55c7e73f3c,0.537072,0.4294399
380885a8-070b-4038-ae11-92eea345c340,0.29167643,0.5368176
38a4a091-9a83-40fe-8937-0eb7f6d350fd,0.6428394,0.004906369
38b149dc-1b08-4263-ae4d-3d70c4907260,0.6588099,0.10690017
38b359c3-3331-4e07-8b91-bfe04ad417e4,0.43808934,0.29370353
38bb6db8-7995-43e7-8461-2f5749e638d2,0.5869693,0.9853305
38df06f2-0460-4482-a552-ce25316ad6ed,0.76249886,0.20701107
38f09e17-225f-4d0f-add2-3a780faa9c0f,0.42545244,0.52794343
3919386c-aa12-46d5-96c9-f63273bf6956,0.58664125,0.2638341
392d4772-a3f0-4ea2-808b-4bac3b63f35c,0.64587766,0.4319731
3958a5a6-e99a-4332-bd92-412a6f27662f,0.5333787,0.39969328
397213d2-2422-4c91-bd5d-4c41b6e2c91f,0.6574885,2.7239494e-06
39817d5a-2849-4f79-8a9a-4e277401ea0c,0.6813276,0.06819327
398fb4a6-6af7-4ed6-bb37-4a7907376e01,0.605143,0.35941085
39922eeb-4199-4a0e-8a91-5c4b34c30670,0.4620908,0.46561345
39ce2d24-919b-469e-bba8-58a0c6a7ac0d,0.58928716,0.37355477
3a0ceef3-1fa1-4b85-b4a5-0897aca254a1,0.37528574,0.56051224
3a7a60cd-29ec-4d59-b236-56d2ba9de7cc,0.75215816,0.54115194
3a9109f9-9e00-4442-b92b-3eaf10df8822,0.7922533,6.111355e-05
3ad2143b-545e-4859-a42d-123a90b18126,0.35366976,0.35901356
3b1b7575-3604-46d0-b8c0-629c6dc3e0f3,0.62143,0.12223614
3b2dbc50-add2-40aa-8162-755cb1565bf7,0.61074597,0.23176739
3b4df83b-ec38-4af7-8458-cf3cce157c93,0.39780632,0.7233806
3b589ec8-ef60-4eb9-9121-a8a91e548260,0.6059047,0.14844088
3b8645ad-a26f-49fb-8408-7ce136085587,0.64907575,0.09755185
3ba6e4e8-a376-42d3-a039-f2b2e7671f42,0.85786664,0.00020071576
3bcccd5b-2683-4a12-8399-b2eb6976b09c,0.7014717,0.25418058
3c1fbfc0-c97b-489a-9c15-8448589d93c9,0.4398148,0.65832186
3c2cc491-ed8a-43b3-a204-90aac7d6c949,0.7517794,0.51713866
3c35df63-02d0-45a7-a350-0ddfc5e9b93c,0.49530888,0.48836288
3cc047d6-5ec9-46b7-a713-3e44024b1f26,0.6363921,0.2240937
3d2ee013-1655-454e-ace0-c0870b4adbe4,0.7683077,2.9126409e-06
3d37026e-214f-4559-885b-f16e3e7eb008,0.20009637,0.9122366
3d407479-f739-4f8d-b441-8f8bf6067e75,0.69737864,0.110678695
3d4abb71-1350-4010-a609-d0e53e69e2d1,0.35115144,0.4465326
3d557e7e-87cd-4d46-9782-457eda069f58,0.36574054,0.3483608
3d7f7028-5a1f-4ce2-aa0f-9c5b6d515dc9,0.3718234,0.44677594
3d8e2665-4a32-47dd-ae39-00c5c8c37d44,0.33122957,0.6341305
3da7f46b-a991-47e3-9e47-8a0d6b72fd05,0.7134677,7.238786e-05
3dc1617c-c56b-47f4-b489-30fc89cfe1df,0.7432246,0.06428763
3df50bf0-3caa-46db-a775-4612395f9d46,0.5548005,0.3474104
3ede66ec-afe4-4570-a2e6-5250774b3c0e,0.7346132,0.123789765
3efe2d9e-9b68-4328-bbc4-f8155c490d5e,0.3825064,0.20536904
3f3022d5-93cf-4e41-b1e9-d5fd4cc33a10,0.61633915,0.27079958
3facd144-a0b3-4b20-9d40-65146b715430,0.616828,0.32601988
3fb10053-be17-4622-a328-60d5d3bd9693,0.74807125,6.1101684e-07
3fca9972-0ec8-4a7a-83ef-0cea86f60dce,0.6358303,0.23644587
3fe1ec3c-1787-428f-a3fe-d271ea7a68cd,0.5310671,0.3144481
40154487-40b9-4644-a878-f0910e080bdb,0.36795267,0.7971683
40455095-ffc0-4a2d-8b28-f0ce053ca3c7,0.54170525,0.4960457
40794fa3-7bcf-4201-8242-0cd90b2779ac,0.6928105,1.5740461e-05
40ef81c1-ed28-4beb-8e6c-dfeed8a6dc32,0.7167099,0.029897777
40faf67f-9265-4d61-908b-556902bb3406,0.4826146,0.43402156
411c953a-d9d8-41a8-8a30-38f27410f16e,0.6677239,0.27526358
4130fc80-470b-4003-bd60-b3f81b3c4463,0.45397905,0.36908314
413e2274-fe15-4cd8-9924-6b12182f5208,0.45821282,0.1422857
4140523a-ee21-4a57-abdb-50d5f135971d,0.5000003,0.39199525
41a0eea5-7c42-4cf5-8845-660e0678ce06,0.58583534,0.7883799
41c57f72-728f-456a-af14-e25961c5ee12,0.47572464,0.5868252
41e3bf3a-e792-4521-8d3a-8f974f329345,0.70070064,0.00018063617
41f2feb2-1a17-423a-95c8-a5c63696c528,0.7033255,0.051595688
41f49a2e-567d-4c0f-b491-3546662b65b2,0.5383493,0.5469406
424b746e-c2cc-4f0e-9058-7935b916c3f1,0.48793328,0.63667613
42a40a74-4e3e-4fe5-a305-a6d623f76a3f,0.7902914,0.052435476
42d4c2c5-3c88-4b76-b99f-70216d9d7c14,0.6459663,0.05628578
42ee6be6-5ba9-4690-b40f-a5db0e3d2571,0.8188213,1.8683102e-07
43835e22-c5d6-4961-a715-b68db9bf7e4b,0.57797825,0.7947055
43c9eaba-aed6-4857-8bca-28537e744db8,0.47986346,0.43490317
44073c4a-fc67-4331-8f1b-735e6adeb90c,0.6888255,0.17621274
4491cf54-ec0a-4cc3-8dc1-f11e292dc030,0.3791128,0.63586426
44b86681-72c6-4266-afbd-a1843f5ff429,0.79243773,0.0017569471
44c2e3a1-af5d-4792-ad0f-21159aaf8a8e,0.52967167,0.44377866
44f196af-5482-4af6-86d6-f898a35b8f27,0.35830048,0.91288465
452cc24d-6888-43f0-b977-ce13c995840f,0.7237021,0.033393938
454bc570-0679-4273-a985-4aa86a1cf8cc,0.7706477,1.803478e-07
45821a17-ec69-4159-8b65-260a0efff798,0.48342115,0.51199
45d7947e-2168-41d6-ae2a-fc5da619bf3d,0.7594921,1.0693215e-07
45f0c630-9df4-4f21-9168-8dca32656668,0.30060655,0.69699323
45ff98f3-cda8-4825-992a-4e191c14c2e3,0.8253063,0.022348404
46116734-6c56-4734-aef2-b97f3c762ab4,0.4770095,0.3888287
46215918-f9fc-4885-87fa-72ad76253af7,0.4641474,0.46435037
4649a0dc-3895-45c0-bf5f-db3fd1992c53,0.71095777,0.0043763886
4653f0d2-3de4-4137-831c-883360c42170,0.66920805,0.058087073
46d4d1dc-e553-49e5-8b17-ef615594a584,0.6650781,0.5283509
46de1209-8ca2-45bd-919e-d5835a9c5a95,0.5459095,0.21810815
46ec2872-40ed-43a0-bf81-09fa31d74a9a,0.6788435,0.115638874
474a4fe1-973e-4aa0-a980-d882c268e0e9,0.57404155,0.2848248
47a3e29d-0adf-4e36-9986-419947029d9f,0.77044165,0.1718112
47e1befa-7830-4da4-bd75-7cdfb8575bab,0.52379334,0.20602158
47fcd77a-bf81-4f91-933f-3ba8152c485c,0.6022412,0.1929522
480bb466-5a48-4227-82ec-d3f443be1734,0.6926033,0.37441403
48243d8e-ab20-4379-b9ba-ba76c4cde2f3,0.6134542,0.24992023
482b5d2d-19f3-4096-9c7b-a075cf991c5c,0.68150806,0.060150646
48420e07-2774-4422-b22e-b16c8d263ac5,0.64594996,0.22625847
48ac6300-ea25-49a4-b3ec-db1cadf26092,0.5432404,0.3292782
48e06432-0653-45ab-b023-e8bb142510c9,0.69015104,0.22424027
492443f3-e63a-4588-aff3-8a7ac0ba9b5c,0.35680804,0.9410478
492cf934-9edf-42de-9de2-11cd585e70a6,0.7654357,2.6385467e-07
49450740-6e25-4604-9fe8-23778236f9a3,0.69677854,0.1401997
499da591-7e27-4635-bd20-25d2050562b9,0.71087635,0.0005849478
49d95143-499a-469c-8844-9fe9f53ce58b,0.67562807,0.40776473
49f09050-4dac-403a-be98-e4b31447451f,0.6813337,0.3912671
49f690ce-3a41-4d42-ba87-0750005fe5bf,0.5301458,0.37978548
4abf09cb-c348-455e-b21f-5b380446aac9,0.69180197,0.03141069
4b632271-c574-4620-aae0-fa766dd23edc,0.63961697,0.24621138
4b78040b-9389-48cb-87b5-5d14c8cd24c4,0.32495755,0.031518478
4b8cacf2-bd10-425c-ae56-b4203b2093af,0.61474246,0.38159785
4be38a1a-3423-4266-a1fe-f4bec724617b,0.680249,3.6121102e-07
4befc0b6-128a-410a-9ec6-7dafa782cc2e,0.48533112,0.50520027
4bf779bc-d075-4ab5-9217-1cef816a2434,0.6842287,0.08510911
4c801ffe-f5ae-4c86-94c2-198313de18d3,0.7077506,0.23497353
4cc30c19-eade-4a74-b859-fe5603afff74,0.70058364,0.0483415
4ce815b0-e0a9-41ed-a3e0-d2b5abad3b0d,0.54423,0.5693429
4d315d17-65d4-42f0-a962-26344c2829fd,0.5833542,0.50865537
4d4b4d9f-9e21-4e85-bb0c-7a85af6b5fb5,0.5109801,0.508953
4d4dcc9d-754d-4068-a23b-06aca2f8f4ce,0.5113542,0.23992075
4d6c0a17-f5b5-44a0-af55-da36611bf10e,0.5204531,0.5113118
4d8a1edd-967d-413d-9b65-5dd582dd37c1,0.83172935,0.26272827
4dc07528-d33c-42e9-8a0f-8d6c683e13ff,0.749739,0.16404206
4de600f4-8823-46b9-8365-9f840a28cadc,0.32869706,0.9259763
4e619e33-1c6c-488a-85bb-a6333dbcfcbf,0.67046124,0.12766099
4ec52ca2-1fdb-48e9-8861-4f8306984c65,0.64610124,0.26679957
4ed1a5a3-f363-44a7-9842-2f646bd1d98d,0.5092528,0.6219622
4ed83b8c-9b24-4214-b877-8f000d6bdccc,0.6875759,0.009248711
4ee29123-8c35-4c67-b44a-823def7dacc5,0.680914,0.21020931
4f0f52a2-3517-4228-9c46-fe156d5351dd,0.46423715,0.38299555
4f2c3e20-9650-4903-848b-473913d57bf1,0.82227665,0.04593382
4f2e3340-cb39-4bc0-a38f-aba2f8f77d64,0.4659442,0.3273893
4f3b9177-6666-42fc-b3c8-e81dd1191bb8,0.8096213,2.8265222e-06
4f4c5dc7-db5e-4fe4-950c-5d07a1a6f02e,0.46596497,0.2189084
4f5a55f7-f329-4299-b455-b84b0b424c07,0.79953384,0.33826807
4f7c4cc1-5369-4968-8935-1c96a4bb7072,0.82347745,0.12291006
4f88eedc-0a67-4dcc-bbe5-c90ea55abc34,0.6207457,0.17029214
4fd61cf8-1a53-4f62-879b-7aabfcf60d37,0.45321062,0.55885804
50a54d18-3b99-41f4-abe3-ebefb7185fed,0.67786443,0.38270617
50af9de5-dc34-40fa-809c-574aa6b285c7,0.81102335,0.0020150603
5121d028-983d-45b2-9ce5-e528d368ae7e,0.70251024,0.0908715
512d1f4a-2087-4588-bbf4-6e400b7d0f61,0.40675646,0.59219193
5140efe5-0001-44bc-830c-97d532357cec,0.6657473,0.33928916
51664cba-48ad-4b3b-97b0-1984a925c120,0.6044642,0.059170913
517c5a77-d1bd-4f72-924d-aea8431f97f1,0.537386,0.48673472
51b16b58-4ae5-4fbd-9bd0-3efcde6ebdb9,0.49290612,0.31883317
51d362ea-9b13-4d2c-8cca-03ac11cdc859,0.2782098,0.9661879
520d8e17-fe87-4a65-b5a1-b3a872c379ee,0.59128547,0.23306601
522c5e55-9951-408a-91dc-488d05d0961f,0.38188523,0.3926349
523ba744-e820-46b7-9e68-50a30843318a,0.35429713,0.10761415
52757d0a-0df4-4c09-94b5-74584acc0d84,0.48463398,0.21496458
5295318f-07e6-4be6-b013-954c4ab6e0b0,0.7466228,0.0021655704
52e784be-9c3e-417d-a708-858ab7a5662c,0.6565436,0.0767095
535795ef-8c99-46d3-bf37-153daada498c,0.44997525,0.61859024
539ad34d-039e-43fc-a100-6b74ec7da466,0.475896,0.41358882
539b2141-4d8a-4ff0-890a-beac65df93b7,0.68569815,6.5725743e-07
53a2db6b-51e2-485b-af5d-c5b34ce9820a,0.79080224,1.4410527e-06
53b649f0-6b47-41c6-83bf-cc91db4eb66f,0.6531483,0.039679166
53c15c11-c2c0-4d91-aa19-893a983079ed,0.68840164,0.0449256
54144914-1dda-4136-8274-b192925a7a2b,0.59660196,0.7269609
54486f93-da86-4403-8dd4-b2682e8e1591,0.7348612,2.0082942e-07
54641eaf-26d5-4b1e-8bcc-826d448bcda3,0.6995948,0.083700135
54b7ea14-b531-4593-ac8e-a5788b1926bf,0.55449134,0.5084582
54c5a466-2afb-4a38-a0f6-188f3b5bc2b9,0.5277668,0.46223038
54e3e1bf-b49a-4daa-bc0b-d578516dc3a5,0.7018917,0.09304243
54ef7840-5e50-40d6-b0ab-e6b872106759,0.34844857,0.3585499
5533911b-35c9-454b-b791-d61a149376c9,0.70185286,0.0652515
558ec9f2-92fa-4ac5-89ba-fb82f0e9f83d,0.34701762,0.47415054
55b9f332-5cc8-4aea-89b7-99a6031ceb13,0.47968826,0.49286634
55c66558-5f7d-4ee8-a31b-f394c2960528,0.7887687,0.065204106
562b28a4-bdc1-4f50-9411-d7ff8c838c37,0.56003803,0.24871553
567b3e7c-b67c-44a9-9fda-154e7a3d0aa2,0.79871637,0.068294205
56d7370d-6dad-4ed4-9730-2688d404e63e,0.76597255,0.024080725
56ea80d7-6f53-475a-85b5-6acac38155ff,0.572807,0.25927663
579e2bad-63b8-42f3-9ea1-9eafc43e19a6,0.5490318,0.32457808
57abb2ba-cac8-4990-959f-58f75acaf802,0.31817532,0.6096053
57b49a61-1891-460a-a5ae-0aee16c3ab0e,0.6512499,0.3157005
57c3b51d-45d1-45a4-813d-1c30a6b8d447,0.5811301,0.25817755
581337b0-c897-4bc0-91be-4fea69ebeea4,0.55851036,0.747823
58241aa5-c271-457f-a46b-a624880ad8e3,0.7387962,0.23055424
5837eed7-c246-4889-a946-be22c928aad9,0.69897366,0.2873599
58b81abe-72c5-4098-9869-a3349099e558,0.779701,0.016325627
58ba8878-feaa-485f-b761-1fa5ffe8e605,0.7587975,0.056033634
58e93b48-af92-4725-b929-dc407d32bc87,0.5581969,0.06481923
59221769-bf8c-4a7e-945a-89618743efdb,0.3116322,0.50812435
597f346b-eeea-4431-8e1b-57deca448669,0.7954533,0.014594569
5990c1e4-22cb-4cfb-b7c4-c9a8a1a104bf,0.74953955,2.5327196e-07
59b9e265-2ac2-47fa-981a-4f8b3fb7d3a4,0.7392878,0.019247493
59ecef68-7024-47bc-8dc8-d9eea58ac77c,0.67928624,0.08223795
5a6dc288-7b69-47fe-a7ca-cdbcb3b30fb2,0.72802263,0.08581658
5a79e32d-6936-4e04-86b4-ae2bc72f1e0a,0.41626593,0.72972596
5a8585d4-b661-44da-ab6f-fe5a33aa2243,0.68713766,0.17365971
5acf6339-b08c-488b-b8c4-182733647388,0.7737652,0.14079267
5b0b8dca-8b20-4ad6-9033-798341cd2683,0.59547806,0.35549474
5b12cb0c-ee0a-4fa5-a63c-7329776b8d20,0.514289,0.41561675
5b316410-fe9e-410a-b7ac-9bb22d8d1873,0.71684825,0.13832632
5b3bb59e-97df-4383-b7a6-849ef26cbbc1,0.59543496,0.25535282
5b40d295-1d22-4f53-b2ff-eeea91264cb5,0.25318688,0.24584076
5b58a9fa-0307-468e-abc3-a912b326dbbe,0.6045077,0.11359241
5b96df45-693e-4a3c-87b8-5a0419f0e833,0.56262904,0.24922551
5ba77d90-1d66-4a90-9976-e2f4351a8b99,0.71685654,0.03325
5bd1081b-abdb-4ea8-86bb-06cf0d3b7777,0.72284573,3.208179e-05
5bf33bda-4a05-4081-8cb7-18f416d29d65,0.79352695,0.052124433
5c123ba4-5a5b-4dac-bd64-ad277b409506,0.63119155,0.29021966
5c1460ca-377c-4684-a1d1-bf4d38d3fad6,0.57220966,0.2790901
5c272d53-9529-4c51-b4aa-7f8ba940a99f,0.72773325,0.23217551
5c600aae-4a04-4d62-980b-400ec60d869b,0.46269336,0.7487531
5c97d4ef-1afd-435b-9aec-967ac626f4e2,0.25911736,0.54953086
5cb7ab05-9d93-42b6-bc94-c4e72ee678cb,0.6311946,0.17749548
5cb998ea-d4ca-4a1a-8dd1-c75cb6be3d11,0.58907443,0.27496243
5cfe06dd-7442-45c5-9820-7f4729576f97,0.60174036,0.2865422
5d4ee4d2-4cfe-4a66-9c45-13fe83d6cbf4,0.6703861,0.13775755
5d71c87a-4149-468e-8e42-b6971b04aef3,0.5455647,0.4337542
5d82233a-3634-46d7-8c52-6db9fd90bf7e,0.72661954,0.010558173
5d90991d-c411-4c44-be87-8ee00ee61f8b,0.506733,0.32131714
5d980ae7-2b2f-431c-bfe6-8a595d7b84c1,0.52417254,0.40734223
5dd190ec-bdae-4825-99ac-c4f2c9708147,0.71188354,0.019768381
5deaeb9c-f0fd-49e6-8e4c-e7c7681bd1d2,0.6289865,0.2623828
5ec5b032-7df0-48e1-99c6-86be4bd30b5c,0.44869998,0.10528393
5ed350f6-c06f-418f-b3af-cef629ee2514,0.51166224,0.35897213
5eee57c1-1034-402f-b32f-1ed2dea2a1da,0.31655928,0.70340526
5efa3c3e-5f04-4d3b-820e-e28cc08647af,0.78668386,0.007998191
5f0981b7-0c0f-4169-820a-f50212b0b030,0.60300034,0.15351188
5f2ec9e1-9f7a-42a9-89df-654c2870f7a0,0.4478364,0.8890043
5f728ff9-ade9-4ae1-9a33-dd578d924fa6,0.27733237,0.8304248
5f911f20-147d-4d3e-b57f-2ec9862d8c5d,0.43090674,0.51771885
5fa6734f-0442-4616-b8d3-10deb49e1db6,0.3140368,0.09694513
5fb2c8e7-5830-4afb-8bf7-66f3558b9ad6,0.72202116,0.046875946
5fbd301d-b8e5-491a-a073-e5098e173c3d,0.72247314,0.17922631
5fd9944a-8828-4fc6-bb04-807a8632e464,0.46200708,0.6286382
5fee8443-ca3b-49a0-bf8b-df6f20936d56,0.685211,0.11527571
5ff35ef1-d94e-4d17-a8d4-78024a4c8cb2,0.43489805,0.35497847
6043c717-2dd8-4fcd-b238-7c0ad093ad6d,0.7463001,7.7551226e-07
60916b0c-596c-4205-8524-17788fe7f09b,0.67486775,0.20323874
60b3cd5d-17f5-4e50-9050-d15fb28bfe6f,0.43037772,0.75037724
60cfa70f-06c6-4b51-b6e9-7299b1df2c23,0.2626456,0.570084
60d55970-a487-4c81-bd5b-7a2b8e34207c,0.74105173,0.07707567
60da66ab-55e4-469a-a3d3-421d989797df,0.3055839,0.962338
60fbc592-94c0-41f7-b4fc-265372b76f65,0.4362552,0.46604937
613988a4-d557-491a-a1a5-5fa6598d1126,0.5323192,0.3912458
615c1961-ba27-4af2-b561-448f107c69a2,0.5825643,0.3200141
6196a185-d0ef-4df2-b31b-08ccae565ac1,0.7352252,0.0002026754
61eefa88-8ec1-470b-b863-f81f97af0423,0.76746786,4.78457e-06
6222f039-ca49-455d-ba52-3274e4d30b95,0.73954666,0.06671049
6228f806-d0eb-46f9-ba09-6561115d4b6d,0.584087,0.22401695
623d9d05-d095-4a07-9989-c658d4ea1a92,0.6399988,0.123642586
6241b3c2-1c5c-429b-b4d9-23f4ecf7bc0a,0.74669325,0.005132913
625d563a-befd-4705-b1a8-e6d914f72b9d,0.6386159,0.21262477
628ef2cd-b4bf-44f5-a932-70a9f4e5b316,0.5911721,0.15639478
629c3eeb-d4c8-4e0e-96d4-d12e990b3933,0.7667135,1.4964425e-07
62afdd03-fb4e-4ad8-ad14-3ce1134d0a83,0.82643324,0.0016809594
6300bec0-81db-46e8-917f-9a35b10b7fd3,0.6553294,0.21387008
63118e57-b2fd-4606-9ab6-92b4ee2cddcb,0.7554918,0.039806396
63330d7e-edec-42dc-8529-672a77d26989,0.59319454,0.3507459
634a8469-aafc-45b8-84fa-b336c3d584bf,0.6836329,0.03573334
63a69bd3-08b9-435c-b2a5-a5228c93ddf0,0.5657061,0.17414173
63c297f7-6fed-49ec-8f44-d389500f508e,0.66823256,0.029607467
63f282bb-013a-45f4-8e35-7f76ebf67799,0.76349676,0.014755092
646c2d37-627b-4db0-822d-f7b4229b5bb4,0.49098906,0.31355694
64f74334-3abd-40bd-a4a1-7593a72b8a9c,0.73598516,0.36448365
6508bb36-9e0a-4f58-a254-54e41fd7750f,0.48553586,0.5334683
650b18f0-6193-4a64-b44f-c1238c5f3637,0.6686794,0.17674129
654b04fb-dc9d-4438-8e56-dc39c77f9453,0.79362273,1.2408102e-06
65816954-765b-4624-810c-8408d39b1102,0.5759075,0.39320293
66172ddb-1701-4569-b6ae-9bb0c1858498,0.75831956,1.9281848e-07
6652596a-b604-4963-878b-31fde58adb95,0.534003,0.2536925
665ff482-d3e6-4f70-96be-28f3417c0110,0.47894317,0.5001709
66637f6b-dfdb-473b-a933-6788df734af0,0.8413273,0.10927221
66e7fe65-f94a-48d1-b600-a1a6be815828,0.61269546,0.22338293
66ed57a1-472f-47da-8724-37487da1ccd2,0.7377231,8.922102e-05
675e3484-07c7-4d3d-8d97-7836d93fe0f2,0.49108672,0.6620943
67756075-c22f-48f1-861c-c957835359ff,0.70995945,0.052199613
679d1eb0-c464-434a-951b-6b7a521047c5,0.57170707,0.5827246
67b4ad68-fda9-4e7d-8840-1c9b7cc5456b,0.6818953,0.036108248
67e9a740-4137-4834-9331-a54929c5e6a9,0.7556663,0.16400975
6812ab35-95b0-4bcc-b2d3-49ae01dc938d,0.5825362,0.4271905
6813958d-ec58-40af-a59e-7b9c21cf34a0,0.72762215,0.0014183924
68265390-5edb-4def-8317-6c3726e7aa90,0.7387817,0.032501552
684ce07b-d28e-4132-88f7-f973053e0b14,0.2810649,0.20780987
687fe68c-8348-4536-9543-1c096a88c3aa,0.6792478,0.16778329
68a6366e-5634-4eb0-8088-275d637e9725,0.6198855,0.014458829
68a7b3e8-8529-4b3a-85ce-98bcad28348e,0.51581883,0.7807797
693cd1f9-2349-49f5-b55a-62421aaf3b54,0.73965555,0.208357
69489dbd-71a4-4121-9ee4-41b225f83d1a,0.29901677,0.5180065
69c6880a-7db2-4528-8fec-4eb8cdcda964,0.6694551,6.494946e-05
69e0c802-96c0-455d-ad22-4cf181616249,0.34864235,0.6802041
6a153818-f935-4a69-b42e-8480c3727f8b,0.72221607,0.94142497
6a1a2229-30e9-4ed2-aa1d-08ea2b4f8a92,0.4953385,0.14155772
6a2b93bb-cf76-492e-adb3-19a29980d96c,0.75984025,0.043111704
6a826d1e-dc76-44c9-8786-4c52be5bc4b3,0.50846756,0.52727044
6a863373-5894-4fca-8fad-75af0f728307,0.37626925,0.67086154
6aa0f2ed-b235-4f85-8737-c35fccd96580,0.68944955,0.000116999196
6aa70299-19c6-4471-9596-6ffdece8f0d0,0.64777505,0.47110942
6aed9e09-5c40-4e03-8312-5174568e20f5,0.70010537,0.095055096
6b991899-8ac8-46cc-b3e3-e639d5e08a6e,0.64063346,4.1699328e-05
6ba5a4eb-b6a7-4819-be6c-4a086c7f9154,0.63760203,0.30645207
6bd5f6b4-1ac9-4820-af4b-4f48de80373c,0.46337003,0.42834446
6be23940-d6e0-4372-8557-e0cf54f82119,0.5836372,0.14305028
6c06010c-ac2c-4cf7-9f4a-31c1792cd1ce,0.44182652,0.47722661
6c21380d-74e9-45fc-b38a-d7dd6e22911e,0.55986935,0.304065
6c2943d0-e930-4150-b81b-3466c12e2c6a,0.40778562,0.8037359
6c337f9c-3d22-4db6-ba57-d460437e6afe,0.29382652,0.3755536
6c35ea66-bced-42af-8f6c-f06f0df111e7,0.31723124,0.64307183
6c39d902-298c-41bc-818b-586d5d4193af,0.7103067,0.00025420656
6c53c4dc-00a3-4a6a-9650-cb48d2636c85,0.4044634,0.50061417
6c959393-5991-4cd8-b277-3d7bb532ee8a,0.45329016,0.5679831
6cb04c95-b375-4add-a19a-afea0a1433f3,0.5837648,0.2947896
6d11f2a7-9f61-4031-8ce9-3cca0bea69b8,0.7790551,6.813027e-05
6d14c535-00ac-43eb-b93a-a784a22da702,0.60392034,0.40049753
6d30c532-e9b7-483e-95cb-539bfc1090fa,0.5160536,0.45451283
6d5343c3-a833-412f-b018-491b9730b318,0.5789438,0.17409657
6db59168-dca7-4d62-8c18-98eea5278733,0.44234896,0.28193453
6dc1b996-9bc4-4feb-bea3-adb690139c25,0.46605003,0.22981992
6e09e663-2af9-4217-8ca6-acddb63b31e4,0.7331828,0.08703201
6e146f8d-709b-47dd-babb-10a32d4ed12b,0.4415435,0.7876154
6e212265-5649-4804-88b6-9d72b1e34fc8,0.58074045,0.19508433
6e3decfe-9576-4a5b-a58c-c91e6004dbbd,0.44712114,0.48566216
6e52387b-107c-48f7-99df-82259f2e5761,0.2798838,0.43262917
6eac930d-3a81-4ade-884f-03c760475d53,0.4324203,0.6407257
6eb12125-91ab-47d7-b9ea-fb8feda022e4,0.6604948,0.051697865
6eb52640-499a-44e0-b514-d119d1c03585,0.5627912,0.36137405
6f085d5e-1a4c-4fc2-8bbb-234e75aaa1d0,0.4442766,0.17516254
6f126e0c-6253-48d4-9999-9e80f5f4d31c,0.7300503,0.023359172
6f163373-81e7-4fed-809c-d5ad0b50233c,0.6077923,0.42274907
6f1d140d-70f5-4068-9606-bd9b5266f295,0.75267476,0.20340234
6f3b6669-f295-46d7-a322-99b5f0f32691,0.37839565,0.6192993
6f6f22d9-8189-4419-8037-bb1bbe2e6ba9,0.4542191,0.79176974
6f7e3427-6a98-4fb7-96b1-370584a15c49,0.5477055,0.51880527
6f8ceb7d-26a1-4be4-ac0a-753ce933d91e,0.6270561,0.2653768
6f903740-da36-4b2f-9b24-a405841f40fc,0.64797413,0.23370522
6f9da617-8c5d-443b-9bcc-08042f1e5ef7,0.4960744,0.23495135
6fefa645-4172-4b0e-a21b-c7ddd6162939,0.58622277,0.10655476
6ffc1db8-e290-4e50-a58b-ec1ec1c6d01f,0.33637723,0.9482204
700cbab0-ca75-4c88-9c57-19fa967b7ddc,0.49937245,0.40492177
702f3761-bbfb-47e0-a39e-5c9daf2d47ba,0.769199,2.7923065e-07
706b44d9-13aa-4ec6-a979-5f4c31cff29f,0.70456576,0.11250973
70aeaf8a-d6ad-4595-b5c6-c5eb402f0535,0.50237083,0.55701894
70b4b398-2193-4415-91c6-8bb9e1aab5f7,0.53233755,0.2125187
710909f5-3c36-4d04-9e02-a6922c36855f,0.7459533,0.00015963192
71338bea-3875-4d66-8fbc-a99a3aa90173,0.5638386,0.04754605
7162ccc1-8bb4-4048-a2a1-ff861bed1efe,0.66489524,0.19665487
718f0703-f027-4668-b354-208204723242,0.69836503,2.5374632e-07
721fc0d5-fd4b-47d6-847b-69f0f6b49852,0.5927354,0.39612153
7269a8ae-c886-46c3-9dab-42ae06ec49b8,0.6670558,0.13759941
726e604c-14b8-4229-ae71-0f5370fba10e,0.7070636,0.35745767
72866919-20b5-4875-a14a-d9ba5e7adcc1,0.75217,0.23726618
73431c02-18ac-4d3c-ab87-127a66d88256,0.81585914,0.053405106
73c21ba6-1f43-4f19-9aa2-56087d24621f,0.38370162,0.20599999
73f8268c-1277-4bd9-9378-738567226d04,0.6920683,0.18513457
74003024-5e1d-4c77-acf7-6158de0c51a0,0.6483107,0.34884173
7454a8d9-1ecd-4003-9959-2d5253c1b0ef,0.16258548,0.5282083
7456a09c-36e5-4cf9-bdca-df5c8e70a82c,0.56918,0.12926239
74670562-3b26-4573-b4ac-906261df2c39,0.579888,0.5133423
746bc8d4-a00c-400b-b0f9-5f4099fad602,0.6725441,0.07649866
7490cb32-18ba-4572-9310-c0c3801438d0,0.49788597,0.72820497
7499b332-892c-4a35-9d5d-fe84776a305f,0.7059036,0.1876493
757ac8e7-7e73-40b9-86f3-7384807d9ff9,0.5238157,0.35841906
75f15b04-2669-45bf-b9c1-3da474714e00,0.7534718,0.03869639
764a0247-f12d-457f-a918-135b80718a7c,0.5669381,0.32586488
764e3f0a-d17a-4fa9-a67c-1891d69015ac,0.6183025,0.107660756
7657e628-9adf-4f68-b2ab-7722e3768898,0.68649685,0.07009796
76d2d395-47ad-411a-a37a-84169c3ccb60,0.7840851,0.00025382606
77116184-7b0f-4e54-b32a-c2b269ea6856,0.6585354,0.20407434
776a47ec-bffe-4425-beef-7a6363be07ed,0.5023446,0.54081756
779ebab0-1823-462b-8873-287f223132b2,0.57481444,0.5419676
7847faec-13dd-45f2-9fcf-6fe83e3ba531,0.5639425,0.00065159844
788f2f39-583c-478f-a771-9b513333c181,0.27945152,0.7090164
78b3d1c8-b241-4c4a-9415-98376835d50b,0.43299922,0.5012196
78b792bc-179e-4413-916f-e0372e6bf0b8,0.55778843,0.3342546
78f02302-8645-40e2-bc5a-200e1b165c62,0.48310986,0.63236177
790c20e9-7947-4667-8b5f-fa1d480b4c52,0.7053618,0.087491326
792e4b78-022f-45f8-b1ad-3c5f819c9b33,0.6429716,0.31460318
79444aee-546c-42c5-bce4-5aeed8b60f5c,0.3678907,0.9708488
79a33f05-1b5d-46a6-af3a-5767ba8d9820,0.721249,0.013278385
79c13a89-5bcc-4862-aaeb-daa0f1cd70fa,0.5700855,0.14130804
79d2f193-2a87-4894-8f2e-83415e59114b,0.75812024,0.032066707
79ea9a75-82f7-451f-9f7b-2587e15eebed,0.5968821,0.34544677
7a05ed25-929e-4842-82d6-68f6a3fe5849,0.4102932,0.5781692
7a531039-b6d8-436b-98f8-e8830f31856b,0.6351591,0.15221682
7a83eb74-a7ed-49f6-bb86-4440855fe685,0.7245915,2.223564e-07
7aca4dfe-fa7e-4bdc-bcab-e34ac35e5fb8,0.75237614,0.097384065
7ade69e3-37f0-4a5b-bbd0-340cad3caaef,0.73721296,5.314695e-05
7b0071ce-3984-47d7-b365-4e08a639ebd8,0.80803055,3.4205036e-07
7b0c5b92-c21b-4448-9d84-d80195e7d8e8,0.6826202,0.23729365
7b2742f0-1a01-43c9-8120-3804ff46725e,0.6446783,0.15244819
7b5aed13-1a98-4e5e-b438-00d1ed1d48e4,0.7789674,3.4551879e-06
7b6895c2-8fe2-46c1-b928-82aebc418157,0.4455303,0.26276886
7b72826f-b1a4-42b4-9b1c-e6a55cd46eae,0.44497216,0.60218406
7bbe5f07-4bcd-48bb-bea2-2922afc5e10c,0.6347252,0.13360363
7c1d8737-afac-4a1a-a7b7-af2adf1d7422,0.19220884,0.09952641
7c80c793-ab92-466c-be61-4bcc42a86d6f,0.6483164,0.19776599
7c8cf644-4a09-4f42-a960-0788586ac828,0.6843212,0.2334752
7c91c629-43a0-4aa2-b189-8a4978d0afa9,0.4220091,0.58120394
7ca5e999-3c47-46fd-8ffc-17fd5ae8f2ae,0.54838175,0.38909423
7cad846e-9903-4f6d-906e-2fd9cb0bc838,0.6083012,0.27903077
7cbfb01b-c0f1-40d6-b0cc-c7275ff79ce0,0.3585975,0.83853143
7cf219a0-2c7a-4631-abbb-fee62e437cf9,0.7674194,0.029440992
7cf3b0f5-d13f-4314-93b2-b170c3223fb1,0.775706,0.021864435
7d43dee3-0e77-4c48-af27-d0c7991af876,0.47279826,0.4785713
7d455ac3-4746-4a54-ad33-67e32afa99be,0.34687933,0.98460054
7df72060-aa57-4c1d-bec7-8990861dea0f,0.78116393,1.7760065e-05
7e023473-90df-49f6-8bd0-4a338ff97d35,0.8236235,0.1356788
7e035216-e581-453f-8e84-2bde2b774e23,0.60544205,0.29334885
7e11bc9f-3283-4129-898e-c9e85ed50c7f,0.81965196,2.1644993e-07
7e39748a-ccb6-4814-bdc6-c015f58a1afe,0.5514815,0.44146734
7e72416f-daa4-4734-b999-948f2cfaa9c8,0.23304148,0.80047315
7eba0746-520f-44ef-a790-ff766a8a66c8,0.6360972,0.3361781
7edcb437-2089-41c6-861e-708e1366937a,0.7846908,0.03769356
7f144ea1-6006-48ec-8b79-18845d3eb751,0.58578205,0.4566653
7f1a5c82-9a33-4e3d-9bff-d5c0dbd12b99,0.40865153,0.4771188
7f698544-99e1-41c2-8305-ae6936f020fa,0.7038059,0.1377462
7f6d2d27-4243-417c-84a1-6765a9cfebbf,0.3587976,0.6768442
7f8a38de-a773-4d40-88de-641bc8919fc1,0.6484306,0.37559408
800360f2-78af-4cb7-b107-00b490c64d7e,0.6867513,0.30843613
80410e96-a0f0-45a5-977b-a0efbf4ec846,0.6225377,0.09908929
806d6770-b745-4717-9f61-29622a3a66ff,0.5409837,0.39417022
808e6cca-23b7-4ce8-82be-0703cc2c8611,0.637837,0.37273663
80aa7ae1-a219-40b5-85fb-406f5659e854,0.49356493,0.52542615
80ab0a61-5be6-4baf-9a80-1dacbdc71aba,0.6905062,0.22916077
80e61aa1-1d71-48a6-966c-62d8673b7224,0.33262032,0.99999976
818d2332-39cd-492e-a8e8-e2ccfc730829,0.59764206,0.29372746
81ed9299-8289-4da3-8c91-53593ff56f65,0.5080357,0.26070043
823196c4-fd19-4c9c-bbfc-126a4bc6282d,0.6324971,0.01770462
825c7192-0dcd-4b6c-b51b-5be881091ce9,0.27103862,0.9120333
82c3896b-0d1b-4e06-b1da-a9758b01cd97,0.668604,0.20439027
82d4b0fa-d01e-4be0-b1e6-7c5b32abd595,0.74524695,2.2879883e-07
832ad9e2-e2fb-4186-9deb-c1d225eba569,0.5673545,0.25815183
832cf41b-3eb8-4511-87b0-4c6ddd930b7f,0.4667423,0.38534528
832f3572-e0c4-4ef7-bcdd-5469556da1fc,0.8761499,0.0012814001
83786be7-4e6b-41a3-9304-6c97eebfc811,0.74280924,0.00045059985
83f5e023-f2be-4223-9f1f-5fa8faedcfc2,0.37628067,0.7430645
83f82e69-48cc-4b6a-882e-a6633e17a25a,0.23911789,0.802124
845d0d1d-7ace-4a37-8586-fead8531556e,0.52473104,0.5491814
849ff6f7-bda0-4e60-a928-ae4b688d094c,0.6601879,0.33787343
84c22c97-32b8-4a1c-beeb-342ea05cb73c,0.6533993,0.2618096
853e94ee-cdd4-4098-ae35-2f52f9a613ca,0.6662022,0.20098719
85488789-b578-4122-90ed-f3f9841653ca,0.75988597,0.00460887
856eb81b-245e-4447-ab23-184f313dbdf2,0.45999858,0.77874225
858610fb-de7e-47f3-b11d-b955cf165149,0.7541305,0.13715336
863c0d6d-2483-4c6e-93fc-33ad69505cbe,0.51577294,0.055686742
864977f2-205d-4cb1-a3ad-2341df9796cc,0.5114948,0.37557197
8671dc26-4294-4fef-b6a0-c21ad2f2783a,0.34967574,0.8268577
8672b5b0-ff72-4879-8bf2-fe2390d3ad58,0.7175738,0.14310165
86d4030c-cec5-4191-843c-c4e11ba3dc95,0.53427637,0.45267433
86eb7535-eb2e-45e5-bb9e-1c1a317f0e30,0.566855,0.21711875
87229df9-9557-4a90-b0a8-a653bb26fd1a,0.49242243,0.57303274
8759d6fb-5901-46de-8007-7ea6ffdb2c3e,0.5105855,0.6012678
87a9cc5e-581e-4901-a62c-f9caa5084821,0.57974935,0.14433502
87cc75dc-95d6-4a10-a56c-19537cc1b6c6,0.598675,0.29201666
883ed508-c44f-44cc-a5a6-8f55eed802d0,0.56512684,0.40091842
885a8790-04ed-4a23-ae67-f2536fc5b7ea,0.6487038,0.18620074
886025b5-02ad-4b82-a879-b8ff1ab0a73f,0.6365315,0.13392095
88724606-8fc9-45db-b71d-62753aae1e37,0.69410956,0.0001713742
88a64114-4114-4bb5-8a12-eb4206372504,0.51080173,0.501491
88e63655-274f-4865-bd52-74a8ab6b87b5,0.2732046,0.9564749
8933c1d4-e7c6-454d-b9be-26b261411ce3,0.6469803,0.09716863
894119ec-04a3-4b10-b49d-73a8c2f39139,0.5944062,0.38751513
896e0aeb-d70a-4328-b427-a4617e1418bc,0.64766043,0.02695093
898d9aff-8e38-41e9-a96f-6819f3f5a627,0.57750845,0.41376248
899f4978-7eff-45a7-9f24-7d6fee0b1901,0.35315526,0.7684869
89c0b288-437d-4f5d-ba08-ec0013f2a848,0.75570923,0.6957899
89dbdd99-bceb-49ec-8f52-f80d147f9fa3,0.7504603,0.25645337
89e0d331-0e21-4daa-9844-b8908304967a,0.725067,0.21554355
89e568ba-f8e6-4ef3-b313-b04138aef7e5,0.58160466,0.45312572
89efcc72-8aa4-4ae6-b872-c02404e7c9b9,0.6555309,0.23338145
8a02a373-3657-4a51-b769-730ae1c964bd,0.83499485,0.48419827
8a172bab-74c3-4d4f-b5cb-870a3bcd97a9,0.5436563,0.4135861
8a65e0a0-c707-4531-8db2-58f577d58685,0.63546294,0.083297625
8a954d57-8f03-4805-a6b5-a3c463c68225,0.6030937,0.24629347
8a9c2af6-5130-4447-a6b0-b30a531314a4,0.63253677,0.21533382
8a9d73d2-42f1-4ffc-ad44-9e02e22eca39,0.41802904,0.34991625
8aad6aa4-5400-4d13-93f7-155ff7f1606b,0.7740764,0.04661002
8acf047a-7726-403c-895a-06ceeb092822,0.7267023,0.04933653
8b179121-34df-4eea-b88b-01e22c856b86,0.67386514,0.022367502
8b974e5f-c2c5-4b56-9b16-41183cf77bd9,0.6996286,0.0076097003
8bb97ee6-ef5f-49bb-bc23-b36055410144,0.124874145,0.82854044
8bbdcbb9-172d-42de-936c-4310e4f2b00d,0.7054186,1.8979073e-07
8bc975ae-a332-4b24-b6ed-6c0ef8132632,0.5600867,0.19847776
8c1ac56d-f74f-4f2c-a8a4-fa654028f2a7,0.7065509,0.22624691
8c297152-00fb-44cf-98e5-3e9574b69dbe,0.5546044,0.43241817
8c77c598-85d7-49a6-a5e0-4f4d6fbb90a7,0.6466418,0.15746434
8c8cfbc1-116f-481c-be7a-768ce33839f6,0.7283879,0.10993438
8c90e99b-4675-4209-970d-50832e4df7e0,0.47769073,0.52220595
8cd82378-c4f2-4307-bc59-a44873bfdf0a,0.37141344,0.64389825
8d1274b6-7e61-42b9-80aa-ee63bdcf9829,0.6300164,0.24758753
8d37b96c-26f1-429e-8563-af53683d0439,0.7519438,1.0792346e-07
8d4046da-7e34-4291-9cde-1c9142af9b99,0.51549715,0.29533595
8d5ad028-873e-4a00-918f-c39452e9858f,0.7403895,9.368548e-06
8d7bab29-884c-49ad-80cf-629b995a73a2,0.65385175,0.21545476
8d83435e-1484-4047-bea1-3621406e510e,0.37209064,0.37512767
8d929a3a-9cfd-4cd0-87d8-f144c9851b3b,0.5916221,0.28351453
8de8bd55-db84-4caa-abb0-98032a0f41d4,0.22597933,0.545419
8e0f3e34-18be-4d42-8248-4f4e8c8292a3,0.59215444,9.980862e-05
8e17bf7b-1132-4573-aacb-5734faef4efe,0.6259517,0.31037933
8e61bd73-2d30-4f96-ae9f-f7009d207577,0.7060006,0.20954378
8e9c4191-376a-4614-8573-770f19afa38f,0.760488,0.05194559
8e9e514a-5580-42ad-99c3-67e71db193fb,0.8362515,9.1450715e-07
8ea391d3-b90b-42a2-9e30-10f0a0d64d7b,0.6621998,0.08360304
8ea7c8bd-cb6b-49f5-8988-babb511342bc,0.48457685,0.37541553
8ec00895-cc31-46c6-8170-270e4e95dc41,0.44624585,0.56854385
8ec188f3-74c9-424b-a348-7fc9e1ea9f00,0.60634136,0.19473143
8f045ba9-6739-45de-9ca4-8bf021075035,0.60843456,0.42306584
8f3fe35d-9823-41fa-a1ba-1f6c4b1b5ad7,0.60413617,0.20550537
8fcee58c-374a-4070-9f00-18368b5568c9,0.70401466,0.3674712
8fea53f0-1c6e-4253-be88-816834a146ec,0.40399176,0.44007915
9026410e-9aa7-4bf8-aafa-8dbd26c94c63,0.5434808,0.71724343
9026cba8-d6a9-40a8-84bd-6d9292c75abd,0.68336356,0.00047174987
907be609-873a-45d8-b304-f43e98256bfb,0.64432055,0.098446615
909b3981-e0dd-4ea9-b412-4375ab8c79b1,0.37332925,0.56291384
90bb7774-cef9-442a-98e4-6b58d33851ce,0.8340994,0.052507382
90c8b29c-8ed6-4464-8852-3a8f13e9ec5d,0.48772126,0.58183587
90e7888e-5831-4617-9bba-2b27ec784f55,0.71218765,0.0014460034
9118d3b9-5c09-4c3e-a0fc-096cf7fd99d2,0.4953609,0.3418785
913059d6-fdc8-4d39-ba15-69cc437b0be3,0.570505,0.30263236
9147051f-6825-4951-8a93-0aba7c2d31fd,0.6055113,0.354085
91af0994-5811-4bb0-9bb6-9f511f3bc77e,0.66457963,0.07987364
91cf01b8-cc88-427a-9b46-29aac5bdf880,0.8742573,0.5215163
920f9290-cafd-4a28-b8ce-6c84faa7878f,0.7246606,0.007864541
924919df-0120-4fbc-b770-0b9bc1c01975,0.5425397,0.5826546
9285eacb-b00d-448b-b90f-dffb68b9a597,0.46779644,0.61057127
92c18cd7-7ea1-4f97-abfa-fa9cf2a72720,0.76510423,0.004313987
92cbe28f-042b-41d7-80fb-45c7495a5b94,0.6345624,0.19529976
92cd901e-8037-4c71-bef6-f3020e0c1e69,0.44336396,0.0795872
936c831a-0055-494d-991c-0aac2ea7662c,0.5497763,0.3428716
93da9070-bcd8-4b2c-8b3f-a1a88f80e190,0.62664014,0.15185754
94192aed-acfd-4c43-95c9-6b741b5be1e3,0.5436468,0.1094441
941ce9bb-85f7-4449-820c-dc60a920a20f,0.22319989,0.76773983
94248b9e-6b21-4dbf-9b4e-6b183d3dfff6,0.7297761,0.08397367
9425d683-5d04-4c92-8e4d-62c6f5c03405,0.44216093,0.61441374
948bb0b9-4e79-4ab0-8843-1e6f3cc25d4e,0.75137436,1.6596256e-07
948f2fe8-7bda-4d1f-92db-0e2099c8ca64,0.69769704,0.005965224
94ca5544-1e16-4ffc-aeb8-37f32c1e1b2e,0.49557874,0.5741171
94f1538f-9cd1-4919-ad96-17064821286d,0.6854548,0.09874277
953016c4-7abd-4723-97f5-a32cdff76081,0.6113978,0.23661032
9546d7d9-310a-4a3c-b696-ac305ed7ce79,0.7964484,4.5678344e-06
955316d0-6523-4554-9be5-b0946769ccce,0.6205629,0.31729203
9578b488-bbc0-4a04-bc24-bdd7c1f9bc9b,0.4682283,0.33828464
95c13012-f904-4a54-b78d-b22697b32cc3,0.10239825,0.5701713
95c3fc73-2e7c-4f00-8d0e-128382e4e596,0.6260237,0.05503075
9609d30c-960a-40a2-aa57-6c5938d4556e,0.8114325,1.2329295e-06
96e5de4f-dd12-42a7-a588-ac03bb419811,0.7092106,9.847752e-07
970c588f-f38a-41e5-ade9-af27da0f5b10,0.7140847,0.040318076
97919539-1f7a-4159-84be-85f51c5610dd,0.58967847,0.52537805
97f652d6-9200-47b5-992f-4b2e2df91e10,0.563626,0.2699077
97f80e44-1756-499d-83a4-3a6113e91471,0.5377958,0.14513522
983098e3-8b88-4da4-b1e2-0f27a0fbf59d,0.7439801,0.11299469
985e0ec0-bab6-4624-87f3-a725c957bac7,0.8262589,0.20271304
9890b3cd-8e4a-4764-bcdb-271299fdc060,0.5052133,0.7847814
98b6c6cd-69bc-4a23-acb2-5a7f3353bc0a,0.4737462,0.047204763
990c6eca-1c92-49e2-af83-eab5806f0c11,0.2703056,0.62658304
991a6a7c-6e56-4cb5-ba02-97c3725be396,0.28184986,0.58018994
99419a66-f69f-4c7d-a286-a4b53b5e1e32,0.5092843,0.7186225
9965b2d3-74a7-42ec-8d2d-b87233520060,0.7392491,9.91412e-07
9967fd3f-419f-4da7-847e-2eafd21f4dc5,0.65581876,0.124701306
999565a8-bcb4-4a21-8df0-dfb5139237b8,0.5786031,0.19731188
999ffadd-115b-48be-85b7-e1cf84f04abb,0.48496982,0.52387834
99a26ea0-22bc-4eb6-bc9b-ddf74b8f35dc,0.6010657,0.36619797
99a809ed-a12e-4a0b-9e13-e69c89bb77ec,0.5568772,0.47701073
99c82f09-183d-46d6-93c1-a9d891dc366b,0.59396607,0.8658902
99d56230-179e-4ff0-aaa3-03b2649546c2,0.636902,0.20293637
99db8d47-39b0-45c7-8c60-41d997a77864,0.677445,0.24771546
99efbee9-a2ec-4f9c-8bff-5b5caddf9785,0.3141522,0.37853602
9a788385-44c6-4c38-b3ab-ce6b00891848,0.75648314,2.429077e-07
9b310a2c-bdd1-4e17-97d3-155f5dda0f9e,0.3901506,0.5458911
9b6a2dd9-d2cd-4fa6-a4f8-3e62b737c7b4,0.4581141,0.32967067
9b77cb5e-c492-4ebd-bbac-f80854ae86af,0.39773783,0.77882105
9bc14b43-d31a-489d-a8d8-42036ae8726e,0.8225779,0.097056665
9c6d9673-74ea-4f3b-beb4-9369bbb5896b,0.6123458,0.40997612
9c9e913c-47a9-4111-85a9-cec2526fcada,0.7643915,0.01813959
9cc7be1a-1374-46c4-8254-7db944d20834,0.2670522,0.9999325
9cdbf1f1-c63b-41b0-bdd8-b5c0d16632b1,0.7717634,6.931721e-07
9d8273cf-d9a2-4695-a15a-8b7196009743,0.74731314,4.5267752e-06
9df2fd2e-ee69-4091-b358-e87627879df2,0.5964718,0.35302195
9e2c4099-6312-4cc0-9447-3f24c5369e59,0.64951473,0.14492498
9e2c622c-4c50-4505-95aa-1fd6ff3c5bcb,0.63723457,0.03918818
9e3f6266-f2df-45df-a1be-f51d3ee8a22a,0.7185644,2.0414243e-05
9e48d529-8148-40d8-b960-3a65f7820af4,0.7436103,1.836752e-06
9e4bbcb0-6c7b-47a3-b5be-c78be57ff4d6,0.38989106,0.18877439
9f1f748e-1d00-4530-9b13-81934b968a4b,0.60731363,0.25001335
9f3d323c-b331-461f-b16b-6485adef268a,0.4861319,0.57834923
9f8339a1-8d9f-4c90-b82f-de6167e26535,0.46335727,0.51879305
9faf320d-9de4-48e0-8490-f8621c4c705c,0.40751114,0.1883806
9fd0535c-96c0-4875-a45d-07eab4d026e0,0.67012495,0.19536011
9fe50d71-2ab9-4c51-8fb5-4e191d3769ab,0.73700505,0.00022280969
9ff1d323-7b58-40d6-9f7e-d7f7f7d97af0,0.5174512,0.43123007
9ff72089-cfd4-40fd-a3cd-9dc6c3ba8c48,0.62192893,0.4214358
a00d2262-81b6-481d-8650-6aa2697d5b5a,0.5132927,0.37463927
a083a400-e1b2-4f69-9443-4c1a27ba2046,0.4351308,0.7430888
a0a3a489-4b8a-461b-980a-c0dceaaff54a,0.7117421,0.113770485
a0acc55f-fdfe-4993-9893-48274f11c948,0.5211484,0.32738823
a0cfa398-27ec-4d56-b724-cf8b2c1e50ed,0.32536742,0.5818817
a0dfeddb-fc45-42b3-8aca-8a19148ca3a3,0.4674328,0.83031434
a1451ed6-7e3c-4e21-8ea6-01d38a5ada02,0.41887367,0.6901235
a15e110d-b504-4a94-8234-7307fca65d2d,0.63949466,0.013204616
a1653595-b08e-4ad0-927f-8c94f094019a,0.5392678,0.792384
a177f384-be9e-4a91-92ba-bfe4dcad88fd,0.5276699,0.30964893
a188996a-0ef6-49c8-acee-333996fdcd2e,0.7455932,0.1015979
a1ad384f-eb50-4933-b5e2-3aefa967edf7,0.5144187,0.102838054
a1bd3a37-abb1-416b-bd65-bd17077eec9c,0.7038337,1.8429229e-06
a21381c1-bc13-4014-93ae-89dd9db9b86f,0.7768852,8.436304e-05
a21ccccb-2d16-43e6-8c1b-4579f973ec90,0.36837474,0.2733272
a4070e11-c9cf-4251-b4b1-0da89157731f,0.79314345,0.00036263381
a44220ff-606c-41f3-b0e0-cd0f0910ee64,0.41738892,0.19157973
a4d30cdb-533a-430c-9327-f2b26ef19738,0.16291514,0.9493365
a4d67a91-3ed0-49df-8980-f1ca1da544d5,0.5528802,0.40790778
a4e61ba9-249c-4793-9bd8-f0f6e0ccf456,0.7737773,3.013469e-05
a4ea0be3-d5df-4ea2-be93-b89ae3fda11d,0.6121941,0.24639659
a522269a-85cb-4d14-943e-0c3b284610a7,0.76713455,1.924472e-07
a56d1bc0-020a-4c7d-8723-d9d7a0b77013,0.40715185,0.13920552
a664ff56-e303-4ab5-8841-bc950222e75f,0.7536794,1.5418979e-07
a6a497e4-7be8-42f6-bfaf-260e24362d74,0.29099637,0.46974298
a6ae6a48-7359-460e-87c3-16baa605056a,0.6216302,0.21205974
a6c0e393-ca2c-4451-b14c-2106b0475d29,0.33798274,0.9857192
a6e34700-69c2-4df6-ad87-db325ff47105,0.520249,0.30296966
a725d5e2-3115-4d0b-9565-f125b426f72a,0.57911354,0.28053075
a7adb7e7-e526-49b9-93d5-563f75aa7714,0.79446864,0.0031095508
a7d07341-2d79-4e44-97bc-d7ba624d990e,0.668539,0.0052342215
a822a27d-d63b-41ed-bb00-12680c63494f,0.5019056,0.18580249
a8642819-054b-47d3-86e2-5f5e6ef6c921,0.7193689,0.27849904
a8c0ebfe-f4ea-4348-a186-d53b73aff611,0.6357847,0.34926495
a8c79501-691e-47c5-afb7-46725c9af438,0.790689,2.7148826e-06
a8db53f7-a83f-4682-811e-b14d91090199,0.52870166,0.30501658
a8ec25a4-a56f-4a61-a345-c74107eb95d6,0.4885012,0.31513777
a90822c9-61c9-4878-bf83-7644228b1d11,0.7262119,3.284834e-06
a922b452-70df-4963-95b2-049f20261088,0.5368316,0.20888554
a962897b-6dd7-40c9-b043-e4c3d670cf77,0.58175063,0.2884986
a96a3a1a-9ae7-4d6b-aa47-f95645ce6d30,0.4769767,0.6452296
a9aa0531-baf9-475e-8b21-47bb5379b82d,0.534514,0.42842847
a9f3d544-8a81-4283-84d0-3519d0c80ec6,0.6978095,0.05898782
aa02e09d-98d9-41f1-b28e-c8a3f916fdf5,0.7876174,0.44627374
aa0d27bf-7acf-4b2c-ba3b-ec032da5e542,0.6282578,0.12513694
aa19fe7c-09da-4651-a0cf-37a58b058cb0,0.7812489,2.4039733e-07
aa3454dc-bdbf-4f09-8612-d3518df58dd5,0.5177493,0.44637573
aa40806b-080b-4f49-b742-c642827e2015,0.7552632,0.00026680276
aa53901d-c5ec-4ddd-a735-1e865028bead,0.42322478,0.70163697
aac6d52c-5db8-438d-abbd-723e4338dabf,0.5238599,0.21191154
aae445b1-29cb-4a1b-a3cc-4289313079c7,0.7109978,1.6826874e-05
ab683ffb-af1c-4ec1-ac4a-b6866b2622dd,0.79609835,0.0037891027
ab6a41e6-b8d9-4e51-9fc2-ad0e99808fc9,0.34329057,0.7375969
ab8c0d96-bfe6-4c3d-987d-344f81ff058e,0.50997853,0.30671114
abfb7d61-4c80-485b-8687-18d1e26fb3fa,0.59390956,0.15896636
ac119bf2-3cd3-4b65-8c01-8d2145199d18,0.7757593,2.1698331e-06
ac361ea8-8b17-4d40-b032-39876e29f4d3,0.7547293,3.0316065e-07
ac554565-1427-475c-a345-3ce652c74281,0.59460413,0.7078478
ac669e4c-9354-446b-a79d-313bd9a75e3b,0.6062576,0.37201622
ac8bfff7-38cc-487b-b514-1f0e7a2e15ed,0.6716178,0.16114935
ac9ea843-6480-44d5-a593-bd328ed2ab36,0.6234512,0.21420866
ac9f1796-47ef-43ed-98c0-d5913cf7c814,0.6987348,0.021490892
acb0db87-ee80-4a17-95dc-649d21b2a611,0.53234273,0.35831565
ad002295-ea95-4bb6-94e4-903a5676e1df,0.54432654,0.41966766
ad0130ce-11ce-4f7c-946a-2985bf633dd1,0.7925326,1.6559778e-05
ad22df4f-ea39-43d6-b929-e7dd6091dc48,0.7235843,0.12933612
ad2e3a18-353b-4cd1-8a5c-36c51a9671b4,0.39823166,0.518066
ad3fa130-563e-4fed-9519-c3a0163dd59e,0.61400455,0.2631868
adbe46ac-2ffd-4df0-bb83-11f91472cb4e,0.4248863,0.55421233
adeb4cfb-1e0d-45f1-95c5-f4d97026ea8a,0.6178484,0.14344376
adf99763-3cdf-4b58-9a3c-94ae2acec6f2,0.7219804,0.20713654
ae0277d3-d8b8-4f97-b7bb-ae6179caf6bf,0.7650749,0.0017688139
ae1830c6-df68-487d-b645-993fa9ebfb51,0.63753146,0.50602645
ae53ecc2-b855-4b94-845b-009f34a591ec,0.49739876,0.4414286
ae60ebf3-4f12-4ce3-a2f0-5de89f869fbc,0.93565947,0.1026363
ae62d927-7163-4aa4-ab9f-99c4b7b8799d,0.65066755,0.20963152
aeb9cbae-3f2a-4f39-bd3a-9a9449ef57ad,0.753381,0.04317775
aeceb232-52fc-464f-810c-503dba99386b,0.8946268,0.00063009904
aed08820-ed39-40a9-9291-9dd5cfc37d4e,0.5910693,0.15102467
aef2c4c3-027d-43e3-a3cc-31f8340b5c08,0.75559986,0.088266514
af0a0f52-1e59-4d22-a3b2-6cfb737ec5f5,0.5014498,0.7739232
af447c4d-6b88-4128-a826-e94cc1b57f03,0.51028824,0.18027556
af47fd70-f15e-4042-9942-cc6a2b79fd99,0.35680857,0.8485159
afc8d13d-2f22-4cb1-b836-975757b98494,0.8116767,0.024613423
afce27f0-c21e-40e5-9c9e-a0692f30d1c5,0.84818035,0.22012247
afd3e3be-3607-4628-82cf-d58c1cdff1cf,0.71119255,0.019388288
affdf86a-cbc2-4ea6-9660-3f0491136206,0.27108026,0.24244988
b0361147-aee9-4cba-b910-92fe070f186c,0.55086976,0.40091538
b12395df-8f54-4e9a-ae0c-44ccfb6fb168,0.36202627,0.82542384
b1380133-31e4-47f5-9979-e6764a3729a8,0.4598156,0.37244505
b17d8333-6601-4690-833b-a098f1056d76,0.45054418,0.27407202
b1920ae7-f75b-4a7a-be3a-73db7b352673,0.8496781,0.00040186036
b1e29d1e-2787-4649-b06e-8bf716450392,0.80655134,4.2857243e-07
b1e95438-847e-43f0-a196-dae1e8feab54,0.6919185,0.20040603
b2296775-f12a-4a88-b5f6-dd5f4ff1e6c3,0.8297729,4.749922e-06
b24941d0-5b04-4b49-ab75-9dd962148f25,0.42168266,0.3233651
b29baebf-be15-4dc6-a55f-8c8dad3ab6d1,0.46467128,0.29946122
b37c1a6a-53d2-4462-9127-88eb0fd8b300,0.5919929,0.36620522
b3a5177e-f66b-4c8c-9b07-675fd4150150,0.6160913,0.25224683
b3e288e4-9d95-43e8-b090-d3b8c20a1841,0.23651916,0.034985535
b4113fd7-4c01-45c0-9d92-85c0a02e640d,0.57949775,0.3146836
b48881db-334f-4396-91a1-c888166b9cb4,0.7583339,0.00010795368
b4b232bb-ac92-4e84-aa4e-542e1f0d5ab5,0.5975858,0.12755838
b4b9c191-4add-4486-9449-f3fa233b2a45,0.66047823,0.022904687
b50a01e3-31b5-49cc-a620-c1ed7ad8e2f5,0.7068109,0.23859574
b50d66f9-fd64-41c3-9e93-ba74a253c634,0.5040533,0.49987763
b50efd6f-6c89-4901-962a-5375a155a020,0.7011127,0.32992658
b552930f-7e9d-4bfd-8b06-8c871a2e5cd6,0.47486103,0.032460015
b5b9c02e-e39e-4c3c-b766-0427f402c4a6,0.5853101,0.40556824
b600affb-8bfe-409e-a288-a848a424857a,0.6648288,0.5206668
b692fc38-a2e6-401e-ad4e-2d709a860177,0.7352755,9.4498296e-07
b6b8a9b2-91c5-4ac4-81d8-0f9957b9ef8a,0.45330533,0.736351
b6d80bc5-1c28-4393-a935-87da302b8933,0.36222512,0.95078886
b6dd5105-5f4a-4065-989d-80ca86fdefe8,0.74595726,1.4327279e-07
b702eb97-220a-46cf-9508-b5cb19797235,0.58019555,0.20885623
b7202af0-4840-4307-bc89-43df25926d06,0.39693347,0.6917495
b72565b0-a519-4c60-8409-c8585fdfe98c,0.5203538,0.2403863
b7323948-9998-430a-9d42-d908785a3782,0.63576853,0.18430267
b79afb2f-a3f7-4ca7-9273-4f7e3ed3d71a,0.7429758,0.16913468
b7cc0ce0-cd18-4f99-9faa-d5a36d8ffa71,0.5084689,0.37062433
b7d4984f-0a04-489a-8f9f-143b6c6c4c07,0.77185637,3.2226012e-07
b7f7f841-2127-409c-a4d6-b4352b8ba2c1,0.46176654,0.8154196
b808f022-3928-4771-923e-ae132c1f4dbe,0.5570339,0.52389026
b8516dbc-d0df-4737-9dc8-df68cd805358,0.66469085,0.2132972
b896794d-b00f-46a7-a6ed-7ddecabe5534,0.60609406,0.010256194
b89f80dd-409d-4012-b9b2-61ff4c7a668a,0.6422141,0.2906027
b8a8c9b8-13d4-4872-94c7-24fc1c31e357,0.7098902,0.06997156
b8d51b66-0ff2-49a7-9a9d-4d4d9930bc35,0.5822819,0.3651433
b9279e15-9474-4194-be6c-edace508f533,0.48319498,0.39889798
b977aaef-2e9d-44a3-ad49-cc01ff9ada9e,0.56261474,0.50154406
b9d99779-eb25-40c5-a3d9-132d38d8315f,0.713559,1.5319984e-06
b9e9a75d-6ba7-4aee-8e47-1f138f20f3d8,0.5792543,0.096593715
ba1a3318-67e7-4eef-a71c-57e2bb5985f0,0.5727909,0.30176106
ba517aad-edac-4711-8db3-95316c308c66,0.7395864,0.07567615
baa1d53a-18bf-423b-a65e-192aae0dc800,0.6744238,0.10309897
bad55c21-5652-4ab7-a924-3552f09e8b16,0.340034,0.93484265
bae84188-d4ba-4b91-bb12-d7c56aadebcf,0.527645,0.32016835
bb153711-a837-4c87-9fcd-d52854b5a846,0.51831084,0.29292196
bb203eba-13e2-4119-9941-da2ac610c944,0.38352245,0.52205676
bb56a1e0-cca4-4172-8e93-a9dbc2b3c1d9,0.75261587,6.071309e-07
bb772568-75b7-4351-8ac7-93f2af74f4c2,0.6864198,0.29891062
bbab9603-e11d-4022-ab7c-387dcff86870,0.63450605,0.2044508
bbad1b47-931b-4803-aeca-045cb797c1ab,0.5528513,0.0975658
bc0dba71-d45c-487d-a2b6-7e15b9c25d7b,0.49348384,0.531314
bc80783c-0a33-4f41-8d15-2f2990e59442,0.6447584,0.023042502
bc971b9e-86e9-4b29-be0d-35816b73e739,0.6197518,0.2946009
bcb8d34f-6349-4415-a3a6-496d8208becf,0.36017528,0.2583971
bd10516c-7648-4d37-a5fc-b18377616db2,0.5898162,0.5120842
bd38674f-6c08-4f10-a829-4637c8f87a27,0.46173608,0.35816267
bd569240-6c76-4cf8-8a60-44729d874456,0.7482394,7.6337865e-06
bd66aca2-9023-4371-9000-efab0e8197cc,0.4649106,0.42558405
bda63742-de52-4399-a13c-dcf880b850df,0.63261724,0.259587
bdc31d46-fd25-4da0-b704-95b0ba992600,0.5473641,0.33525407
be076850-d786-4e7c-a9f0-7656524395b1,0.6563858,5.753608e-07
be48bf9e-b779-4e87-ade7-608ba4fb99d0,0.7159736,0.14387426
be54a8e6-4dbe-4e68-aa09-4f301299f588,0.7295578,1.0167078e-06
be6e0c76-eb04-4fc7-9a53-af1ec154c82f,0.3471597,0.53748757
bec4cd2e-7fb4-4eb1-bf50-aa7b2d73d482,0.73742634,0.0008218905
bed6cbf1-1457-4ec3-98bd-d2a9bcd04e51,0.76677626,0.016182657
bef5af1f-105e-4291-a8a3-fee8d87a216f,0.610059,0.47377962
bf143acf-9de1-4e18-8ee5-a293da855b18,0.61635035,0.39721274
bf4e28c5-a4dd-4ccc-a23f-afd0dcc0e1e7,0.48518094,0.45961937
bf7c6545-6f67-42d8-9a7f-349531fc8c82,0.6985151,7.1756454e-05
bff0b306-390f-44fe-b840-283ca13ad091,0.5617986,0.23198158
c006c5b1-58d1-42ca-b436-80f3a85bf016,0.3444349,0.7330434
c028bd6a-8a67-413f-badc-e9f87c90e69d,0.57117915,0.08821031
c03d6b7f-ac48-4687-be4d-f5cc9aa6ea1a,0.3675978,0.9619782
c05f5ac2-d694-4136-8f8d-5a3ab0f6ac83,0.76587564,4.7813223e-06
c070599c-474b-491a-9392-62d4f82a910f,0.73860914,0.01817384
c1015c6c-1228-41f6-a6f9-73c2e7ad06f9,0.813489,0.52256685
c103a323-c4c2-4b43-95b3-5a9767f4e11e,0.7153516,0.0002452364
c178d600-47e3-4f36-a2aa-6c3415021141,0.5233183,0.3290922
c1c2ae66-f7da-4fef-95f9-a769245d1210,0.6539889,0.105894804
c1dc46cf-32fc-4d98-b55d-69c5ce9b28c5,0.54647195,0.34573182
c1e6485a-6b59-4efb-8214-7c4ed28b258c,0.710561,4.453861e-07
c2123323-ddc0-456d-b021-be36fe5c7c33,0.5317348,0.34625256
c2156d7c-6eb8-42aa-8190-45a3cbb6f5a2,0.5475471,0.43109283
c26c2957-6a41-4b19-976f-1427bdb67392,0.7177365,5.385942e-06
c277c29f-7581-4525-8e55-6d8eec090ba2,0.7555858,1.1551525e-06
c288a797-7585-486b-a825-c11650540cc0,0.6008995,0.3763057
c2d9a54f-a0d1-4159-a4ba-66bbfc6b25a8,0.7662103,0.0004579363
c34fb997-e70c-4c44-bc06-914e9ebc7834,0.57823205,0.262423
c369fee4-a5f1-4954-9741-6a0f2e180866,0.64206135,0.22094299
c389c905-5618-4f91-b7bf-4720d7f1ebc0,0.5934375,0.35115266
c3dbe6df-ff88-4a1e-9d83-db23075b424c,0.29228863,0.6410368
c44ba535-feab-4f04-976d-9196ac0d4489,0.7592103,6.718059e-05
c4640d24-c7b8-4910-888d-e3b2d05098ac,0.5937242,0.20180824
c4675c22-2bc5-4897-bd2b-91cdd4aa2784,0.7238308,8.671397e-05
c46c0ebb-98e6-4002-92a3-d6aedcf0548a,0.52709484,0.29667947
c47bd4e2-947c-44d4-a182-c5c03ef17bb8,0.75742966,0.04833583
c480efc0-7f0b-41ad-b13a-f7a572d87155,0.7436848,0.21440406
c4c03df0-a7aa-49be-9479-4246e5eb8c90,0.6267673,0.003092916
c4eec7ca-8ae4-4136-90d3-6ec919f282e8,0.790007,2.3023324e-05
c4fc5f7f-f628-4680-8392-d6da29078419,0.7668334,0.012727452
c558dbf4-c968-4b8d-9067-6513c43a0845,0.54470044,0.27117088
c55ae975-7ed7-4217-8edc-adc95e038812,0.54964685,0.4544076
c5d0741a-162e-4d93-868d-5a3d5c5c99cb,0.48997724,0.17139971
c60c4e9c-d4d2-4262-abe9-1595b0a2708d,0.48982134,0.05816218
c611d9f1-9e71-4fbf-80d4-c45601669156,0.67289877,0.2677988
c64e27bb-9064-4d92-bf8e-81d248c61a55,0.6352949,0.44297823
c66c0c3b-ba38-4db5-a2f9-0a56c68b9384,0.49905166,0.7085538
c688b91d-ed76-45fc-bc74-b7d5d9c5bc03,0.74449396,0.012894981
c690610a-6abf-406c-a7f5-6a9447397e77,0.72434086,0.032101627
c6a15567-7d9c-4078-92bf-bf19725f0c55,0.72423553,0.113552816
c6b02f98-881d-4155-9d56-1d68119be1f1,0.6645864,4.18746e-07
c6d10885-8a31-4cd4-babb-35d1da110f94,0.8349438,0.19713983
c6da2fc3-9160-49f8-9d3e-b0b7ee8ce0e1,0.8307959,0.012749598
c6fcafcf-6851-441e-b3ef-b4d15461fe83,0.574622,0.40510514
c713c733-cfd5-4051-a5cd-dc81a65ed37f,0.7449616,0.0022257918
c721c05d-a63e-4603-a471-f66d0883d102,0.74339694,0.051175736
c74d06f7-672e-4657-838f-5d48ee10d5de,0.68418247,0.048638903
c76099f7-4a77-42ac-8505-28255b871714,0.695021,0.020525234
c761b833-3edd-431c-befc-f6df33b24f7d,0.658187,0.26105696
c76a74fa-8fe3-49cf-aeea-f17ec08a5a5f,0.32663125,0.8719894
c7b1ca2d-e5e2-417a-8411-9e193138e7af,0.7258825,1.2672764e-07
c7fd4859-4ee3-490f-b7cb-9a23605ef39c,0.4190723,0.29055485
c88f57e0-0189-4887-92ce-499dea9b410e,0.71943384,0.0028036307
c91ac1b3-2eac-4788-ae2a-064e3100e9d3,0.7296002,0.7885264
c9791767-1321-4630-bcd2-9dcf2016041c,0.3203831,0.71026397
c98aa8a7-0d88-4680-9571-3c7e6b07658d,0.8133738,0.0058075907
c9a39559-1676-4a5f-92a7-4e93d61929e1,0.7909896,0.00091748004
c9d17861-3e60-4472-8ed4-679af0e6619e,0.4790363,0.5668875
c9dcbb13-8599-4e6a-94bc-3db47906d063,0.6536,0.22266637
c9ecd45f-05f3-43c3-a4de-86215f46cb9f,0.5416143,0.62415105
c9f2169e-a93e-4535-b62c-ef0e0abec14e,0.54077023,0.12463426
ca2ebb9b-f8a6-477a-8092-9553916dffaf,0.6174518,0.22164649
ca8ac7bb-a24e-49fd-b709-78afaa578a0a,0.7144667,5.0355147e-06
caa96ad8-3389-48ed-b69c-99c1d4a15547,0.7480394,0.3007708
cbe2a561-a2b5-4f17-a2f4-2f9ed85a2239,0.738014,0.0884378
cbf1c8ef-d8e4-4b10-b98e-c1459be821c9,0.505268,0.585454
cc3a31d7-b90b-43be-aee9-8dcab37d5b8e,0.5154444,0.5175468
cca01399-eb6f-48d2-9dd3-c4112d521224,0.75934094,4.3478875e-07
ccabff40-53d1-415a-8d6a-15a68701927d,0.7389994,0.12208813
ccc38009-c891-4cc1-8451-f72fd52fc1c1,0.45813054,0.46427783
ccda3423-d9d3-47d8-8945-1fc6c6991feb,0.62680835,0.2971976
cce5824d-b666-46aa-84c0-5f6b5033c65b,0.7726232,4.930181e-05
cd092357-41e4-4394-b48e-824518a56d2b,0.49682847,0.05043681
cd7a764e-f868-4877-8a1c-effcdf4ec3c4,0.5678945,0.28741816
cd95b8d0-b0cf-4feb-90ee-0c2e411c73cd,0.57603794,0.42518982
cda5a94f-50ba-40b0-8acd-e81bbd79081a,0.43865258,0.6092555
cde3fa66-caa7-4818-9145-a96ad6bc59d7,0.46294162,0.7735469
ce563f84-2a4b-4901-af22-4b1bfa15a3b8,0.47355804,0.47141576
ce83fb25-ae09-4c6a-b297-29225561b7d7,0.4904444,0.07598795
cecc7232-5f85-4c0d-8907-56d86f86535e,0.68904567,0.08521926
ced75683-dd13-477c-b768-1c55bb9b84dd,0.4090703,0.5353814
cee15687-9c5e-4666-9227-82060d870815,0.623909,0.5152049
cf240365-a78c-4281-a435-fb46330c67f2,0.73514116,6.7119818e-06
cf27166b-ceca-49ed-8772-9d2b41a6e054,0.7340526,0.071419075
cf2aa506-3cb0-41ff-bc59-3faee0231017,0.51377153,0.5042581
cf4421fa-ba08-4cd6-8b7b-4fb896d859b5,0.43637085,0.7182595
cf47e61f-2347-4c5f-ad30-e2099b9a0615,0.7120858,0.08395076
cfd4b241-2292-4541-86d5-cd375fe70233,0.776913,0.0005839972
cfecf78f-a8cd-49a0-a1ca-216126cd0a61,0.7188265,0.04055385
cff30055-1947-4ded-9703-06ef97102e9a,0.26287195,0.034215998
d00c6fb0-efc9-4019-85f1-cc5917a37a35,0.5458205,0.20213091
d05e2644-0a1b-4cb9-9ecb-f6222fc115ac,0.59689784,0.19150914
d07cd45f-62ee-4604-bdef-6e766993ae15,0.5847339,0.33965147
d0b914f3-8f8b-4582-8c09-0528fc26f814,0.6603814,0.53282386
d0f4f6da-81d6-4fbe-866b-e4b9bf425752,0.71144456,0.08229225
d100d688-3e90-4052-ae89-0fbca867f3b6,0.80827343,0.12657076
d119adc5-d488-4de1-9418-2fd287a689df,0.49097052,0.46201256
d1241f30-aa50-4828-8fd9-a2ab3c3f9eb6,0.6581391,8.5648484e-05
d16fbdf2-4618-406d-85f1-057acebce618,0.74510545,0.05920623
d1bbba0a-81f9-4a41-899a-9a1421997d96,0.56672555,0.39631873
d1e08b91-a9b6-407d-a547-09889a0825d6,0.30350322,0.5546318
d2337f76-d2b3-4c97-a8ca-c4b8e1e06a9c,0.4396345,0.34489533
d26b83a1-2d64-4f83-b8b4-83a4e6004b67,0.40469903,0.41582707
d29bc8ab-4b9e-4a15-8b2f-100c441fab65,0.91364634,0.23278412
d2ea91b4-ac22-430c-bdb0-0e08260e5ad1,0.5872088,0.48376846
d37c22b1-63ed-442b-a755-1a9b8a65423c,0.7140806,0.010920591
d3df4f29-7919-45c0-a1ec-4ab724c31175,0.7531073,0.0067383004
d4495fb4-ad8d-4757-a224-ac886d3d2885,0.71974254,0.08720065
d49fe5f5-f134-4789-8a21-26892b014ca8,0.6229591,0.012351553
d4a91c7a-a324-4aa8-9c0d-a8295665e33d,0.6473146,0.15855621
d4b2b4cb-4969-437d-8aa0-3d54d3ba91b2,0.7310515,3.197623e-05
d4d1cf63-ed31-405c-9268-ef4c9cffda36,0.5134099,0.8192398
d4e91984-bf2e-466d-a695-5c8247988467,0.46788812,0.36980587
d5badacb-33f1-440d-974d-5326e82216f6,0.67564136,0.21027009
d5d2fadd-7434-4f92-bc12-61ff586f7e95,0.70028824,0.19972445
d5e10eae-83fa-40ec-a891-8680700000d0,0.6938356,0.14375028
d5e59caf-8211-44a6-a120-d27bb953d979,0.70496583,0.20642269
d5ec50f0-6f51-43cd-896f-976c274e4844,0.66405284,0.19061479
d5faca0b-790c-44b0-9286-44bba0f5f5d5,0.5200583,0.47666326
d604912a-d8d2-4b4c-b4fc-40d4c205dd9f,0.6134358,0.38788953
d62f09f8-819e-4677-a162-5175b7b47f35,0.58333695,0.28323132
d67e4a5c-1162-43fe-8274-a90e2eca08c4,0.53486574,0.2661973
d689d2de-1748-4e7b-bdea-636576ce0149,0.5643061,0.855207
d69d5335-ccc8-42e5-9fa7-8acf481a81e9,0.69369024,4.5010998e-07
d6e0de12-7458-4dd0-8108-8c1a2b384590,0.67612755,0.015793178
d77e2e63-d15d-4149-bd49-d681e7c7d889,0.5116739,0.35315835
d7e2f61d-4d24-4c3c-b900-de88168ca07b,0.6366323,0.3341834
d8076b70-da9b-4455-bc50-07697c700db4,0.72649884,7.4637927e-07
d834e951-0b04-4150-8b7b-8854a7e4313d,0.7916381,0.068618126
d842da13-d8e5-4a7d-9294-da8b703414c7,0.6906191,0.15965006
d8566fdb-a6e7-4511-a20c-001c173f75ce,0.626228,0.0010064476
d8bdbd1e-10b6-4a03-a90c-b5088bb8597a,0.5840773,0.4177313
d8e2b03e-b861-4483-89a6-c7b8df172c0e,0.5034261,0.4904214
d9e78a2e-0be5-4ea7-b272-a7ab4182d7f5,0.49200538,0.48823324
da07df2c-6c04-4a8d-8b53-5b4ad3b8ad6c,0.41218626,0.43764067
da0ec14b-fc0b-44de-8e24-a5343c1c6b87,0.53492206,0.2519099
da2280d3-5633-475e-8e3f-5215ff2dc07a,0.55033016,0.30084997
da39eca9-b7a7-4586-800c-a37de001629c,0.39265496,0.70625126
da50c57c-44f1-49a0-89de-51ac001c80de,0.84500545,0.31018656
db005efb-4f1e-4f0e-9b14-100e10824885,0.5390746,0.56689864
db08890d-f67d-4c2a-9ce1-c3728c7340b6,0.5423905,0.47475222
db10bbde-d7f8-4472-9d0d-f5a1e1a4c74f,0.43946284,0.30447397
db369e29-81c8-46d4-877b-2d87482ba6be,0.75430727,2.3921891e-06
db5553fd-29b3-4526-8652-9b1f92fe6180,0.6999598,0.33216727
db5bf2b6-02bc-4de7-bd87-9a8bc7a0c431,0.7425875,0.05295684
db8df254-a301-4549-802b-a066fc6fed09,0.67280793,0.41790685
db959446-b5b9-437e-b198-d67f9b626f88,0.6041323,0.44177744
dba9f282-76eb-443b-8b86-511d3aabde60,0.45616415,0.6272155
dc450273-ecd5-4469-ba91-c7153ac86ab2,0.4822555,0.08862547
dc7d80f9-6c98-4757-8958-02e6e121de35,0.4523757,0.74245507
dc8b5f07-c87d-4920-b489-9261d0479b7c,0.6064182,0.1518363
dcd4795c-9855-4c8b-b9e3-3d6477e73d01,0.70003664,0.17575791
dd1629b6-e583-4abe-a2b6-6bf456316c00,0.7661672,0.00023298187
dd16c582-7721-4958-85d8-9baa14242b41,0.7145439,0.27686146
dd1d563a-5c09-4f4c-afa4-7d8970c7742c,0.6512474,0.0700733
dd405490-b41f-45fa-919a-b996c316e2d1,0.7982637,3.679855e-05
dd833416-2802-4f5d-8146-f698eb8d17e3,0.7572549,0.03009495
dd879c0e-c65a-43b1-ac71-8938d6674444,0.7701303,0.002560267
dd9e976e-0c06-4616-b5b8-8f8ec5bdecb8,0.5691971,0.3334441
ddcb8f48-01ca-474b-952b-9e3c90fe387f,0.78847307,0.12516038
ddcb985e-5adf-4675-82e2-c34a1ba693aa,0.85471785,0.20847483
ddf71865-167e-4b38-a5d7-f235d4ee5683,0.72352403,0.8047136
de5d38a5-9060-49d5-bd42-96dff5bff1a4,0.7540876,1.9293033e-05
deb35bca-a82f-4fd2-a06b-704959658bc2,0.6362603,0.33960444
df68a5e8-c334-4d80-b202-e7b9c04de228,0.7287946,0.004285778
df88fb32-a48a-4041-a357-255ac03eb89f,0.73695135,0.0006608196
dfca41ad-0d9c-48a4-8dab-ec59c5337fad,0.7008282,0.04557414
e02eae89-87c0-412c-b181-2000d4a89a94,0.751955,0.04231719
e0a8c20a-3629-4fcd-861e-aaa0e761722d,0.6014687,0.3092973
e0cb3fa3-3a97-4ee1-8eff-4c6805c0750a,0.59782416,0.18753698
e0cb8759-2428-4509-8b86-b5588048ef16,0.7399198,0.008193491
e0fbe1ae-7095-40b3-ac78-debcb5b13add,0.8067721,0.04742272
e12d2601-ad1e-4ae7-9411-b492dafe9a6d,0.6632199,0.05034278
e1813136-2d1b-49f6-84d8-7b759af07556,0.6787021,0.15692006
e1a1725b-f7e6-46e3-9113-009c912b28ab,0.631118,0.49407667
e1a533a8-fd2a-474c-bbc1-84606480e1bf,0.72102326,3.633583e-07
e1ab3e50-002e-46a9-874c-d0ca7ebc2dd2,0.7199649,0.005074514
e21eea1b-8b17-44bc-bcf5-1db6f7e37712,0.5983196,0.28113458
e22edcc3-5d47-4e55-93ea-c4fe02a79113,0.3699043,0.9379136
e243eea9-1f3b-44e4-b2af-34ba2c535e2b,0.49637887,0.4247059
e25eec8c-1e3f-4945-a660-03d332533846,0.77905506,1.4298095e-07
e2aaa6ef-cf78-401c-98dd-8f15ef53213a,0.6182936,0.13498025
e2b9cb46-45e4-4a93-b338-8fd257ea27bd,0.8302068,0.010313103
e2be583f-6b8e-4013-8e30-3a824eda53f0,0.50582916,0.41566756
e2d57d0f-7196-4896-8c27-3fa95ce07784,0.49017617,0.42147225
e33680ec-9fd2-43e3-a98d-d615d9229d7f,0.5497303,0.42550632
e33d2bda-5789-4495-8642-faf1e3ce9123,0.448264,0.5277796
e35e5d8a-b4ef-48cb-b208-73e8e1b91b7e,0.3286629,0.58756787
e38838a1-d51b-42f0-a27d-175d9e869a77,0.661586,0.18939458
e3dd2e41-4126-4093-bcec-92f5ad5a3cf7,0.40086812,0.1776582
e3e55b57-ec46-4746-a117-abc63828372d,0.7239838,0.010135582
e47b00aa-0e7f-4110-aa27-d1f96815ea8c,0.6102805,0.012802808
e47f2ebd-6844-430a-83c8-36b2e33f1aab,0.70690805,0.41528654
e49a1095-7300-4a74-810b-b7dc9a8b95e3,0.63343763,0.20269151
e49c40e1-2a2a-4b68-b6c3-54ecaf7c7b67,0.76846105,5.902927e-05
e527fec9-caf2-488f-b85f-6dd25d728bd0,0.6657365,0.0364841
e59af0ee-67bc-4926-8d6d-d9048e51e613,0.7222426,7.167038e-07
e5a3a4de-c9a3-4166-836b-0eea5a9afaf5,0.4259545,0.56466913
e5db20f0-0bc8-493e-85da-dfadf9e41421,0.7069888,0.10923224
e5faf165-d5fe-46ce-a1b4-3c4d139c7f35,0.74072194,2.913916e-06
e6027f72-0fde-48c3-8b71-97707069f738,0.68655545,7.114961e-07
e61b3714-bf51-4894-b329-66c17009b9c4,0.69138646,0.07460354
e639dc43-5435-40a5-b8aa-6da0b9614f00,0.5677405,0.21536267
e6812ba0-8e91-4328-b387-0ce6cdbd00b3,0.83036983,3.6135606e-07
e686085c-dcd4-4fe9-a9e5-a413e259d519,0.50746214,0.5547593
e6bb6390-3afa-40ae-846e-4f261201bca7,0.49197602,0.34291258
e6e38417-5238-4707-9601-d0f0d896a36e,0.59101635,0.21628389
e7367086-645d-497b-8c6e-04922a71aa0f,0.7022923,1.9858524e-06
e78184a8-36ad-4d02-b1a4-302187826fd6,0.6737218,0.06503256
e7921eca-da52-408c-b643-1eaf80e01ad5,0.39977065,0.68096775
e7d3bea5-0a89-4572-84d0-576ec93cb5f5,0.44131595,0.5148193
e7f78e38-8b81-4d16-bfad-9edff83aa279,0.5524226,0.45964444
e80a5ec1-ffc2-4b41-aaa3-4cf24194dc90,0.74640846,0.075796396
e830a5a0-62a3-46fe-bb71-89f191ce5638,0.7615672,0.042788364
e864434e-353a-44df-ab10-f298d41b200f,0.6835915,0.027083818
e8a28c2a-bf2d-4496-85ea-f34dc534e776,0.78585243,3.678396e-07
e8cfd402-e838-493d-842e-66fa5886b9ca,0.5551575,0.21645112
e9001e65-7aa1-468d-a7c6-dca4ad023e59,0.62599367,0.069337584
e93c4c4d-59f0-49a8-8290-8b90216435e8,0.49715304,0.32055017
e94eda18-1160-494e-979e-3a2f3823bf13,0.75609624,0.16426401
e993f137-8da2-411f-8543-0c7ac4fd708e,0.8151762,0.027575389
e9991acd-bb88-4ff0-b881-c82a62bfe4df,0.57712466,0.30978018
e9c75d60-9370-4ba2-968d-1d0f60fb114e,0.7507499,0.055941775
e9d082b5-8776-4306-8c1d-50e58545b1b1,0.53595227,0.34944406
e9e436d8-b003-4ffd-8554-3103845ebc94,0.53231514,0.3683094
ea543d92-8abe-4732-a85d-695524445512,0.73579407,9.3101875e-08
ea583384-c2ff-494b-9c62-91e31af357ad,0.7103306,0.14387107
ea59a915-41f7-4a9c-b7fe-3849d409129b,0.5634319,0.1841857
eab372bb-8135-44ae-8761-70f59ce81733,0.67593604,0.19060168
eb0ce96d-c17a-457b-80f9-60bae09de066,0.6042591,0.16177443
ebd79b59-6a02-4e8f-b544-2368f03c7cee,0.8477162,0.040710427
ebfc58a0-0415-48bd-9dc2-39ed057639af,0.32962623,0.49194345
ec40aa73-c25f-4154-af2a-05e8b71b016e,0.68751764,0.23368753
ec4cf724-eecf-4941-a69d-7cacb0ce162a,0.58775324,0.20103027
ec86a40f-a433-433e-a5f1-ad95838714f8,0.6337607,0.3257235
ecabbbe1-0ded-48f7-ad67-2872a2aa792b,0.6104258,0.07408882
ecea6316-cd6d-4bc6-9d15-41bb0f93bd51,0.71483356,0.0038883917
ed5473f3-f8df-4bb5-a246-83c71261f5b2,0.5519926,0.40200803
eda339c4-a1af-4498-b209-1ba98ce13e90,0.7219358,0.15198168
edf5f5e5-a55c-48fa-8e52-0bcfb4fd026d,0.36556256,0.7744575
ee1a95fe-d562-40f1-bd22-1ec80f769dbc,0.6636852,0.26438272
ee7bb877-5cb4-42bc-9749-8b3ff0b41116,0.75512064,0.024049243
eecf97d8-cf89-432a-99e2-27958b9933fe,0.7463214,0.124587685
ef3cf105-d4bd-4d51-b163-89c95f9f85dc,0.6085328,0.22216608
ef844554-11cb-4c5e-a36f-76b732bad425,0.43287838,0.38249603
f019ede9-06b8-4e23-8bdf-43cebbd1e578,0.548801,0.2598301
f02272fd-4808-4ef1-ac9d-696c62ae507a,0.35902068,0.7695538
f07f285e-8241-48ca-b7b8-8df473f8c651,0.29052,0.63341874
f07f5619-1b18-4010-8374-e9db9b11ff55,0.74729615,1.0224962e-05
f0ec4ada-e75b-4766-ab42-85f49dc0bb0b,0.4976468,0.26075152
f15e6f7c-44e7-4c5d-a53a-e8eb98ffcd47,0.5431013,0.24863204
f1663739-ef04-4776-aeb6-efe4682eaa8f,0.3274496,0.05428171
f19bbfba-0109-4691-ad96-61d0dd88c868,0.65440625,0.17401172
f1a3b4b6-0371-4b87-91d8-94c349b85dbb,0.66351384,0.49000213
f1eeb33e-03d1-4b67-a467-37020ea01799,0.5807029,0.07823073
f1fb188f-0180-476c-90ff-5885f255fae4,0.58800775,0.5213136
f20ca042-4e47-47fc-bc9a-0fd126331c91,0.7350379,5.2707276e-07
f25336b8-f974-49fa-9419-00d921caad46,0.75883037,1.4016988e-06
f26fb90e-8ad0-48e6-b08a-af36bdf4a470,0.8836234,0.42445683
f27bb8de-0c0a-43b3-a9b8-904dd7225af0,0.73058665,6.6048424e-06
f2816c2c-3f63-4b46-8bd8-88d7ec8ac581,0.24117559,0.9863398
f29afcbb-ffff-459f-8817-c3a6743a613b,0.6190708,0.104807995
f29fbed7-0ec7-41ce-8eb2-165017f18f86,0.64995795,0.3606732
f2b29417-19e4-41ff-9688-dda220662360,0.4694709,0.7403893
f2dfbf0e-47ba-4c62-8ddd-356852062386,0.5569179,0.36990774
f2e94928-8e76-476f-ba15-26d4b7a14842,0.7473545,3.2094606e-06
f2efe118-5a25-4c16-880c-c9257c3e0c43,0.757867,0.04044689
f2f8dc19-1d98-45ba-80b1-b50c97759e2a,0.69109386,0.26992297
f35efe73-7729-44d9-954d-51999c373dde,0.5023394,0.41314238
f365b36c-6722-4c2b-a935-9b398e24f4be,0.7360324,9.493843e-06
f3cbcc62-1acf-4196-96ea-8a06cf42b38c,0.7303151,0.40974417
f3d45e3a-0e16-4f00-a00e-abcc5952af38,0.7930247,5.195385e-05
f40886df-dc59-47cb-8cfb-1ae1310bb3d4,0.7865323,2.5437946e-06
f43cd48a-cbe4-4ae4-9bcd-e82db460c63a,0.8017901,0.015451012
f47145e7-1772-4f56-be8b-c67d4c54ffd4,0.6729825,0.05801838
f49a144d-3e36-4776-a2b0-cf51b8b74ca9,0.3811211,0.64636654
f4a1f40a-55eb-465b-b1a9-6b03207b85ab,0.5172156,0.54788077
f4a7c49e-6e63-4982-ade1-4cc7b70fb6af,0.4537433,0.6784897
f4b7f121-3315-460a-ae0f-dc5a8a6dc9f0,0.9116462,0.08627958
f4dc94f3-61fa-4434-952b-f08247cc72e9,0.6522952,0.16238922
f50fc947-606e-4e46-95ac-e000354f389d,0.5400983,0.25660306
f5121d63-c914-4265-bc57-a5a2c5735f9e,0.5702067,0.29421252
f54dc50e-2f65-4b10-8d84-ff15fdcf7129,0.46078044,0.049065173
f557b1ec-cadf-4c27-8482-3ff56280d86e,0.73450136,0.107896514
f560ee1b-fadb-4a10-8441-2ba7fa5c3e01,0.6272128,0.43173608
f57b1f4a-bc59-4410-98b1-ae586b3f73f6,0.6723596,0.04835018
f582ddd3-6b20-442d-9808-529d378e3d62,0.50658023,0.54795945
f586f2ff-4d45-42ab-bc46-b32f85739b6a,0.40154487,0.68321013
f5abd3b9-33bb-4cf7-b70f-f2999a674652,0.5966359,0.32735428
f5b6a911-618b-4f5f-a140-df87094e13b7,0.63379955,0.22586744
f5c0635e-0d7f-4adc-94d3-ed56c3aed422,0.7402677,0.0009443406
f5e5dda4-c3db-43a0-84d7-f3215ad4f205,0.6978118,0.08385941
f5fb1879-4c55-47a0-8309-ae18c2573264,0.77575064,2.19044e-07
f6109faa-99a2-4bcc-8fbb-403ff62f097d,0.44749564,0.5526453
f6f8d66d-43da-4cc8-91db-1cf51375b016,0.74767506,0.09696561
f7215a3e-997b-448a-af79-b8a06f43f041,0.51348376,0.53515744
f7663395-43f9-4d0c-8c16-46496b89ebd7,0.65365547,0.0012637965
f8800805-134f-489b-88c7-e91dcd45f865,0.74755645,0.00017104803
f8ff41f9-ef62-4d71-9874-1451af644779,0.70406926,0.031468596
f9553cf2-757f-49eb-804a-1793e4804e2f,0.06759818,0.213617
f976f3cf-16cc-4005-838b-6bdc6cb88e73,0.79998714,0.006463487
f9cb330c-9a75-43e0-b7db-9573fe1c8ae0,0.443956,0.49260983
fa1eb281-685d-419f-96e8-e12d1a98c32d,0.4125529,0.73427695
fa218347-dc4d-45bb-b749-556606fe1f16,0.53539425,0.6091451
fa2430de-870f-4205-95d8-2e2b2bb6b254,0.67001384,0.019090973
fa53a5c7-b170-4575-b529-1935b3186ee0,0.7041802,0.047466874
fa98d7bb-0c36-470e-84fe-7666ddb2ba91,0.7517445,1.7750262e-06
fa9a7adf-119e-4425-8d79-39a94a10b827,0.5479358,0.7259411
fae6bc3b-1aaa-476e-bd47-39b7e0df31e8,0.51744133,0.24575461
fb4ab829-b326-4796-a048-70ea292e7cac,0.6585558,9.0776e-07
fb674097-69de-4d2d-adb7-54becbe38fc1,0.52153575,0.17374161
fb77885c-b619-4c71-8164-9636d589e01a,0.3396795,0.99998593
fb79340b-ef07-40a7-a8c6-9cdf10c9fb2f,0.34157664,0.61392987
fbbb8dd4-2276-4cc8-88a5-1413310740ef,0.7538005,1.6234624e-07
fbd95a9a-2d87-425c-a4af-a725de184e55,0.65400195,7.189026e-07
fcdd2240-eac7-4e89-b901-727ea9e87de4,0.7019589,0.012165092
fd1f55fe-b4ed-4a72-8073-a27f11a4eec0,0.5752622,0.31048587
fd2a218d-6674-4531-9d15-535246b403d9,0.4871548,0.55133885
fd592402-8f98-47f2-aec0-10df541367b5,0.67176026,0.28582668
fd769f3d-0261-4578-9a42-dfeae891e6a5,0.7470716,2.8381797e-05
fd9982c0-7ab8-4f3e-9887-1fa23714695f,0.6416377,0.2858809
fdadc0df-f980-45e7-8a52-a8b2990467b0,0.72462845,0.13601175
fdb0d245-0100-427a-97b9-4b6b1a3f2b27,0.50496906,0.5880799
fdcd383e-462d-4ef5-9b57-08f5783e3885,0.6506009,0.005343182
fddc76da-2a6b-4205-afcc-f6caafe799c6,0.65643406,0.20054
fddcf736-9001-4c00-89c9-d99812e097c7,0.6389421,0.37778136
fdf4f4ad-3004-46cd-ba0b-5733a17daa33,0.82265395,1.5497717e-07
fe66fb5c-2664-463a-8903-9762a436ba37,0.84949094,1.2196374e-06
fe763a1c-9eed-42aa-a345-3ca949057b1d,0.5483259,0.18530796
fe954d5e-955e-4ca9-9cb1-6e4049d5a3ac,0.48961797,0.48954353
fe9b2f60-3af4-4288-b3ef-ce229f2a4c53,0.5294118,0.5120565
fecf3440-84f3-4bcb-b2c4-f6c939d80ec7,0.6723412,0.000119347154
fedfc0aa-8c07-4485-be7c-b444128c2ee4,0.747536,0.19766964
fee0b44f-2122-4067-bf1d-ebe3320aed73,0.82158226,0.0025703437
fefc6148-c16d-482c-a140-9594bc57a245,0.60551333,0.10545784
ff332300-7340-44c6-a779-83ac1dc7b7f0,0.62528116,0.011521831
ff53f691-1512-46d4-b81d-15e0ff28ca8d,0.7097497,0.0010822358
ff6f2650-d569-46e0-8ff2-2530cb6cd57d,0.23262027,0.51765084
ff7ee3e1-a916-4f4c-bc12-f3c9fc293e4c,0.49997076,0.4392747
ff8b80f1-5ca1-4bf6-9dd5-f2c14047f507,0.3473747,0.096491344
ffa399ff-667e-4fe0-884a-ae2f13cb028c,0.6667177,0.25207153
