uuid,reason
1781ae79-cc01-416a-8437-cda5501cd59d,conflicting_left_right_responses
18104105-f9e5-479a-a509-42285e67b9dc,conflicting_left_right_responses
1bdee467-b056-45dc-8c1d-6c47b591c89c,conflicting_left_right_responses
2a5b45e9-db43-4d92-bfa6-e471f95d8fe1,conflicting_left_right_responses
34769db1-9d8a-4dc7-9b22-a806c810f03e,conflicting_left_right_responses
4b0b02d3-af8f-4f26-a6f9-7713d46d0e23,conflicting_left_right_responses
59a4ff59-114d-4c79-815e-8fae385be646,conflicting_left_right_responses
5b246b2a-c2ca-4f9e-9f56-d283692aa3da,conflicting_left_right_responses
5dd947b0-d656-47d5-acd8-228aac6a3e41,conflicting_left_right_responses
6f53593e-cc8a-4779-accc-a10f37d6a1de,conflicting_left_right_responses
8133049b-35c4-48db-943a-042daefcb4e6,conflicting_left_right_responses
84bb8768-cede-44cc-9b37-c59601ad430c,conflicting_left_right_responses
9645b190-7dad-4817-9808-b558f5441a4d,conflicting_left_right_responses
9e9ea8b9-4df2-4045-b652-3a9be6b00fb5,conflicting_left_right_responses
9ea04235-600d-4907-a6ba-b01e2ee1b501,conflicting_left_right_responses
a0be15cf-7916-4087-bb88-c3fce6b0bcad,conflicting_left_right_responses
a7e55b26-7783-4430-961f-c78f972efb5e,conflicting_left_right_responses
a93755da-7717-4c20-814c-a948f11d8d92,conflicting_left_right_responses
af8404e9-825d-497d-90ae-d7c78b2e53bc,conflicting_left_right_responses
b947e142-d867-4d54-809f-b4248367c897,conflicting_left_right_responses
d6e5216b-1fce-4f92-a7b9-f1f9ed2da9d1,conflicting_left_right_responses
d814cc9e-76e2-4ff1-86e9-0159601e6929,conflicting_left_right_responses
df0ce575-63b2-4956-89be-0fd7d109532e,conflicting_left_right_responses
e012760e-08a4-47a6-bbf3-57a118c68925,conflicting_left_right_responses
e3acad40-0114-4959-b023-d5e7d084774f,conflicting_left_right_responses
f429e06c-3343-49d6-94a1-c4f7fe0c7b95,conflicting_left_right_responses
f54739ab-f9c9-4987-bb50-2ac53394e0e4,conflicting_left_right_responses
fc25f6e6-2351-499c-a3a4-3ab09694a869,conflicting_left_right_responses
