id,Ranking Izquierda,Ranking Derecha,skill iz,skill der,rank iz,rank der,ranking_izquierda_sort,ranking_derecha_sort
23,1,75,50.59285565841472,39.3814830479006,1.07,75.58,0.013333333333333334,75.0
55,2,3,48.91967137587063,47.14877565304259,2.61,6.02,0.6666666666666666,1.5
6,3,46,48.72436248541709,42.49948067862124,3.12,45.96,0.06521739130434782,15.333333333333334
85,4,30,47.978246137752194,44.08530139333714,4.87,32.53,0.13333333333333333,7.5
37,5,88,47.97020973716636,36.66459188832854,5.03,88.08,0.056818181818181816,17.6
56,6,4,47.145991041276126,47.08056943324209,7.73,6.13,1.5,0.6666666666666666
87,7,19,47.087429894406185,45.85001368280505,8.31,17.45,0.3684210526315789,2.7142857142857144
32,8,13,46.954175028964016,46.247233475613356,8.87,13.36,0.6153846153846154,1.625
33,9,23,46.74057779929379,45.29030416530987,10.19,22.42,0.391304347826087,2.5555555555555554
3,10,16,46.34552702751208,46.16778076705022,12.58,14.24,0.625,1.6
7,11,8,46.22815092429028,46.66280636915405,13.45,9.71,1.375,0.7272727272727273
90,12,11,46.11968053926017,46.40114089257003,14.51,12.07,1.0909090909090908,0.9166666666666666
17,13,21,46.117278520450846,45.32660239749288,14.14,22.07,0.6190476190476191,1.6153846153846154
57,14,82,46.056910785442476,38.58766766500307,14.83,81.26,0.17073170731707318,5.857142857142857
41,15,64,45.92631234543815,40.61969709663681,16.06,64.14,0.234375,4.266666666666667
30,16,9,45.79551770047753,46.60364312834644,16.81,10.12,1.7777777777777777,0.5625
25,17,18,45.71420473110073,45.87127537633447,17.59,17.05,0.9444444444444444,1.0588235294117647
45,18,1,45.66115685664944,47.49982959193588,18.22,3.79,18.0,0.05555555555555555
86,19,50,45.45261160635826,41.90742744204799,20.39,51.36,0.38,2.6315789473684212
46,20,14,45.394779224135306,46.22550597338247,20.36,13.68,1.4285714285714286,0.7
18,21,7,45.30494781252829,46.711539821884024,21.43,9.26,3.0,0.3333333333333333
74,22,70,45.180359503066846,40.262140759221296,22.58,67.49,0.3142857142857143,3.1818181818181817
64,23,2,45.05314940965235,47.33206053052547,23.84,4.71,11.5,0.08695652173913043
88,24,74,45.024926045241024,39.508369872013134,23.94,74.52,0.32432432432432434,3.0833333333333335
67,25,51,45.0014398634449,41.821758233339104,24.78,52.13,0.49019607843137253,2.04
39,26,12,44.918004297910535,46.34396850013573,25.18,12.54,2.1666666666666665,0.46153846153846156
21,27,5,44.903333505688394,46.99040784953257,25.33,6.95,5.4,0.18518518518518517
73,28,71,44.88655512955929,40.23876745382109,25.49,67.84,0.39436619718309857,2.5357142857142856
76,29,15,44.78340796948584,46.21714795155757,26.59,13.69,1.9333333333333333,0.5172413793103449
40,30,85,44.706342635920265,38.264564110580835,27.34,83.09,0.35294117647058826,2.8333333333333335
12,31,42,44.4496911031611,42.79225435749706,29.86,43.84,0.7380952380952381,1.3548387096774193
70,32,29,44.252635523347465,44.33093350485608,32.06,30.43,1.103448275862069,0.90625
1,33,44,43.59438471309738,42.61551574578477,39.13,44.95,0.75,1.3333333333333333
68,34,32,43.55626208466921,44.08215842436211,39.51,32.59,1.0625,0.9411764705882353
42,35,34,43.53382766549632,43.887281381175974,39.64,34.2,1.0294117647058822,0.9714285714285714
66,36,20,43.50306965313254,45.756219535790585,40.39,18.06,1.8,0.5555555555555556
89,37,35,43.46816453889969,43.87004665830782,40.37,34.06,1.0571428571428572,0.9459459459459459
43,38,53,43.44870059092773,41.70347877565886,40.63,53.45,0.7169811320754716,1.394736842105263
59,39,83,43.334978812332636,38.34724794873313,41.85,82.44,0.46987951807228917,2.128205128205128
51,40,25,43.32668020931857,45.162560371910295,41.91,23.49,1.6,0.625
4,41,55,43.30742425363029,41.59345210243481,42.56,54.48,0.7454545454545455,1.3414634146341464
58,42,89,43.26720626119058,36.25630399122788,42.41,88.66,0.47191011235955055,2.119047619047619
62,43,27,43.21683369827193,44.750198054835785,43.26,26.97,1.5925925925925926,0.627906976744186
61,44,24,43.19905030933644,45.2793748418646,43.47,22.18,1.8333333333333333,0.5454545454545454
24,45,31,43.140881401300014,44.082267846449085,44.2,32.49,1.4516129032258065,0.6888888888888889
63,46,26,43.1341219391687,44.994025952141925,44.14,25.0,1.7692307692307692,0.5652173913043478
60,47,22,43.07336092562485,45.306895046578155,45.12,22.03,2.1363636363636362,0.46808510638297873
53,48,47,43.051322961266706,42.314917150396376,45.25,47.6,1.0212765957446808,0.9791666666666666
75,49,63,43.04189912101876,40.717639703199026,45.43,63.14,0.7777777777777778,1.2857142857142858
31,50,77,43.02394420059165,39.1864288591634,45.84,76.92,0.6493506493506493,1.54
77,51,57,42.93561381035707,41.24606434850036,47.14,58.08,0.8947368421052632,1.1176470588235294
78,52,10,42.842223921662814,46.501292094083475,47.7,10.99,5.2,0.19230769230769232
8,53,6,42.72244520155946,46.8702200228045,49.4,7.78,8.833333333333334,0.11320754716981132
84,54,48,42.670338657973446,41.99815335450989,49.95,50.36,1.125,0.8888888888888888
9,55,69,42.17414608670813,40.35015519751539,55.37,66.97,0.7971014492753623,1.2545454545454546
69,56,36,42.01650408895397,43.75215848074794,57.2,35.51,1.5555555555555556,0.6428571428571429
26,57,49,41.94157846308881,41.97899581806788,58.01,50.74,1.163265306122449,0.8596491228070176
19,58,45,41.81019133339672,42.545229181998074,59.14,45.69,1.288888888888889,0.7758620689655172
28,59,38,41.64160541260484,43.49924144206232,60.75,37.46,1.5526315789473684,0.6440677966101694
48,60,33,41.6307699629423,43.91993710871446,60.73,33.85,1.8181818181818181,0.55
13,61,58,41.62927977618524,41.1677206920865,60.98,58.58,1.0517241379310345,0.9508196721311475
50,62,41,41.559672400334385,43.35674824810546,61.51,38.67,1.5121951219512195,0.6612903225806451
10,63,43,41.52945080700165,42.75882837820171,61.79,43.49,1.4651162790697674,0.6825396825396826
82,64,76,41.49726991986867,39.230195095313306,62.03,76.78,0.8421052631578947,1.1875
65,65,28,41.28138811844005,44.537148457125625,63.75,28.65,2.3214285714285716,0.4307692307692308
29,66,86,41.16128350333849,38.04822874467366,65.16,84.16,0.7674418604651163,1.303030303030303
81,67,80,40.98838011648813,39.091853723423384,66.63,77.78,0.8375,1.1940298507462686
20,68,37,40.892883294807454,43.61021934968473,67.04,36.73,1.837837837837838,0.5441176470588235
54,69,62,40.745953176764445,40.892030717528606,67.86,61.45,1.1129032258064515,0.8985507246376812
15,70,60,40.73549662366685,40.94553784606282,68.3,60.98,1.1666666666666667,0.8571428571428571
14,71,54,40.46844288872615,41.66731712071939,69.98,53.9,1.3148148148148149,0.7605633802816901
27,72,66,40.364152266076246,40.386138592754236,70.75,66.36,1.0909090909090908,0.9166666666666666
34,73,17,40.21721438577893,46.05199404337239,71.72,15.49,4.294117647058823,0.2328767123287671
36,74,52,39.92451884436627,41.758978096674326,73.44,53.06,1.4230769230769231,0.7027027027027027
44,75,56,39.72113286130249,41.58875679793694,74.49,54.54,1.3392857142857142,0.7466666666666667
47,76,39,39.57115490849728,43.48868742734077,75.15,37.6,1.9487179487179487,0.5131578947368421
5,77,40,39.43957624555631,43.3873644088154,75.92,38.26,1.925,0.5194805194805194
38,78,59,39.12986865195556,41.158318915564834,77.15,59.01,1.3220338983050848,0.7564102564102564
35,79,61,39.047879658425494,40.93638211060005,77.34,60.87,1.2950819672131149,0.7721518987341772
16,80,73,38.13186363732293,39.5503982619957,80.38,74.09,1.095890410958904,0.9125
83,81,78,37.39388121770499,39.17424533516196,82.32,77.39,1.0384615384615385,0.9629629629629629
79,82,72,37.34738908468075,40.04928560488081,82.54,69.63,1.1388888888888888,0.8780487804878049
22,83,79,37.01960465266713,39.17392630443238,83.44,77.16,1.0506329113924051,0.9518072289156626
71,84,67,36.97748757023444,40.38054283748221,83.43,66.62,1.2537313432835822,0.7976190476190477
2,85,90,36.96038846788045,35.47463715424357,83.36,89.62,0.9444444444444444,1.0588235294117647
11,86,81,36.156061644263985,38.742261964513595,85.8,80.41,1.0617283950617284,0.9418604651162791
80,87,65,35.666375220377304,40.39951023814009,86.66,66.5,1.3384615384615384,0.7471264367816092
49,88,87,34.507068359113624,38.031289241036106,88.8,84.18,1.0114942528735633,0.9886363636363636
52,89,68,34.50346584910496,40.373771399777155,88.71,66.73,1.3088235294117647,0.7640449438202247
72,90,84,34.40788502446043,38.30751222300264,88.91,82.66,1.0714285714285714,0.9333333333333333
