id,mu,sigma,skill,won,lost,score,rank,rank_of_mean_skill
45,50.00812001785767,0.8360968086405989,47.49982959193588,12346.0,3762.0,8584.0,3.79,1
64,49.83255016689125,0.8334965454552601,47.33206053052547,12386.0,3949.0,8437.0,4.71,2
55,49.63308762808729,0.8281039916815648,47.14877565304259,11930.0,4052.0,7878.0,6.02,3
56,49.564215870573456,0.8278821457771219,47.08056943324209,12003.0,4169.0,7834.0,6.13,4
21,49.47155666618642,0.8270496055512857,46.99040784953257,12210.0,4270.0,7940.0,6.95,5
8,49.34394712266301,0.8245756999528369,46.8702200228045,12117.0,4334.0,7783.0,7.78,6
18,49.1815164053334,0.8233255278164557,46.711539821884024,11743.0,4349.0,7394.0,9.26,7
7,49.128585091969924,0.8219262409386268,46.66280636915405,11752.0,4511.0,7241.0,9.71,8
30,49.06720810060896,0.8211883240875085,46.60364312834644,11428.0,4588.0,6840.0,10.12,9
78,48.96139094854125,0.8200329514859248,46.501292094083475,11516.0,4634.0,6882.0,10.99,10
90,48.85092836468903,0.8165958240396695,46.40114089257003,11350.0,4718.0,6632.0,12.07,11
39,48.79926665583627,0.8184327185668464,46.34396850013573,11321.0,4813.0,6508.0,12.54,12
32,48.70060438189894,0.8177903020951928,46.247233475613356,11392.0,4764.0,6628.0,13.36,13
46,48.67466912622098,0.8163877176128369,46.22550597338247,11283.0,4891.0,6392.0,13.68,14
76,48.66587364282752,0.8162418970899821,46.21714795155757,11303.0,4750.0,6553.0,13.69,15
3,48.6140442806452,0.8154211711983297,46.16778076705022,11202.0,4789.0,6413.0,14.24,16
34,48.49383756041052,0.8139478390127107,46.05199404337239,11397.0,5135.0,6262.0,15.49,17
25,48.31065763847128,0.8131274207122706,45.87127537633447,11004.0,5082.0,5922.0,17.05,18
87,48.309888981658275,0.8199584329510787,45.85001368280505,14612.0,5663.0,8949.0,17.45,19
66,48.19001805751281,0.8112661739074085,45.756219535790585,11027.0,5254.0,5773.0,18.06,20
17,47.74112153246164,0.8048397116562522,45.32660239749288,10216.0,5620.0,4596.0,22.07,21
60,47.72987558006608,0.8076601778293078,45.306895046578155,10571.0,5638.0,4933.0,22.03,22
33,47.704011699096746,0.8045691779289582,45.29030416530987,10390.0,5750.0,4640.0,22.42,23
61,47.696630783988915,0.8057519807081058,45.2793748418646,10396.0,5632.0,4764.0,22.18,24
51,47.57926836574331,0.8055693312776715,45.162560371910295,10149.0,5859.0,4290.0,23.49,25
63,47.40619220942749,0.8040554190951876,44.994025952141925,10154.0,5837.0,4317.0,25.0,26
62,47.15755820482664,0.8024533833302888,44.750198054835785,9703.0,6113.0,3590.0,26.97,27
65,46.942362404271854,0.8017379823820774,44.537148457125625,9611.0,6295.0,3316.0,28.65,28
70,46.731566065500566,0.8002108535481612,44.33093350485608,9281.0,6257.0,3024.0,30.43,29
85,46.473424202167045,0.7960409362766337,44.08530139333714,8789.0,6500.0,2289.0,32.53,30
24,46.48088453371067,0.7995388957538623,44.082267846449085,9326.0,6771.0,2555.0,32.49,31
68,46.47997082731452,0.7992708009841354,44.08215842436211,9062.0,6778.0,2284.0,32.59,32
48,46.31559029888033,0.7985510633886242,43.91993710871446,8937.0,6794.0,2143.0,33.85,33
42,46.27769388854553,0.7968041691231855,43.887281381175974,8653.0,6637.0,2016.0,34.2,34
89,46.2614916282601,0.7971483233174257,43.87004665830782,8728.0,6789.0,1939.0,34.06,35
69,46.14964388496676,0.799161801406272,43.75215848074794,9096.0,7083.0,2013.0,35.51,36
20,46.00081173834737,0.7968641295542156,43.61021934968473,8728.0,7032.0,1696.0,36.73,37
28,45.891420884301624,0.7973931474131005,43.49924144206232,8576.0,7258.0,1318.0,37.46,38
47,45.87625045889029,0.7958543438498412,43.48868742734077,8746.0,7391.0,1355.0,37.6,39
5,45.7738666585957,0.7955007499267635,43.3873644088154,8634.0,7334.0,1300.0,38.26,40
50,45.74838196869096,0.7972112401951655,43.35674824810546,8436.0,7168.0,1268.0,38.67,41
12,45.18086803861948,0.796204560374139,42.79225435749706,7609.0,7471.0,138.0,43.84,42
10,45.13860897968133,0.7932602004932022,42.75882837820171,7937.0,7696.0,241.0,43.49,43
1,45.00282077756724,0.7957683439274917,42.61551574578477,7642.0,7842.0,-200.0,44.95,44
19,44.9345485395823,0.7964397858614071,42.545229181998074,7831.0,8031.0,-200.0,45.69,45
6,44.87836360554175,0.7929609756401719,42.49948067862124,7130.0,7641.0,-511.0,45.96,46
53,44.698153347930244,0.7944120658446227,42.314917150396376,7093.0,7908.0,-815.0,47.6,47
84,44.388515387539194,0.7967873443431037,41.99815335450989,7325.0,8472.0,-1147.0,50.36,48
26,44.360964059434174,0.7939894137887654,41.97899581806788,6763.0,8167.0,-1404.0,50.74,49
86,44.29389612342671,0.7954895604595745,41.90742744204799,6589.0,8235.0,-1646.0,51.36,50
67,44.214002583917456,0.7974147835261151,41.821758233339104,6624.0,8494.0,-1870.0,52.13,51
36,44.153862734101516,0.7982948791423934,41.758978096674326,6957.0,8726.0,-1769.0,53.06,52
43,44.09499811436994,0.7971731129036966,41.70347877565886,6786.0,8647.0,-1861.0,53.45,53
14,44.06083504034512,0.7978393065419092,41.66731712071939,6701.0,8509.0,-1808.0,53.9,54
4,43.98194756393781,0.796165153834331,41.59345210243481,6346.0,8538.0,-2192.0,54.48,55
44,43.98498254714974,0.7987419164042658,41.58875679793694,6778.0,8790.0,-2012.0,54.54,56
77,43.64292245440511,0.7989527019682505,41.24606434850036,6012.0,8771.0,-2759.0,58.08,57
13,43.5670352405445,0.79977151615267,41.1677206920865,6303.0,9072.0,-2769.0,58.58,58
38,43.55870323055822,0.8001281049977963,41.158318915564834,6188.0,9211.0,-3023.0,59.01,59
15,43.34772234941638,0.8007281677845226,40.94553784606282,5896.0,9078.0,-3182.0,60.98,60
35,43.3358216196169,0.7998131696722817,40.93638211060005,6071.0,9367.0,-3296.0,60.87,61
54,43.29636905970249,0.8014461140579617,40.892030717528606,5917.0,9322.0,-3405.0,61.45,62
75,43.1259092913083,0.802756529369758,40.717639703199026,5804.0,9339.0,-3535.0,63.14,63
41,43.02393864716111,0.8014138501747676,40.61969709663681,5684.0,9139.0,-3455.0,64.14,64
80,42.81394073308764,0.8048101649825172,40.39951023814009,5718.0,9589.0,-3871.0,66.5,65
27,42.79835996768389,0.8040737916432189,40.386138592754236,5662.0,9690.0,-4028.0,66.36,66
71,42.79157529550302,0.8036774860069396,40.38054283748221,5571.0,9660.0,-4089.0,66.62,67
52,42.78122949165032,0.8024860306243888,40.373771399777155,5501.0,9716.0,-4215.0,66.73,68
9,42.76651112576829,0.8054519760843015,40.35015519751539,5446.0,9507.0,-4061.0,66.97,69
74,42.67591816323648,0.8045924680050633,40.262140759221296,5275.0,9584.0,-4309.0,67.49,70
73,42.660272822604114,0.8071684562610082,40.23876745382109,5243.0,9289.0,-4046.0,67.84,71
79,42.472345460481165,0.8076866185334509,40.04928560488081,5232.0,9867.0,-4635.0,69.63,72
16,41.99363405742983,0.8144119318113762,39.5503982619957,5062.0,10323.0,-5261.0,74.09,73
88,41.94982187127623,0.8138173330876992,39.508369872013134,4554.0,9949.0,-5395.0,74.52,74
23,41.84287980653527,0.8204655862115579,39.3814830479006,5116.0,13770.0,-8654.0,75.58,75
82,41.67329756510342,0.814367489930039,39.230195095313306,4615.0,10260.0,-5645.0,76.78,76
31,41.63868208726629,0.8174177427009609,39.1864288591634,4349.0,10238.0,-5889.0,76.92,77
83,41.62612627614709,0.8172936469950426,39.17424533516196,4550.0,10331.0,-5781.0,77.39,78
22,41.621226536103634,0.8157667438904174,39.17392630443238,4511.0,10270.0,-5759.0,77.16,79
81,41.54481270690502,0.8176529944938805,39.091853723423384,4313.0,10261.0,-5948.0,77.78,80
11,41.21008987221313,0.8226093025665117,38.742261964513595,4365.0,10862.0,-6497.0,80.41,81
57,41.0606958470178,0.8243427273382444,38.58766766500307,3954.0,10837.0,-6883.0,81.26,82
59,40.826921228466766,0.8265577599112117,38.34724794873313,3809.0,10955.0,-7146.0,82.44,83
72,40.79161660654091,0.8280347945127582,38.30751222300264,3873.0,10893.0,-7020.0,82.66,84
40,40.75323126089837,0.8295557167725128,38.264564110580835,3718.0,10891.0,-7173.0,83.09,85
29,40.54196666459639,0.8312459733075772,38.04822874467366,3692.0,11141.0,-7449.0,84.16,86
49,40.53322974650125,0.833980168488381,38.031289241036106,3723.0,11145.0,-7422.0,84.18,87
37,39.23126896232287,0.8555590246647777,36.66459188832854,2600.0,11650.0,-9050.0,88.08,88
58,38.855465992255816,0.8663873336759802,36.25630399122788,2533.0,11887.0,-9354.0,88.66,89
2,38.12764160350205,0.8843348164194951,35.47463715424357,2088.0,12519.0,-10431.0,89.62,90
