country,panel,category,group,count,denominator,percent
Chile,age_by_sex,19–29,Female,3759,37614,9.99361939703302
Chile,age_by_sex,19–29,Male,6123,37614,16.278513319508694
Chile,age_by_sex,19–29,Other,96,37614,0.2552241186792152
Chile,age_by_sex,30–39,Female,4947,37614,13.152017865688306
Chile,age_by_sex,30–39,Male,9907,37614,26.338597330781095
Chile,age_by_sex,30–39,Other,76,37614,0.20205242728771203
Chile,age_by_sex,40–49,Female,2546,37614,6.768756314138352
Chile,age_by_sex,40–49,Male,4899,37614,13.0244058063487
Chile,age_by_sex,40–49,Other,50,37614,0.1329292284787579
Chile,age_by_sex,50–59,Female,1264,37614,3.360450895943
Chile,age_by_sex,50–59,Male,2091,37614,5.559100334981656
Chile,age_by_sex,50–59,Other,14,37614,0.03722018397405221
Chile,age_by_sex,60–69,Female,582,37614,1.5472962194927422
Chile,age_by_sex,60–69,Male,882,37614,2.3448715903652895
Chile,age_by_sex,60–69,Other,9,37614,0.023927261126176425
Chile,age_by_sex,70+,Female,136,37614,0.3615675014622215
Chile,age_by_sex,70+,Male,230,37614,0.6114744510022864
Chile,age_by_sex,70+,Other,3,37614,0.007975753708725474
Chile,identification,Left,Left,12314,37328,32.988641234462065
Chile,identification,Neutral / centrist,Neutral / centrist,15565,37328,41.69792113159023
Chile,identification,Right,Right,9449,37328,25.313437633947704
France,age_by_sex,20–29,Female,118,1077,10.95636025998143
France,age_by_sex,20–29,Male,352,1077,32.68337975858867
France,age_by_sex,20–29,Other,0,1077,0.0
France,age_by_sex,30–39,Female,60,1077,5.571030640668524
France,age_by_sex,30–39,Male,259,1077,24.04828226555246
France,age_by_sex,30–39,Other,0,1077,0.0
France,age_by_sex,40–49,Female,42,1077,3.8997214484679668
France,age_by_sex,40–49,Male,120,1077,11.142061281337048
France,age_by_sex,40–49,Other,0,1077,0.0
France,age_by_sex,50–59,Female,24,1077,2.2284122562674096
France,age_by_sex,50–59,Male,69,1077,6.406685236768802
France,age_by_sex,50–59,Other,0,1077,0.0
France,age_by_sex,60–69,Female,6,1077,0.5571030640668524
France,age_by_sex,60–69,Male,19,1077,1.7641597028783658
France,age_by_sex,60–69,Other,0,1077,0.0
France,age_by_sex,70+,Female,4,1077,0.3714020427112349
France,age_by_sex,70+,Male,4,1077,0.3714020427112349
France,age_by_sex,70+,Other,0,1077,0.0
France,identification,Left,Left,667,935,71.33689839572193
France,identification,Neutral / centrist,Neutral / centrist,123,935,13.155080213903744
France,identification,Right,Right,145,935,15.508021390374333
Brazil,age_by_sex,20–29,Female,98,641,15.288611544461778
Brazil,age_by_sex,20–29,Male,128,641,19.96879875195008
Brazil,age_by_sex,20–29,Other,0,641,0.0
Brazil,age_by_sex,30–39,Female,65,641,10.14040561622465
Brazil,age_by_sex,30–39,Male,162,641,25.273010920436818
Brazil,age_by_sex,30–39,Other,0,641,0.0
Brazil,age_by_sex,40–49,Female,40,641,6.240249609984399
Brazil,age_by_sex,40–49,Male,68,641,10.60842433697348
Brazil,age_by_sex,40–49,Other,0,641,0.0
Brazil,age_by_sex,50–59,Female,24,641,3.74414976599064
Brazil,age_by_sex,50–59,Male,28,641,4.368174726989079
Brazil,age_by_sex,50–59,Other,0,641,0.0
Brazil,age_by_sex,60–69,Female,16,641,2.49609984399376
Brazil,age_by_sex,60–69,Male,11,641,1.71606864274571
Brazil,age_by_sex,60–69,Other,0,641,0.0
Brazil,age_by_sex,70+,Female,0,641,0.0
Brazil,age_by_sex,70+,Male,1,641,0.15600624024961
Brazil,age_by_sex,70+,Other,0,641,0.0
Brazil,identification,Left,Left,377,561,67.20142602495544
Brazil,identification,Neutral / centrist,Neutral / centrist,62,561,11.051693404634582
Brazil,identification,Right,Right,122,561,21.74688057040998
