option_id,z1,z2,short_name,name,topic_name,ranking_izquierda_sort,ranking_derecha_sort,highlight_side,highlight_rank
1,0.663117,0.46045652,Farmacias,Creación de Farmacias Populares,Salud,0.75,1.3333333333333333,Other,
2,0.9779094,0.7692931,Marihuana,Legalización de la Marihuana,Salud,0.9444444444444444,1.0588235294117647,Other,
3,0.33105394,0.27427515,Cárcel Cohecho,Cárcel Efectiva para Soborno y Cohecho,Política Criminal,0.625,1.6,Other,
4,0.545465,0.68518764,Retiro AFP,Retiro Anticipado Fondo de Pensiones,Pensiones,0.7454545454545455,1.3414634146341464,Other,
5,0.7392703,0.11539124,Más Metro,Crear Nuevas Líneas de Metro,Vivienda y Transporte,1.925,0.5194805194805194,Other,
6,0.18535955,0.4718097,Agua,Desprivatización del Agua,Economía,0.0652173913043478,15.333333333333334,Left,3
7,0.46148545,0.29128605,Sename,Reforma Sename,Política social y ciudadanía,1.375,0.7272727272727273,Other,
8,0.49798897,0.1347092,Narcotráfico,Lucha contra el Narcotráfico,Política Criminal,8.833333333333334,0.1132075471698113,Right,3
9,0.7451058,0.63302886,Termoeléctricas,Adelantar Cierre Termoeléctricas,Medio Ambiente,0.7971014492753623,1.2545454545454546,Other,
10,0.74524176,0.26960477,Voto Obligatorio,Voto Obligatorio,Democracia,1.4651162790697674,0.6825396825396826,Other,
11,1.0,0.3680529,Educación RRSS,Educación sobre uso de Redes Sociales,Educación,1.0617283950617284,0.9418604651162792,Other,
12,0.08853665,0.126694,Zonas de Sacrificio,Regulación y Fiscalización de Empresas en Zonas de Sacrificio,Medio Ambiente,0.7380952380952381,1.3548387096774193,Other,
13,0.7885205,0.4905309,Impuesto al Carbono,Aumento de Impuesto al Carbono,Medio Ambiente,1.0517241379310345,0.9508196721311476,Other,
14,0.091348045,1.8264686e-08,Subsidio Luz,Subsidio al precio de la electricidad,Economía,1.3148148148148149,0.7605633802816901,Other,
15,0.041077033,1.4563757e-07,Subsidio Agua,Subsidio al precio del agua,Economía,1.1666666666666667,0.8571428571428571,Other,
16,0.94111645,0.39235675,Bibliotecas,Modernización Bibliotecas,Educación,1.095890410958904,0.9125,Other,
17,0.37388113,0.29805562,Salario Profesores,Aumento Salario Profesores,Educación,0.6190476190476191,1.6153846153846154,Other,
18,0.3899645,0.23853867,IVA medicamentos,Reducción IVA a los Medicamentos,Política Tributaria,3.0,0.3333333333333333,Other,
19,0.24366346,3.957e-08,IVA libros,Reducción IVA a los libros,Política Tributaria,1.288888888888889,0.7758620689655172,Other,
20,0.551994,0.012283187,Notarios,Reforma o fin de sistema de Notarios,Modernización del Estado,1.837837837837838,0.5441176470588235,Other,
21,0.35565934,0.19932085,Dieta Parlamentaria,Reducción Dieta Parlamentaria,Modernización del Estado,5.4,0.1851851851851851,Right,4
22,0.9371871,0.4416227,Terrenos Fronterizos,Prohibición Compra de Terrenos Fronterizos a Extranjeros,Modernización del Estado,1.0506329113924051,0.9518072289156626,Other,
23,0.1782478,0.60531896,Nueva Constitución,Nueva Constitución para Chile,Modernización del Estado,0.0133333333333333,75.0,Left,1
24,0.6204946,0.35555857,Subsidio Vivienda,Subsidio Vivienda,Vivienda y Transporte,1.4516129032258065,0.6888888888888889,Other,
25,0.49213105,0.24718419,Ciencia y Tecnología,Aumentar Inversión en Ciencia y Tecnología a 1% del PIB,Educación,0.9444444444444444,1.0588235294117647,Other,
26,0.7432949,0.4889071,Camara Única,Reducción del Parlamento a una Camara Única,Reforma Congreso,1.163265306122449,0.8596491228070176,Other,
27,0.86363506,0.449052,Armas de Fuego,Restricción Venta y Uso de Armas de Fuego,Política Criminal,1.0909090909090908,0.9166666666666666,Other,
28,0.71430385,0.2917629,Protección Consumidor,Aumentar la Protección del Consumidor,Economía,1.5526315789473684,0.6440677966101694,Other,
29,1.5861886e-08,2.8885e-08,Matrimonio Igualitario,Matrimonio Igualitario,Política Social y Ciudadanía,0.7674418604651163,1.303030303030303,Other,
30,0.5031336,0.2807217,Programas Intervención,Programas de Intervención para Niños y Jóvenes de Alto Riesgo,Política Social y Ciudadanía,1.7777777777777777,0.5625,Other,
31,0.6380609,0.79995054,Fuerzas Armadas,Reforma Fuerzas Armadas,Modernización del Estado,0.6493506493506493,1.54,Other,
32,0.30298433,0.29264808,Cárcel Colusión,Cárcel efectiva para Delitos de Colusión,Política Criminal,0.6153846153846154,1.625,Other,
33,0.24181615,0.31068993,Cárcel Impuestos,Cárcel efectiva para Delitos Tributarios (evasión de impuestos),Política Criminal,0.391304347826087,2.5555555555555554,Other,
34,0.4625287,0.044820387,Reducción Parlamento,Reducción Número de Parlamentarios,Reforma Congreso,4.294117647058823,0.2328767123287671,Other,
35,0.88663185,0.2825237,Impuestos a vicios,"Aumentar Impuesto al Alcohol, Tabaco, y Comida Chatarra",Política Tributaria,1.2950819672131149,0.7721518987341772,Other,
36,0.83470994,0.29448995,Información Personal,Resguardar y Proteger Información Personal,Política Social y Ciudadanía,1.4230769230769231,0.7027027027027027,Other,
37,0.08392607,0.79335153,Asamblea Constituyente,Asamblea Constituyente,Modernización del Estado,0.0568181818181818,17.6,Left,2
38,0.8815131,0.3676344,Custodia Compartida,Custodia compartida de hijos de padres separados,Modernización del Estado,1.3220338983050848,0.7564102564102564,Other,
39,0.47692114,0.25407735,Adulto Mayor,Red de Cuidado Adulto Mayor,Salud,2.1666666666666665,0.4615384615384615,Other,
40,0.42446622,0.8651417,Pueblos Originarios,Reivindicación y Apoyo de Pueblos Originarios,Modernización del Estado,0.3529411764705882,2.8333333333333335,Other,
41,1.2611372e-07,0.47336575,Litio Estatal,Estatización del Litio,Economía,0.234375,4.266666666666667,Other,
42,0.63687164,0.3660465,Aporte Empleador a AFP,Aporte del Empleador a Fondo de Pensiones,Pensiones,1.0294117647058822,0.9714285714285714,Other,
43,0.017996602,0.14444222,Glaciares,Inviolabilidad de Glaciares,Medio Ambiente,0.7169811320754716,1.394736842105263,Other,
44,0.8522774,0.33448058,Bicicletas,Inversión infrastructura cicloviaria,Vivienda y Transporte,1.3392857142857142,0.7466666666666667,Other,
45,0.4067104,0.24339354,Contribuciones,Reducción Contribuciones de Adultos Mayores Vulnerables,Política Tributaria,18.0,0.0555555555555555,Right,1
46,0.36778972,0.2541783,Transporte Tercera Edad,Transporte Público Gratuito para Ciudadanos de la Tercera Edad,Vivienda y Transporte,1.4285714285714286,0.7,Other,
47,0.7358681,0.12235998,Bilingüe,Promover Educación Bilingüe (Inglés),Educación,1.948717948717949,0.5131578947368421,Other,
48,0.7120867,0.2502155,Ficha Médica Digital,Establecer Ficha Médica Digital Universal,Salud,1.818181818181818,0.55,Other,
49,1.0,0.32323715,Venta de Alcohol,"Restringir Venta de Alcohol en Delivery, Supermercados, o por Horario",Salud,1.011494252873563,0.9886363636363636,Other,
50,0.30432776,2.5955944e-05,Cuoteo Diplomático,Eliminar Cuoteo Político en Posiciones Diplomáticas,Modernización del Estado,1.5121951219512195,0.6612903225806451,Other,
51,0.34948006,0.09498104,Reelección de Alcaldes,"Limitar Reelección de Alcaldes, Parlamentarios y Presidentes",Democracia,1.6,0.625,Other,
52,0.98947763,0.29044813,Edad de Jubilación,Aumento Edad de Jubilación,Pensiones,1.3088235294117647,0.7640449438202247,Other,
53,0.68399096,0.5147102,Sistema Salud para Electos,Uso Obligatorio de Sistema de Salud Público para Funcionarios Electos,Modernización del Estado,1.0212765957446808,0.9791666666666666,Other,
54,0.8088572,0.49820936,Transbank,Fin al Monopolio de Transbank,Economía,1.1129032258064515,0.8985507246376812,Other,
55,0.32991028,0.33294645,Pensión Mínima,Pensión Mínima Igual o Mayor al Sueldo Mínimo,Pensiones,0.6666666666666666,1.5,Other,
56,0.4052761,0.3090803,Seguro Universal,Seguro Universal de Salud,Salud,1.5,0.6666666666666666,Other,
57,0.2442137,0.8622716,Derechos Humanos,Investigación Judicial de Violaciones Recientes a los Derechos Humanos,Política Criminal,0.1707317073170731,5.857142857142857,Left,5
58,0.5115873,0.971442,Retiro FFAA,Retiro de Fuerzas Armadas,Seguridad,0.4719101123595505,2.119047619047619,Other,
59,0.58428687,0.8562077,Toque de Queda,Fin de Toque de Queda,Seguridad,0.4698795180722891,2.128205128205128,Other,
60,0.59705716,0.21139732,Educación Técnico Profesional,Mejorar Educación Técnico Profesional,Educación,2.136363636363636,0.4680851063829787,Other,
61,0.58719116,0.21800452,Estructura Productiva,Diversificar la Economía,Economía,1.8333333333333333,0.5454545454545454,Other,
62,0.6231308,0.2682901,Aumento de Médicos,Aumento de Cupos en Especialidades Médicas,Salud,1.5925925925925926,0.627906976744186,Other,
63,0.6176141,0.23191552,Sala Cuna,Acceso Universal a Sala Cuna,Educación,1.7692307692307692,0.5652173913043478,Other,
64,0.44190553,0.24010666,Enfermedades Catastróficas,Creación del Seguro de Enfermedades Catastróficas,Salud,11.5,0.0869565217391304,Right,2
65,0.6606626,0.21063702,Fonasa Farmacia,Ampliación Convenio Fonasa con Farmacias,Salud,2.3214285714285716,0.4307692307692308,Other,
66,0.36442673,0.11566419,Elección Parlamentarios,Limitar la Reeleción de Parlamentarios y Parlamentarias,Democracia,1.8,0.5555555555555556,Other,
67,0.5245623,0.6631121,Participación Directa,Aumentar Instancias de Participación Ciudadana Directa,Democracia,0.4901960784313725,2.04,Other,
68,0.65448755,0.32457384,Fondo Común Municipal,Fortalecimiento del Fondo Común Municipal,Modernización del Estado,1.0625,0.9411764705882352,Other,
69,0.70715976,0.2650858,Espacios Públicos,Creación de Más y Mejores Espacios Públicos,Política Social y Ciudadanía,1.5555555555555556,0.6428571428571429,Other,
70,0.59160346,0.32552218,Pilar Solidario,Mejorar Aporte del Estado a Pensiones de los Más Necesitados,Pensiones,1.103448275862069,0.90625,Other,
71,0.9600867,0.23871005,Periodo Presidencial,Extender Periodo Presidencial a 6 años,Modernización del Estado,1.2537313432835822,0.7976190476190477,Other,
72,1.5510611e-09,1.0,Provincias,Reducir Número de Provincias,Modernización del Estado,1.0714285714285714,0.9333333333333332,Other,
73,9.061789e-09,0.38351837,Ley de Pesca,Derogación Ley de Pesca,Economía,0.3943661971830985,2.5357142857142856,Other,
74,0.39897552,0.79038876,40 Horas,Reducción de Jornada Laboral a 40 horas,Laboral,0.3142857142857143,3.1818181818181817,Other,
75,8.297e-08,0.11761402,Cambio de Gabinete,Cambio de Gabinete,Modernización del Estado,0.7777777777777778,1.2857142857142858,Other,
76,0.30645144,0.21648459,Sueldo Altos Funcionarios,Reducción sueldos altos funcionarios públicos,Modernización del Estado,1.9333333333333331,0.5172413793103449,Other,
77,0.027969796,0.08541665,Franquicias tributarias,Eliminación de franquicias tributarias a las ganacias de capital para acciones,Política Tributaria,0.8947368421052632,1.1176470588235294,Other,
78,0.42519358,0.1267333,Sistema Electoral,Eliminación de elección de parlamentarios por arrastre,Democracia,5.2,0.1923076923076923,Right,5
79,0.96689504,0.36841288,Vías Exclusivas,Más Vías Exclusivas para Buses,Vivienda y Transporte,1.1388888888888888,0.8780487804878049,Other,
80,0.94856864,0.24706535,Autopistas,Más Autopistas Urbanas,Vivienda y Transporte,1.3384615384615384,0.7471264367816092,Other,
81,0.83359843,0.669818,Viviendas Integradas,Integracion de Viviendas Sociales en Edificios Particulares,Vivienda y Transporte,0.8375,1.1940298507462686,Other,
82,0.81658447,0.6335268,Barrios Integrados,Integración de Viviendas Sociales en Barrios Altos,Vivienda y Transporte,0.8421052631578947,1.1875,Other,
83,0.9369684,0.43055195,Edad Máxima,Edad Máxima para candidaturas a Cargos Políticos,Modernización del Estado,1.0384615384615383,0.9629629629629628,Other,
84,0.16541052,0.012851928,Libre de Carbono,Chile Libre de Carbono al 2040,Medio Ambiente,1.125,0.8888888888888888,Other,
85,0.23640545,0.42805192,Progresividad de Impuestos,Aumentar progresividad de impuestos (más impuestos a Súper Ricos),Política Tributaria,0.1333333333333333,7.5,Left,4
86,0.3814126,0.6727685,CAE,Condonación de las deudas del Crédito con Aval del Estado (CAE),Educación,0.38,2.6315789473684212,Other,
87,0.37018803,0.25461584,Sueldo Mínimo,Aumentar el Sueldo Mínimo,Laboral,0.3684210526315789,2.7142857142857144,Other,
88,0.35002434,0.83047754,Plebiscitos Nacionales,Habilitar plebiscitos nacionales.,Democracia,0.3243243243243243,3.0833333333333335,Other,
89,0.29396904,0.046756446,Autonomía Regional,Entregar más autonomía a las regiones en su gobernanza.,Modernización del Estado,1.0571428571428572,0.945945945945946,Other,
90,0.3535819,0.23392731,Límite Precio Medicamentos,Limitar Precio o Ganacia de Medicamentos,Salud,1.0909090909090908,0.9166666666666666,Other,
