participant_id,z1,z2,side
001b18de-e566-4b13-9cf3-33e22e32be2a,0.638296,0.27429596,Right
002323cc-f7bd-4c3b-b3a7-d909a4b48556,0.5396593,0.38238546,Left
007fb7f8-afde-4779-8fd9-191083118401,0.7586232,4.740771e-07,Left
00adaa11-da32-4ad3-8377-bb6c69bf98c3,0.69365984,0.005414791,Left
0179b686-baf9-4b09-a4aa-945877fd51aa,0.750049,4.5622778e-07,Left
023fbbd3-abfd-435b-96c1-bb581dd8db02,0.7254563,0.09243546,Left
02569549-0c63-41aa-ad60-a0a3a21b7ab3,0.43725398,0.7547274,Right
0293919d-fc98-4b97-bd3d-c196d7ff11f9,0.41825402,0.469255,Right
02dd6c22-d1f0-4c3b-abd3-913b1e884088,0.67568797,0.16102326,Left
02e91bef-d3bd-49af-92cc-6bf77da40492,0.7546719,0.16786161,Left
02eaddd5-5250-4bf8-919e-39ddaaa499e6,0.7307048,0.00058636756,Left
034e154f-8da8-4299-aec9-aef396f5232b,0.45865846,0.07056999,Left
039cac17-160f-4f8c-a50f-623331319752,0.692712,0.11795665,Left
0442af35-cd37-4c14-b625-d71eaee0971d,0.7669142,0.07197711,Left
04495bfc-9001-4d5a-9ea0-46b71a99c9f2,0.59854054,0.35145864,Right
04602501-c788-4df0-839b-1024fafb7f88,0.60938185,0.5668716,Left
046e09a3-adfd-4cb9-a49f-aee27b76c12c,0.7785016,2.1291605e-07,Left
04bd6bf6-10b0-4b94-8c71-3671cae770d1,0.5012101,0.34941515,Right
0515cefa-43fc-4e57-8f87-4e5875fba72c,0.54393566,0.02676306,Left
051af5de-f5f3-43e4-aa45-8e3bdcf7c8ef,0.6265842,0.2831373,Left
05a5c4e3-6747-4f04-ace0-ec748a164db1,0.7971043,0.007850762,Left
067e4ae4-dd50-445b-98f3-19b9015b2534,0.7693372,0.0020968197,Left
067f9378-a4d3-4796-a665-37d256de20f8,0.7871167,0.00027811818,Left
0717f069-6b0f-47ab-9aa3-b583fe04730f,0.643396,0.27528957,Left
07302d4e-8bfa-4c2e-a7c7-4d006f940501,0.6786678,0.022732858,Left
076e86a6-9546-46e6-ac8b-2c74ad3be3dd,0.69078434,0.075545244,Left
07ae7972-30ed-4a26-b4ee-7d3fbce5a009,0.7607241,1.6226344e-05,Left
089903e1-491b-425c-b8ca-b2f82389c5cb,0.74955267,4.669832e-07,Left
08cfc958-9c86-4490-8490-6de59285dc72,0.6422786,0.11894909,Left
08ec76a4-6b30-4df4-8f20-c0ed94e8ebe4,0.58082324,0.089548714,Left
0922328b-974a-4a4a-a755-e0834cd1c87d,0.7181551,0.0051627965,Left
0937e574-816e-4384-9487-c50a4c911204,0.8067598,6.5069764e-07,Left
096dd395-2623-4c02-b5ad-12ac8b35023c,0.68839633,5.572925e-07,Left
097b0e46-0f4f-456e-af66-4621527f0449,0.77581626,0.060152028,Left
0a2aaac8-e756-4954-8bfe-a3aa2fcd6fe5,0.41032702,0.68576336,Right
0a6ef30e-74a3-4a6d-9f25-871bc8f2c6d5,0.7685987,0.36023137,Left
0a750f18-8477-4069-a864-cb7101c97716,0.6727527,0.18127601,Left
0a92582e-9df7-4f18-a6b5-179466766152,0.67163336,0.13780922,Left
0ac6f4f1-f240-466c-97a8-8ba317b6a67b,0.7849991,0.05310082,Left
0ad3ae21-9e4d-49ff-a856-89d92bffb629,0.76328737,0.06813836,Left
0b35e8fa-8b33-451a-afcb-31f8504fff0f,0.5969648,0.14009604,Left
0b5afb91-f536-4555-9a11-7ca4a1ba32e0,0.63359493,0.18213747,Left
0bdfa4e1-9bb9-4134-a248-a1d3856f295d,0.60357594,0.047127377,Left
0c6f0f73-a26d-49b7-8fb8-c4f048694853,0.62266135,0.18222396,Left
0ccc92e5-92b9-47e1-b47a-a046d4a717c2,0.74392754,0.15000649,Left
0cdcc760-83a2-42c4-a272-0e52b0fc0c9d,0.6147683,0.0748359,Left
0cecb9b2-5c13-49df-8443-4da7e5855524,0.5608303,0.5414395,Left
0d1cac73-8e2e-4d63-9dc4-a1d9601ee9e5,0.7749737,0.015692893,Left
0d2b1400-292c-48ce-9452-27411bc83dec,0.3906313,0.45454907,Left
0d343858-95d9-43d5-8e12-814e58861355,0.74807066,0.00016426988,Left
0d7a28d0-c1eb-44e2-a8e0-c4ec8334ef59,0.76769245,3.2378207e-06,Left
0d7cf515-b55f-4c26-a562-5fadc6f62ab5,0.34333953,0.7199747,Left
0d87bc12-9839-495e-87b0-37b4b54922a6,0.59004873,0.4480062,Left
0d8be28d-5976-4088-a226-99bd2a0d87af,0.59988666,0.36539263,Left
0dd25d90-9264-4a14-930d-685fd88ed9f4,0.64049083,0.458529,Right
0dddb72a-3cd3-48bf-b710-fc4302cac9ee,0.6155741,0.52805424,Right
0edf6745-ba16-41b6-ad2d-31cef211638c,0.6232154,0.19057465,Left
0f501d15-8dd6-4f1d-a70e-ed445f9cf09b,0.78743947,0.007689904,Left
0f80d919-fa8a-47a0-b90e-cd5c9e4f7427,0.7695653,0.006324578,Left
0fd03001-d747-4999-91d7-2a4dc7d14022,0.5083599,0.72350436,Right
101ee4f0-de5b-446b-a52f-b87af837e31e,0.73074275,0.0026915672,Left
10408074-49ec-41a3-a4d2-730ff9dfc605,0.91860443,0.000481239,Left
1092447f-207e-4fa3-b483-b51ab64a6b03,0.79265946,1.6033707e-07,Left
118fed35-ddfd-402d-888b-88bb3bffdbd0,0.70028925,0.094413795,Left
11ddd613-66a8-4c2d-a130-127e14483a20,0.7379385,4.4099736e-05,Left
12422544-bd45-449d-bfdf-1558927b4683,0.56289005,0.0015181446,Left
125c1222-490e-4bf7-ba0e-23b109a3c8f0,0.7620566,1.2901165e-06,Left
12649b7c-a062-476c-bbd0-bfbfa00d495c,0.5113703,0.56261575,Left
12996da8-3aca-4560-b503-bf453918f94b,0.67562455,0.2899087,Left
12b4bfc0-e7e2-4749-b72b-91dbab5b00ef,0.63780284,0.33472103,Left
12d59abc-4390-4583-81a0-bed090fcb351,0.6919344,0.14532565,Left
135092a9-5358-46b8-bdfb-36bea457a721,0.87945086,0.040124282,Left
13d7bfbf-f6d5-4fdc-9929-83be6d3609c8,0.55870426,0.33447194,Right
1442f43a-2591-4244-bc98-931e4fd3169c,0.69760054,0.034809444,Left
1493c4ad-26e3-4dc8-98b6-be438e8c7604,0.77501804,2.9759147e-07,Left
14bfbdc7-8068-4db7-98a7-d2e88bc8da63,0.37356922,0.68912786,Right
14c2d94c-d58b-4335-9515-307a53dcf81d,0.7308172,2.227687e-06,Left
156ff2f8-d985-4a76-8f45-5087b2e2a7c5,0.7237595,0.25554997,Left
15785023-a696-422b-b1d7-bbedf6a754b1,0.68740374,6.79836e-05,Left
167fb1ca-bbf8-438f-8e08-4cdde8a53e33,0.4777593,0.46201313,Left
16c89435-7a0b-428b-bb15-f0aa5b22549d,0.7951334,0.00048634788,Left
16d47b60-507a-42f6-bca2-2eae7fef98f1,0.40596926,0.21603893,Left
16f23f56-c6f2-4d82-b45d-2df968d90208,0.601451,0.20382158,Right
16fba126-2955-435c-a53f-38f1ac347af7,0.3467442,0.69474095,Right
172e621c-b563-497c-a71f-5428f7ac34da,0.827355,4.5757693e-06,Left
17905a71-06a3-4395-b287-04006773ddd5,0.46329597,0.62004346,Right
17a79872-e56e-472a-a85d-1b2769c3af93,0.6418823,0.00018855567,Left
17f77f39-22bb-44ba-9581-af2f583f2fc7,0.652737,0.2607329,Left
18106f4a-db81-4927-8a59-7d79fee631d3,0.6617476,0.20546834,Left
189e19cf-9562-472f-99f5-85311538a274,0.56858194,0.44742575,Left
193c8d34-e355-4ddd-b184-e9e20654fa71,0.7192152,0.0037083188,Left
19468aad-910c-4407-9350-96870beca7c2,0.7619446,0.10483014,Left
197adfc7-fbd4-4214-aacb-1d1b11f86ac6,0.7834048,0.00019017328,Left
1a0837d4-bf54-4b37-a09f-b514b16ae1c8,0.684578,0.2502277,Left
1a4f5cc3-2c71-4d06-89b6-5effe2e9701b,0.77176815,1.0073337e-06,Left
1abe7f79-b2e4-4a13-932b-e54d175d1971,0.5826873,0.33035877,Left
1ac64138-a96d-4008-af08-95c9ea497ef3,0.7320023,0.12394246,Left
1af52771-9f37-47f9-a8d2-82dd48ba93a7,0.6106518,0.20352568,Left
1bad6b29-5550-472b-a8cb-28c2be7401c4,0.576424,0.3618458,Left
1bd2b9c1-77e3-4515-a577-a7f552b74d64,0.65864044,0.10111497,Left
1dc71f4f-3020-4cc6-b079-1fc14d03078b,0.6240076,0.23033477,Left
1df38e1f-9a87-4a85-b353-f320f2774728,0.26849675,0.9843924,Right
1e49e7fe-5f89-48ac-bda5-adbae593be62,0.71281815,0.00014883422,Left
1e64807e-3213-40df-9986-901548733ce6,0.31468526,0.3137684,Left
1ec5c67d-a6a5-4a65-a774-6aafee255c3e,0.7619901,1.6898106e-07,Left
1ed4455e-5922-46d5-8e15-c0b07beda0f9,0.32268903,0.7762667,Right
1ee062d0-898f-4278-925a-83c1c9b58016,0.7730941,2.7953356e-06,Left
1f60bd6e-1173-4fce-9db7-9b7a1f65e06a,0.5582252,0.23825796,Left
1f6b7863-aad7-4825-8729-8c8e6ab90346,0.64858896,0.18253416,Left
1fc39339-a794-4a6d-be31-7be9fa28d992,0.64396703,0.092016086,Left
1ff0b18b-d785-41d8-b658-2aef5839285f,0.4859319,0.6194911,Right
2018bc75-14b0-4bd3-9d60-e02ecba694b4,0.61404777,0.03879358,Left
20548e1a-9b79-4e10-8693-9129bf78b4a1,0.7933895,0.0007037333,Left
20bb90fe-5c2d-44bd-b215-38ee2efedee8,0.47201374,0.55835646,Right
212b46eb-8198-4607-a5dd-7012beea067e,0.6049236,0.26695636,Left
214971fe-4475-4063-be13-3cf8bb0ccb59,0.5280867,0.206682,Left
21b2788c-9ad2-4225-87bf-617a1c4d5ba4,0.7417745,2.25925e-07,Left
21f7d28f-cb3a-4d39-b53a-71a6d67a5009,0.3328885,0.8476711,Right
21ff1e60-1d8c-450c-892d-06b2aed85692,0.28798738,0.85685945,Right
2213a47f-7488-4c7a-bcd8-3eb3e098652c,0.77294165,4.909396e-06,Left
229a88af-8fae-4d76-930d-45568773e833,0.7782377,0.00013793228,Left
229b75d5-075f-4d83-ab18-290ad21bc002,0.65401125,0.25169218,Left
229e6fc9-5352-4ed3-b8da-db13aee404a9,0.651451,0.3243286,Left
22bdaf20-5a79-4f4c-b7c4-844165a38628,0.6315279,0.29199263,Left
2301d117-d415-43b6-bc12-e86322d42eda,0.51340777,0.35237652,Left
2320cba9-d288-4fed-8b4b-f95174b02bce,0.44790247,0.50046766,Left
2343a221-14d4-436c-a177-f74ed31e7691,0.6191536,0.08342674,Right
238becd1-c66a-45f6-897a-af2fda969fbb,0.7764808,0.03941368,Left
23a9ab09-f72e-4c0d-afa3-01e4d84fbddd,0.6386161,0.10273424,Left
23dc2d73-ff4b-4b6b-b4fb-35380d616e18,0.6706174,0.46611917,Left
24173b92-579a-4c78-804f-0e3b89ea7446,0.6542128,0.109982446,Left
2520ac0d-d56b-4020-95d0-e99656323ccd,0.5983633,0.3299714,Left
25838986-25ab-4caa-a2ab-7ba06f2724c7,0.76678455,0.020958487,Left
2583d324-1bc2-4f8b-b73b-0fc3c0acafef,0.7655112,1.4435449e-07,Left
26132878-4b38-48ef-967f-efd1a07f9af7,0.5070153,0.038488932,Left
2616c719-a4a2-4d2c-bbb6-7c973fe5e823,0.6769701,0.03172433,Left
2686b864-3249-414d-8a7f-3a9a9ba7ff91,0.41730872,0.3888817,Right
26dcd458-1674-484d-b6f8-25150c9c384a,0.5492234,0.3024702,Right
2788da19-59bb-4f01-92a9-17beb3f7292e,0.7215833,0.0020809844,Left
279dbc6d-08cf-436d-bc6f-4e37f3edebcd,0.7869659,0.005980971,Left
27ceabd9-0275-44cc-8297-4d45af737b5e,0.67863894,0.24755849,Left
284a88c3-405a-4659-9ac7-9ebf6d2c6972,0.6395087,0.2877206,Left
28f72dd8-19ba-42c4-a0f1-94321ef8c59c,0.61563665,0.22695948,Left
2934c758-5e2a-45ca-b41f-dcb356285f45,0.70781904,0.043848958,Left
298ff72b-4a8a-482b-83b7-184f671e14cb,0.65780383,0.19406606,Left
2a5ea8c7-4a81-493f-a949-18a98ed48fdb,0.2957526,0.99965394,Right
2a79b8b6-e884-4c20-ba2f-f71dd9f86767,0.7694634,1.108531e-06,Left
2ad39aef-2ce1-4f84-ac90-f6c934145c88,0.7738842,0.0005457345,Left
2aede9ed-d72e-48d6-8d16-8c058a5838f8,0.72349584,0.17076474,Left
2b24f4ae-cc05-4322-afec-1b85e0b34722,0.7637286,2.43566e-07,Left
2b353f8f-8ea4-46e7-a13d-2f7caf8e7d99,0.7919927,5.707008e-05,Left
2b5aeb19-c50d-478a-93da-3ee64e81b0dc,0.28829804,0.11897721,Left
2b7dd418-7263-4c5f-8978-8021e9b3469f,0.74087954,2.3891903e-07,Left
2bf85102-e637-4b87-a47c-fbb23767fa47,0.55902976,0.07405986,Left
2c1c9180-6a55-47b9-b563-96ce2538bcbc,0.78449273,1.858077e-07,Left
2c61940e-1a39-4716-9dfe-b194207408fe,0.38485253,0.6142046,Right
2cabf6a7-503c-4003-8a6b-68ef5d64c068,0.56817067,0.14286071,Left
2cf83465-a22e-4eda-87de-abe875c4b8e8,0.5691918,0.11091438,Left
2d5e0e1a-0f5b-44f2-b7ea-155e41df447f,0.6906165,2.6720365e-05,Left
2d632a18-1121-4849-a25c-98c41ad4b7c7,0.78232235,0.027540473,Left
2e0d347d-9c07-4865-919b-cd1716009c39,0.7575111,0.00032254227,Left
2e19dca4-f4e6-4372-a1d5-c84c8d19f629,0.5963131,0.38000184,Left
2e1b2188-ff69-4ae6-aae2-df3628b68138,0.48173112,0.32296595,Left
2e3d2983-ae61-4efa-b6d7-111995e8e231,0.6408474,0.24084724,Left
2f1388e3-6322-423f-a533-7ab65f75b4b9,0.5840823,0.2789365,Left
2f16cc5f-f203-4339-b9cd-3bac0730e757,0.4430324,0.5239142,Right
2f9b45a0-d6e2-4fff-ab55-0770d56d147b,0.8309924,0.19990726,Left
2fafd081-e945-42f8-97a2-07128993e981,0.69417,0.09912975,Left
2fc3f578-3939-42a0-802c-a801b4715f7e,0.65780604,0.14043248,Left
30185dc9-f31b-451c-a82e-6e0fc8e7150e,0.63890254,0.22727343,Left
3044c748-3dad-4c1c-ad0e-cf3d63a9dd90,0.44576842,0.80569935,Right
309038cd-3b72-468c-a6c1-cc368fe05d38,0.41836742,0.7199366,Right
3096b130-bc76-4de2-bc5b-da8c7f06873c,0.13039728,0.85908854,Right
30cf2f4f-a9e1-4290-811a-0658b7697848,0.6576533,0.022444777,Left
32307a38-22e8-4810-9a9f-88727f594428,0.6362634,0.25070736,Left
324d3151-7805-4d00-945a-316a972eb294,0.4220466,0.52646166,Left
3306430a-e964-475b-8775-c7c1ba735d02,0.574447,0.22565438,Left
338c38be-948e-408d-a719-f9c7cfe46c98,0.38167945,0.654138,Right
33f07309-f23e-4d79-9998-4bceda3b4c06,0.73982596,5.1405486e-06,Left
33fedeb0-ab40-46a3-bea1-00075ca32fbf,0.5651639,0.065368384,Left
34402ff1-afe9-4c43-b413-8f7a071dfdba,0.49743834,0.3892804,Left
346ac929-db32-4bf5-a9ad-26497273b14e,0.78957725,5.190893e-07,Left
34b0bfc1-a6ee-44ef-adc9-d625e9bd8f84,0.352845,0.8230771,Right
34ec6dd1-e364-40ce-a417-97f786a644c2,0.7190633,6.626602e-05,Left
34f9d271-16d7-465a-bbc3-f97c7f6c9b1c,0.3967775,0.07335228,Left
3500e445-e630-4117-bfb4-a358805ffd85,0.68463844,0.0890431,Left
352e39b5-6b45-4516-b950-a0891413951d,0.57548165,0.08699109,Left
353a7e89-53b9-4fd1-80eb-3b7650aa7b38,0.58138764,0.23064762,Left
3575fa00-8160-487b-84e1-219570159f21,0.5966528,0.44480678,Right
357eb073-c747-4241-9a2d-3ea491a9918d,0.76471984,7.248028e-05,Left
358b3522-ed7e-423b-9042-3a84f52170f3,0.54376763,0.42980677,Left
36200a2e-15fd-4f2b-9afb-52d409d774df,0.6112228,0.3247722,Left
367ca6cb-2b84-48f2-8831-67186fa4e97e,0.69474745,0.17760397,Left
36a109ac-b9a7-4101-9527-355b453271d1,0.7087046,0.024815526,Left
372cafc2-9e86-4052-b04f-834b93214883,0.7492257,1.561532e-07,Left
3758a41a-2a49-4d58-8996-cbd6ab8b6414,0.4626794,0.32861093,Left
380814e1-5716-4850-b2e9-db55c7e73f3c,0.537072,0.4294399,Right
38a4a091-9a83-40fe-8937-0eb7f6d350fd,0.6428394,0.004906369,Left
38b149dc-1b08-4263-ae4d-3d70c4907260,0.6588099,0.10690017,Left
38b359c3-3331-4e07-8b91-bfe04ad417e4,0.43808934,0.29370353,Left
38bb6db8-7995-43e7-8461-2f5749e638d2,0.5869693,0.9853305,Right
38df06f2-0460-4482-a552-ce25316ad6ed,0.76249886,0.20701107,Left
38f09e17-225f-4d0f-add2-3a780faa9c0f,0.42545244,0.52794343,Right
392d4772-a3f0-4ea2-808b-4bac3b63f35c,0.64587766,0.4319731,Right
397213d2-2422-4c91-bd5d-4c41b6e2c91f,0.6574885,2.7239494e-06,Left
39817d5a-2849-4f79-8a9a-4e277401ea0c,0.6813276,0.06819327,Left
398fb4a6-6af7-4ed6-bb37-4a7907376e01,0.605143,0.35941085,Left
39922eeb-4199-4a0e-8a91-5c4b34c30670,0.4620908,0.46561345,Right
39ce2d24-919b-469e-bba8-58a0c6a7ac0d,0.58928716,0.37355477,Left
3a0ceef3-1fa1-4b85-b4a5-0897aca254a1,0.37528574,0.56051224,Right
3a9109f9-9e00-4442-b92b-3eaf10df8822,0.7922533,6.111355e-05,Left
3ad2143b-545e-4859-a42d-123a90b18126,0.35366976,0.35901356,Left
3b4df83b-ec38-4af7-8458-cf3cce157c93,0.39780632,0.7233806,Right
3b589ec8-ef60-4eb9-9121-a8a91e548260,0.6059047,0.14844088,Left
3b8645ad-a26f-49fb-8408-7ce136085587,0.64907575,0.09755185,Left
3bcccd5b-2683-4a12-8399-b2eb6976b09c,0.7014717,0.25418058,Left
3cc047d6-5ec9-46b7-a713-3e44024b1f26,0.6363921,0.2240937,Left
3d2ee013-1655-454e-ace0-c0870b4adbe4,0.7683077,2.9126409e-06,Left
3d4abb71-1350-4010-a609-d0e53e69e2d1,0.35115144,0.4465326,Left
3d8e2665-4a32-47dd-ae39-00c5c8c37d44,0.33122957,0.6341305,Left
3da7f46b-a991-47e3-9e47-8a0d6b72fd05,0.7134677,7.238786e-05,Left
3dc1617c-c56b-47f4-b489-30fc89cfe1df,0.7432246,0.06428763,Left
3ede66ec-afe4-4570-a2e6-5250774b3c0e,0.7346132,0.123789765,Left
3efe2d9e-9b68-4328-bbc4-f8155c490d5e,0.3825064,0.20536904,Left
3f3022d5-93cf-4e41-b1e9-d5fd4cc33a10,0.61633915,0.27079958,Left
3fb10053-be17-4622-a328-60d5d3bd9693,0.74807125,6.1101684e-07,Left
3fca9972-0ec8-4a7a-83ef-0cea86f60dce,0.6358303,0.23644587,Left
40455095-ffc0-4a2d-8b28-f0ce053ca3c7,0.54170525,0.4960457,Left
40794fa3-7bcf-4201-8242-0cd90b2779ac,0.6928105,1.5740461e-05,Left
4130fc80-470b-4003-bd60-b3f81b3c4463,0.45397905,0.36908314,Left
413e2274-fe15-4cd8-9924-6b12182f5208,0.45821282,0.1422857,Left
4140523a-ee21-4a57-abdb-50d5f135971d,0.5000003,0.39199525,Left
41e3bf3a-e792-4521-8d3a-8f974f329345,0.70070064,0.00018063617,Left
41f2feb2-1a17-423a-95c8-a5c63696c528,0.7033255,0.051595688,Left
41f49a2e-567d-4c0f-b491-3546662b65b2,0.5383493,0.5469406,Left
42d4c2c5-3c88-4b76-b99f-70216d9d7c14,0.6459663,0.05628578,Left
42ee6be6-5ba9-4690-b40f-a5db0e3d2571,0.8188213,1.8683102e-07,Left
43c9eaba-aed6-4857-8bca-28537e744db8,0.47986346,0.43490317,Right
44c2e3a1-af5d-4792-ad0f-21159aaf8a8e,0.52967167,0.44377866,Left
452cc24d-6888-43f0-b977-ce13c995840f,0.7237021,0.033393938,Left
45d7947e-2168-41d6-ae2a-fc5da619bf3d,0.7594921,1.0693215e-07,Left
45ff98f3-cda8-4825-992a-4e191c14c2e3,0.8253063,0.022348404,Left
46215918-f9fc-4885-87fa-72ad76253af7,0.4641474,0.46435037,Right
4649a0dc-3895-45c0-bf5f-db3fd1992c53,0.71095777,0.0043763886,Left
4653f0d2-3de4-4137-831c-883360c42170,0.66920805,0.058087073,Left
46ec2872-40ed-43a0-bf81-09fa31d74a9a,0.6788435,0.115638874,Left
474a4fe1-973e-4aa0-a980-d882c268e0e9,0.57404155,0.2848248,Left
47e1befa-7830-4da4-bd75-7cdfb8575bab,0.52379334,0.20602158,Left
47fcd77a-bf81-4f91-933f-3ba8152c485c,0.6022412,0.1929522,Left
48243d8e-ab20-4379-b9ba-ba76c4cde2f3,0.6134542,0.24992023,Left
482b5d2d-19f3-4096-9c7b-a075cf991c5c,0.68150806,0.060150646,Left
48ac6300-ea25-49a4-b3ec-db1cadf26092,0.5432404,0.3292782,Right
492cf934-9edf-42de-9de2-11cd585e70a6,0.7654357,2.6385467e-07,Left
499da591-7e27-4635-bd20-25d2050562b9,0.71087635,0.0005849478,Left
49f09050-4dac-403a-be98-e4b31447451f,0.6813337,0.3912671,Left
49f690ce-3a41-4d42-ba87-0750005fe5bf,0.5301458,0.37978548,Left
4abf09cb-c348-455e-b21f-5b380446aac9,0.69180197,0.03141069,Left
4b632271-c574-4620-aae0-fa766dd23edc,0.63961697,0.24621138,Left
4b8cacf2-bd10-425c-ae56-b4203b2093af,0.61474246,0.38159785,Right
4be38a1a-3423-4266-a1fe-f4bec724617b,0.680249,3.6121102e-07,Left
4cc30c19-eade-4a74-b859-fe5603afff74,0.70058364,0.0483415,Left
4d4dcc9d-754d-4068-a23b-06aca2f8f4ce,0.5113542,0.23992075,Left
4d6c0a17-f5b5-44a0-af55-da36611bf10e,0.5204531,0.5113118,Right
4d8a1edd-967d-413d-9b65-5dd582dd37c1,0.83172935,0.26272827,Left
4dc07528-d33c-42e9-8a0f-8d6c683e13ff,0.749739,0.16404206,Left
4de600f4-8823-46b9-8365-9f840a28cadc,0.32869706,0.9259763,Right
4e619e33-1c6c-488a-85bb-a6333dbcfcbf,0.67046124,0.12766099,Left
4ec52ca2-1fdb-48e9-8861-4f8306984c65,0.64610124,0.26679957,Left
4ed83b8c-9b24-4214-b877-8f000d6bdccc,0.6875759,0.009248711,Left
4ee29123-8c35-4c67-b44a-823def7dacc5,0.680914,0.21020931,Left
4f2c3e20-9650-4903-848b-473913d57bf1,0.82227665,0.04593382,Left
4f3b9177-6666-42fc-b3c8-e81dd1191bb8,0.8096213,2.8265222e-06,Left
4f4c5dc7-db5e-4fe4-950c-5d07a1a6f02e,0.46596497,0.2189084,Left
4f5a55f7-f329-4299-b455-b84b0b424c07,0.79953384,0.33826807,Left
4f88eedc-0a67-4dcc-bbe5-c90ea55abc34,0.6207457,0.17029214,Left
4fd61cf8-1a53-4f62-879b-7aabfcf60d37,0.45321062,0.55885804,Right
50af9de5-dc34-40fa-809c-574aa6b285c7,0.81102335,0.0020150603,Left
5121d028-983d-45b2-9ce5-e528d368ae7e,0.70251024,0.0908715,Left
512d1f4a-2087-4588-bbf4-6e400b7d0f61,0.40675646,0.59219193,Right
51664cba-48ad-4b3b-97b0-1984a925c120,0.6044642,0.059170913,Left
517c5a77-d1bd-4f72-924d-aea8431f97f1,0.537386,0.48673472,Left
51b16b58-4ae5-4fbd-9bd0-3efcde6ebdb9,0.49290612,0.31883317,Left
51d362ea-9b13-4d2c-8cca-03ac11cdc859,0.2782098,0.9661879,Right
522c5e55-9951-408a-91dc-488d05d0961f,0.38188523,0.3926349,Left
5295318f-07e6-4be6-b013-954c4ab6e0b0,0.7466228,0.0021655704,Left
52e784be-9c3e-417d-a708-858ab7a5662c,0.6565436,0.0767095,Left
539ad34d-039e-43fc-a100-6b74ec7da466,0.475896,0.41358882,Left
539b2141-4d8a-4ff0-890a-beac65df93b7,0.68569815,6.5725743e-07,Left
53b649f0-6b47-41c6-83bf-cc91db4eb66f,0.6531483,0.039679166,Left
54486f93-da86-4403-8dd4-b2682e8e1591,0.7348612,2.0082942e-07,Left
54641eaf-26d5-4b1e-8bcc-826d448bcda3,0.6995948,0.083700135,Left
5533911b-35c9-454b-b791-d61a149376c9,0.70185286,0.0652515,Left
562b28a4-bdc1-4f50-9411-d7ff8c838c37,0.56003803,0.24871553,Left
56ea80d7-6f53-475a-85b5-6acac38155ff,0.572807,0.25927663,Left
58241aa5-c271-457f-a46b-a624880ad8e3,0.7387962,0.23055424,Left
58ba8878-feaa-485f-b761-1fa5ffe8e605,0.7587975,0.056033634,Left
597f346b-eeea-4431-8e1b-57deca448669,0.7954533,0.014594569,Left
5990c1e4-22cb-4cfb-b7c4-c9a8a1a104bf,0.74953955,2.5327196e-07,Left
59b9e265-2ac2-47fa-981a-4f8b3fb7d3a4,0.7392878,0.019247493,Left
59ecef68-7024-47bc-8dc8-d9eea58ac77c,0.67928624,0.08223795,Left
5a6dc288-7b69-47fe-a7ca-cdbcb3b30fb2,0.72802263,0.08581658,Left
5a79e32d-6936-4e04-86b4-ae2bc72f1e0a,0.41626593,0.72972596,Right
5acf6339-b08c-488b-b8c4-182733647388,0.7737652,0.14079267,Left
5b316410-fe9e-410a-b7ac-9bb22d8d1873,0.71684825,0.13832632,Left
5b3bb59e-97df-4383-b7a6-849ef26cbbc1,0.59543496,0.25535282,Left
5b40d295-1d22-4f53-b2ff-eeea91264cb5,0.25318688,0.24584076,Left
5b96df45-693e-4a3c-87b8-5a0419f0e833,0.56262904,0.24922551,Left
5bd1081b-abdb-4ea8-86bb-06cf0d3b7777,0.72284573,3.208179e-05,Left
5bf33bda-4a05-4081-8cb7-18f416d29d65,0.79352695,0.052124433,Left
5c123ba4-5a5b-4dac-bd64-ad277b409506,0.63119155,0.29021966,Left
5c272d53-9529-4c51-b4aa-7f8ba940a99f,0.72773325,0.23217551,Left
5c600aae-4a04-4d62-980b-400ec60d869b,0.46269336,0.7487531,Right
5c97d4ef-1afd-435b-9aec-967ac626f4e2,0.25911736,0.54953086,Left
5cb7ab05-9d93-42b6-bc94-c4e72ee678cb,0.6311946,0.17749548,Left
5d4ee4d2-4cfe-4a66-9c45-13fe83d6cbf4,0.6703861,0.13775755,Left
5d82233a-3634-46d7-8c52-6db9fd90bf7e,0.72661954,0.010558173,Left
5deaeb9c-f0fd-49e6-8e4c-e7c7681bd1d2,0.6289865,0.2623828,Left
5ed350f6-c06f-418f-b3af-cef629ee2514,0.51166224,0.35897213,Left
5efa3c3e-5f04-4d3b-820e-e28cc08647af,0.78668386,0.007998191,Left
5f2ec9e1-9f7a-42a9-89df-654c2870f7a0,0.4478364,0.8890043,Right
5f728ff9-ade9-4ae1-9a33-dd578d924fa6,0.27733237,0.8304248,Right
5f911f20-147d-4d3e-b57f-2ec9862d8c5d,0.43090674,0.51771885,Right
5fb2c8e7-5830-4afb-8bf7-66f3558b9ad6,0.72202116,0.046875946,Left
5fbd301d-b8e5-491a-a073-e5098e173c3d,0.72247314,0.17922631,Left
5fd9944a-8828-4fc6-bb04-807a8632e464,0.46200708,0.6286382,Right
5ff35ef1-d94e-4d17-a8d4-78024a4c8cb2,0.43489805,0.35497847,Left
6043c717-2dd8-4fcd-b238-7c0ad093ad6d,0.7463001,7.7551226e-07,Left
60916b0c-596c-4205-8524-17788fe7f09b,0.67486775,0.20323874,Left
60cfa70f-06c6-4b51-b6e9-7299b1df2c23,0.2626456,0.570084,Right
615c1961-ba27-4af2-b561-448f107c69a2,0.5825643,0.3200141,Left
6196a185-d0ef-4df2-b31b-08ccae565ac1,0.7352252,0.0002026754,Left
61eefa88-8ec1-470b-b863-f81f97af0423,0.76746786,4.78457e-06,Left
6222f039-ca49-455d-ba52-3274e4d30b95,0.73954666,0.06671049,Left
6228f806-d0eb-46f9-ba09-6561115d4b6d,0.584087,0.22401695,Left
6241b3c2-1c5c-429b-b4d9-23f4ecf7bc0a,0.74669325,0.005132913,Left
628ef2cd-b4bf-44f5-a932-70a9f4e5b316,0.5911721,0.15639478,Left
629c3eeb-d4c8-4e0e-96d4-d12e990b3933,0.7667135,1.4964425e-07,Left
62afdd03-fb4e-4ad8-ad14-3ce1134d0a83,0.82643324,0.0016809594,Left
63330d7e-edec-42dc-8529-672a77d26989,0.59319454,0.3507459,Left
634a8469-aafc-45b8-84fa-b336c3d584bf,0.6836329,0.03573334,Left
63c297f7-6fed-49ec-8f44-d389500f508e,0.66823256,0.029607467,Left
654b04fb-dc9d-4438-8e56-dc39c77f9453,0.79362273,1.2408102e-06,Left
66172ddb-1701-4569-b6ae-9bb0c1858498,0.75831956,1.9281848e-07,Left
665ff482-d3e6-4f70-96be-28f3417c0110,0.47894317,0.5001709,Right
66637f6b-dfdb-473b-a933-6788df734af0,0.8413273,0.10927221,Left
66e7fe65-f94a-48d1-b600-a1a6be815828,0.61269546,0.22338293,Right
66ed57a1-472f-47da-8724-37487da1ccd2,0.7377231,8.922102e-05,Left
67b4ad68-fda9-4e7d-8840-1c9b7cc5456b,0.6818953,0.036108248,Left
67e9a740-4137-4834-9331-a54929c5e6a9,0.7556663,0.16400975,Left
68265390-5edb-4def-8317-6c3726e7aa90,0.7387817,0.032501552,Left
687fe68c-8348-4536-9543-1c096a88c3aa,0.6792478,0.16778329,Left
68a7b3e8-8529-4b3a-85ce-98bcad28348e,0.51581883,0.7807797,Right
693cd1f9-2349-49f5-b55a-62421aaf3b54,0.73965555,0.208357,Left
69489dbd-71a4-4121-9ee4-41b225f83d1a,0.29901677,0.5180065,Right
69c6880a-7db2-4528-8fec-4eb8cdcda964,0.6694551,6.494946e-05,Left
69e0c802-96c0-455d-ad22-4cf181616249,0.34864235,0.6802041,Left
6a153818-f935-4a69-b42e-8480c3727f8b,0.72221607,0.94142497,Right
6a2b93bb-cf76-492e-adb3-19a29980d96c,0.75984025,0.043111704,Left
6a863373-5894-4fca-8fad-75af0f728307,0.37626925,0.67086154,Right
6aa0f2ed-b235-4f85-8737-c35fccd96580,0.68944955,0.000116999196,Left
6b991899-8ac8-46cc-b3e3-e639d5e08a6e,0.64063346,4.1699328e-05,Left
6ba5a4eb-b6a7-4819-be6c-4a086c7f9154,0.63760203,0.30645207,Left
6bd5f6b4-1ac9-4820-af4b-4f48de80373c,0.46337003,0.42834446,Left
6c2943d0-e930-4150-b81b-3466c12e2c6a,0.40778562,0.8037359,Right
6c39d902-298c-41bc-818b-586d5d4193af,0.7103067,0.00025420656,Left
6cb04c95-b375-4add-a19a-afea0a1433f3,0.5837648,0.2947896,Left
6d11f2a7-9f61-4031-8ce9-3cca0bea69b8,0.7790551,6.813027e-05,Left
6d14c535-00ac-43eb-b93a-a784a22da702,0.60392034,0.40049753,Left
6db59168-dca7-4d62-8c18-98eea5278733,0.44234896,0.28193453,Left
6e09e663-2af9-4217-8ca6-acddb63b31e4,0.7331828,0.08703201,Left
6e146f8d-709b-47dd-babb-10a32d4ed12b,0.4415435,0.7876154,Right
6e212265-5649-4804-88b6-9d72b1e34fc8,0.58074045,0.19508433,Left
6e3decfe-9576-4a5b-a58c-c91e6004dbbd,0.44712114,0.48566216,Right
6e52387b-107c-48f7-99df-82259f2e5761,0.2798838,0.43262917,Left
6eb12125-91ab-47d7-b9ea-fb8feda022e4,0.6604948,0.051697865,Left
6eb52640-499a-44e0-b514-d119d1c03585,0.5627912,0.36137405,Right
6f085d5e-1a4c-4fc2-8bbb-234e75aaa1d0,0.4442766,0.17516254,Left
6f126e0c-6253-48d4-9999-9e80f5f4d31c,0.7300503,0.023359172,Left
6f6f22d9-8189-4419-8037-bb1bbe2e6ba9,0.4542191,0.79176974,Right
6f8ceb7d-26a1-4be4-ac0a-753ce933d91e,0.6270561,0.2653768,Left
6fefa645-4172-4b0e-a21b-c7ddd6162939,0.58622277,0.10655476,Left
6ffc1db8-e290-4e50-a58b-ec1ec1c6d01f,0.33637723,0.9482204,Right
702f3761-bbfb-47e0-a39e-5c9daf2d47ba,0.769199,2.7923065e-07,Left
706b44d9-13aa-4ec6-a979-5f4c31cff29f,0.70456576,0.11250973,Left
71338bea-3875-4d66-8fbc-a99a3aa90173,0.5638386,0.04754605,Left
7162ccc1-8bb4-4048-a2a1-ff861bed1efe,0.66489524,0.19665487,Left
718f0703-f027-4668-b354-208204723242,0.69836503,2.5374632e-07,Left
721fc0d5-fd4b-47d6-847b-69f0f6b49852,0.5927354,0.39612153,Right
7269a8ae-c886-46c3-9dab-42ae06ec49b8,0.6670558,0.13759941,Left
73431c02-18ac-4d3c-ab87-127a66d88256,0.81585914,0.053405106,Left
73f8268c-1277-4bd9-9378-738567226d04,0.6920683,0.18513457,Left
7456a09c-36e5-4cf9-bdca-df5c8e70a82c,0.56918,0.12926239,Left
74670562-3b26-4573-b4ac-906261df2c39,0.579888,0.5133423,Left
7490cb32-18ba-4572-9310-c0c3801438d0,0.49788597,0.72820497,Right
75f15b04-2669-45bf-b9c1-3da474714e00,0.7534718,0.03869639,Left
764e3f0a-d17a-4fa9-a67c-1891d69015ac,0.6183025,0.107660756,Left
7657e628-9adf-4f68-b2ab-7722e3768898,0.68649685,0.07009796,Left
76d2d395-47ad-411a-a37a-84169c3ccb60,0.7840851,0.00025382606,Left
77116184-7b0f-4e54-b32a-c2b269ea6856,0.6585354,0.20407434,Left
776a47ec-bffe-4425-beef-7a6363be07ed,0.5023446,0.54081756,Right
779ebab0-1823-462b-8873-287f223132b2,0.57481444,0.5419676,Left
7847faec-13dd-45f2-9fcf-6fe83e3ba531,0.5639425,0.00065159844,Left
78b792bc-179e-4413-916f-e0372e6bf0b8,0.55778843,0.3342546,Left
790c20e9-7947-4667-8b5f-fa1d480b4c52,0.7053618,0.087491326,Left
79444aee-546c-42c5-bce4-5aeed8b60f5c,0.3678907,0.9708488,Right
79a33f05-1b5d-46a6-af3a-5767ba8d9820,0.721249,0.013278385,Left
79d2f193-2a87-4894-8f2e-83415e59114b,0.75812024,0.032066707,Left
7a05ed25-929e-4842-82d6-68f6a3fe5849,0.4102932,0.5781692,Right
7a531039-b6d8-436b-98f8-e8830f31856b,0.6351591,0.15221682,Left
7a83eb74-a7ed-49f6-bb86-4440855fe685,0.7245915,2.223564e-07,Left
7aca4dfe-fa7e-4bdc-bcab-e34ac35e5fb8,0.75237614,0.097384065,Left
7ade69e3-37f0-4a5b-bbd0-340cad3caaef,0.73721296,5.314695e-05,Left
7b0c5b92-c21b-4448-9d84-d80195e7d8e8,0.6826202,0.23729365,Left
7b2742f0-1a01-43c9-8120-3804ff46725e,0.6446783,0.15244819,Left
7b5aed13-1a98-4e5e-b438-00d1ed1d48e4,0.7789674,3.4551879e-06,Left
7bbe5f07-4bcd-48bb-bea2-2922afc5e10c,0.6347252,0.13360363,Left
7c1d8737-afac-4a1a-a7b7-af2adf1d7422,0.19220884,0.09952641,Left
7c80c793-ab92-466c-be61-4bcc42a86d6f,0.6483164,0.19776599,Left
7c8cf644-4a09-4f42-a960-0788586ac828,0.6843212,0.2334752,Left
7ca5e999-3c47-46fd-8ffc-17fd5ae8f2ae,0.54838175,0.38909423,Left
7cad846e-9903-4f6d-906e-2fd9cb0bc838,0.6083012,0.27903077,Right
7cf3b0f5-d13f-4314-93b2-b170c3223fb1,0.775706,0.021864435,Left
7d43dee3-0e77-4c48-af27-d0c7991af876,0.47279826,0.4785713,Left
7d455ac3-4746-4a54-ad33-67e32afa99be,0.34687933,0.98460054,Right
7df72060-aa57-4c1d-bec7-8990861dea0f,0.78116393,1.7760065e-05,Left
7e11bc9f-3283-4129-898e-c9e85ed50c7f,0.81965196,2.1644993e-07,Left
7edcb437-2089-41c6-861e-708e1366937a,0.7846908,0.03769356,Left
7f1a5c82-9a33-4e3d-9bff-d5c0dbd12b99,0.40865153,0.4771188,Right
7f698544-99e1-41c2-8305-ae6936f020fa,0.7038059,0.1377462,Left
7f6d2d27-4243-417c-84a1-6765a9cfebbf,0.3587976,0.6768442,Right
7f8a38de-a773-4d40-88de-641bc8919fc1,0.6484306,0.37559408,Right
80410e96-a0f0-45a5-977b-a0efbf4ec846,0.6225377,0.09908929,Left
806d6770-b745-4717-9f61-29622a3a66ff,0.5409837,0.39417022,Left
80aa7ae1-a219-40b5-85fb-406f5659e854,0.49356493,0.52542615,Right
80e61aa1-1d71-48a6-966c-62d8673b7224,0.33262032,0.99999976,Right
818d2332-39cd-492e-a8e8-e2ccfc730829,0.59764206,0.29372746,Left
81ed9299-8289-4da3-8c91-53593ff56f65,0.5080357,0.26070043,Left
823196c4-fd19-4c9c-bbfc-126a4bc6282d,0.6324971,0.01770462,Left
825c7192-0dcd-4b6c-b51b-5be881091ce9,0.27103862,0.9120333,Right
82c3896b-0d1b-4e06-b1da-a9758b01cd97,0.668604,0.20439027,Left
82d4b0fa-d01e-4be0-b1e6-7c5b32abd595,0.74524695,2.2879883e-07,Left
832ad9e2-e2fb-4186-9deb-c1d225eba569,0.5673545,0.25815183,Left
832cf41b-3eb8-4511-87b0-4c6ddd930b7f,0.4667423,0.38534528,Left
832f3572-e0c4-4ef7-bcdd-5469556da1fc,0.8761499,0.0012814001,Left
83786be7-4e6b-41a3-9304-6c97eebfc811,0.74280924,0.00045059985,Left
83f5e023-f2be-4223-9f1f-5fa8faedcfc2,0.37628067,0.7430645,Right
849ff6f7-bda0-4e60-a928-ae4b688d094c,0.6601879,0.33787343,Left
84c22c97-32b8-4a1c-beeb-342ea05cb73c,0.6533993,0.2618096,Left
853e94ee-cdd4-4098-ae35-2f52f9a613ca,0.6662022,0.20098719,Left
85488789-b578-4122-90ed-f3f9841653ca,0.75988597,0.00460887,Left
858610fb-de7e-47f3-b11d-b955cf165149,0.7541305,0.13715336,Left
864977f2-205d-4cb1-a3ad-2341df9796cc,0.5114948,0.37557197,Right
8671dc26-4294-4fef-b6a0-c21ad2f2783a,0.34967574,0.8268577,Right
86d4030c-cec5-4191-843c-c4e11ba3dc95,0.53427637,0.45267433,Right
86eb7535-eb2e-45e5-bb9e-1c1a317f0e30,0.566855,0.21711875,Left
87229df9-9557-4a90-b0a8-a653bb26fd1a,0.49242243,0.57303274,Right
87a9cc5e-581e-4901-a62c-f9caa5084821,0.57974935,0.14433502,Left
885a8790-04ed-4a23-ae67-f2536fc5b7ea,0.6487038,0.18620074,Left
886025b5-02ad-4b82-a879-b8ff1ab0a73f,0.6365315,0.13392095,Left
88724606-8fc9-45db-b71d-62753aae1e37,0.69410956,0.0001713742,Left
88e63655-274f-4865-bd52-74a8ab6b87b5,0.2732046,0.9564749,Right
8933c1d4-e7c6-454d-b9be-26b261411ce3,0.6469803,0.09716863,Left
894119ec-04a3-4b10-b49d-73a8c2f39139,0.5944062,0.38751513,Right
896e0aeb-d70a-4328-b427-a4617e1418bc,0.64766043,0.02695093,Left
898d9aff-8e38-41e9-a96f-6819f3f5a627,0.57750845,0.41376248,Left
89e0d331-0e21-4daa-9844-b8908304967a,0.725067,0.21554355,Left
89e568ba-f8e6-4ef3-b313-b04138aef7e5,0.58160466,0.45312572,Left
8a65e0a0-c707-4531-8db2-58f577d58685,0.63546294,0.083297625,Left
8a954d57-8f03-4805-a6b5-a3c463c68225,0.6030937,0.24629347,Left
8acf047a-7726-403c-895a-06ceeb092822,0.7267023,0.04933653,Left
8b179121-34df-4eea-b88b-01e22c856b86,0.67386514,0.022367502,Left
8b974e5f-c2c5-4b56-9b16-41183cf77bd9,0.6996286,0.0076097003,Left
8bb97ee6-ef5f-49bb-bc23-b36055410144,0.124874145,0.82854044,Right
8bbdcbb9-172d-42de-936c-4310e4f2b00d,0.7054186,1.8979073e-07,Left
8c77c598-85d7-49a6-a5e0-4f4d6fbb90a7,0.6466418,0.15746434,Left
8cd82378-c4f2-4307-bc59-a44873bfdf0a,0.37141344,0.64389825,Right
8d1274b6-7e61-42b9-80aa-ee63bdcf9829,0.6300164,0.24758753,Left
8d37b96c-26f1-429e-8563-af53683d0439,0.7519438,1.0792346e-07,Left
8d4046da-7e34-4291-9cde-1c9142af9b99,0.51549715,0.29533595,Left
8d7bab29-884c-49ad-80cf-629b995a73a2,0.65385175,0.21545476,Left
8d929a3a-9cfd-4cd0-87d8-f144c9851b3b,0.5916221,0.28351453,Left
8de8bd55-db84-4caa-abb0-98032a0f41d4,0.22597933,0.545419,Left
8e17bf7b-1132-4573-aacb-5734faef4efe,0.6259517,0.31037933,Left
8e9c4191-376a-4614-8573-770f19afa38f,0.760488,0.05194559,Left
8e9e514a-5580-42ad-99c3-67e71db193fb,0.8362515,9.1450715e-07,Left
8ea391d3-b90b-42a2-9e30-10f0a0d64d7b,0.6621998,0.08360304,Left
8ec188f3-74c9-424b-a348-7fc9e1ea9f00,0.60634136,0.19473143,Left
8f045ba9-6739-45de-9ca4-8bf021075035,0.60843456,0.42306584,Left
8f3fe35d-9823-41fa-a1ba-1f6c4b1b5ad7,0.60413617,0.20550537,Left
9026410e-9aa7-4bf8-aafa-8dbd26c94c63,0.5434808,0.71724343,Right
9026cba8-d6a9-40a8-84bd-6d9292c75abd,0.68336356,0.00047174987,Left
907be609-873a-45d8-b304-f43e98256bfb,0.64432055,0.098446615,Left
909b3981-e0dd-4ea9-b412-4375ab8c79b1,0.37332925,0.56291384,Right
90bb7774-cef9-442a-98e4-6b58d33851ce,0.8340994,0.052507382,Left
90e7888e-5831-4617-9bba-2b27ec784f55,0.71218765,0.0014460034,Left
9118d3b9-5c09-4c3e-a0fc-096cf7fd99d2,0.4953609,0.3418785,Right
913059d6-fdc8-4d39-ba15-69cc437b0be3,0.570505,0.30263236,Left
9147051f-6825-4951-8a93-0aba7c2d31fd,0.6055113,0.354085,Left
91af0994-5811-4bb0-9bb6-9f511f3bc77e,0.66457963,0.07987364,Left
920f9290-cafd-4a28-b8ce-6c84faa7878f,0.7246606,0.007864541,Left
92c18cd7-7ea1-4f97-abfa-fa9cf2a72720,0.76510423,0.004313987,Left
92cbe28f-042b-41d7-80fb-45c7495a5b94,0.6345624,0.19529976,Left
92cd901e-8037-4c71-bef6-f3020e0c1e69,0.44336396,0.0795872,Left
93da9070-bcd8-4b2c-8b3f-a1a88f80e190,0.62664014,0.15185754,Left
94192aed-acfd-4c43-95c9-6b741b5be1e3,0.5436468,0.1094441,Left
94248b9e-6b21-4dbf-9b4e-6b183d3dfff6,0.7297761,0.08397367,Left
9425d683-5d04-4c92-8e4d-62c6f5c03405,0.44216093,0.61441374,Right
948bb0b9-4e79-4ab0-8843-1e6f3cc25d4e,0.75137436,1.6596256e-07,Left
948f2fe8-7bda-4d1f-92db-0e2099c8ca64,0.69769704,0.005965224,Left
94f1538f-9cd1-4919-ad96-17064821286d,0.6854548,0.09874277,Left
9546d7d9-310a-4a3c-b696-ac305ed7ce79,0.7964484,4.5678344e-06,Left
955316d0-6523-4554-9be5-b0946769ccce,0.6205629,0.31729203,Right
9578b488-bbc0-4a04-bc24-bdd7c1f9bc9b,0.4682283,0.33828464,Right
95c13012-f904-4a54-b78d-b22697b32cc3,0.10239825,0.5701713,Right
9609d30c-960a-40a2-aa57-6c5938d4556e,0.8114325,1.2329295e-06,Left
96e5de4f-dd12-42a7-a588-ac03bb419811,0.7092106,9.847752e-07,Left
9890b3cd-8e4a-4764-bcdb-271299fdc060,0.5052133,0.7847814,Left
98b6c6cd-69bc-4a23-acb2-5a7f3353bc0a,0.4737462,0.047204763,Left
9965b2d3-74a7-42ec-8d2d-b87233520060,0.7392491,9.91412e-07,Left
9967fd3f-419f-4da7-847e-2eafd21f4dc5,0.65581876,0.124701306,Left
999ffadd-115b-48be-85b7-e1cf84f04abb,0.48496982,0.52387834,Right
99c82f09-183d-46d6-93c1-a9d891dc366b,0.59396607,0.8658902,Right
99d56230-179e-4ff0-aaa3-03b2649546c2,0.636902,0.20293637,Left
9a788385-44c6-4c38-b3ab-ce6b00891848,0.75648314,2.429077e-07,Left
9cdbf1f1-c63b-41b0-bdd8-b5c0d16632b1,0.7717634,6.931721e-07,Left
9d8273cf-d9a2-4695-a15a-8b7196009743,0.74731314,4.5267752e-06,Left
9df2fd2e-ee69-4091-b358-e87627879df2,0.5964718,0.35302195,Left
9e2c4099-6312-4cc0-9447-3f24c5369e59,0.64951473,0.14492498,Left
9e2c622c-4c50-4505-95aa-1fd6ff3c5bcb,0.63723457,0.03918818,Left
9e3f6266-f2df-45df-a1be-f51d3ee8a22a,0.7185644,2.0414243e-05,Left
9e48d529-8148-40d8-b960-3a65f7820af4,0.7436103,1.836752e-06,Left
9f8339a1-8d9f-4c90-b82f-de6167e26535,0.46335727,0.51879305,Right
9fe50d71-2ab9-4c51-8fb5-4e191d3769ab,0.73700505,0.00022280969,Left
9ff1d323-7b58-40d6-9f7e-d7f7f7d97af0,0.5174512,0.43123007,Left
a083a400-e1b2-4f69-9443-4c1a27ba2046,0.4351308,0.7430888,Right
a0a3a489-4b8a-461b-980a-c0dceaaff54a,0.7117421,0.113770485,Left
a0dfeddb-fc45-42b3-8aca-8a19148ca3a3,0.4674328,0.83031434,Right
a15e110d-b504-4a94-8234-7307fca65d2d,0.63949466,0.013204616,Left
a1653595-b08e-4ad0-927f-8c94f094019a,0.5392678,0.792384,Right
a188996a-0ef6-49c8-acee-333996fdcd2e,0.7455932,0.1015979,Left
a1ad384f-eb50-4933-b5e2-3aefa967edf7,0.5144187,0.102838054,Left
a1bd3a37-abb1-416b-bd65-bd17077eec9c,0.7038337,1.8429229e-06,Left
a21381c1-bc13-4014-93ae-89dd9db9b86f,0.7768852,8.436304e-05,Left
a4d30cdb-533a-430c-9327-f2b26ef19738,0.16291514,0.9493365,Right
a4d67a91-3ed0-49df-8980-f1ca1da544d5,0.5528802,0.40790778,Right
a522269a-85cb-4d14-943e-0c3b284610a7,0.76713455,1.924472e-07,Left
a664ff56-e303-4ab5-8841-bc950222e75f,0.7536794,1.5418979e-07,Left
a6ae6a48-7359-460e-87c3-16baa605056a,0.6216302,0.21205974,Left
a6c0e393-ca2c-4451-b14c-2106b0475d29,0.33798274,0.9857192,Right
a6e34700-69c2-4df6-ad87-db325ff47105,0.520249,0.30296966,Right
a7adb7e7-e526-49b9-93d5-563f75aa7714,0.79446864,0.0031095508,Left
a8c0ebfe-f4ea-4348-a186-d53b73aff611,0.6357847,0.34926495,Left
a8c79501-691e-47c5-afb7-46725c9af438,0.790689,2.7148826e-06,Left
a8db53f7-a83f-4682-811e-b14d91090199,0.52870166,0.30501658,Right
a90822c9-61c9-4878-bf83-7644228b1d11,0.7262119,3.284834e-06,Left
a922b452-70df-4963-95b2-049f20261088,0.5368316,0.20888554,Left
a962897b-6dd7-40c9-b043-e4c3d670cf77,0.58175063,0.2884986,Left
a9aa0531-baf9-475e-8b21-47bb5379b82d,0.534514,0.42842847,Left
aa0d27bf-7acf-4b2c-ba3b-ec032da5e542,0.6282578,0.12513694,Left
aa19fe7c-09da-4651-a0cf-37a58b058cb0,0.7812489,2.4039733e-07,Left
aa3454dc-bdbf-4f09-8612-d3518df58dd5,0.5177493,0.44637573,Left
aae445b1-29cb-4a1b-a3cc-4289313079c7,0.7109978,1.6826874e-05,Left
ab683ffb-af1c-4ec1-ac4a-b6866b2622dd,0.79609835,0.0037891027,Left
ab6a41e6-b8d9-4e51-9fc2-ad0e99808fc9,0.34329057,0.7375969,Right
ac361ea8-8b17-4d40-b032-39876e29f4d3,0.7547293,3.0316065e-07,Left
ac9f1796-47ef-43ed-98c0-d5913cf7c814,0.6987348,0.021490892,Left
ad0130ce-11ce-4f7c-946a-2985bf633dd1,0.7925326,1.6559778e-05,Left
ad2e3a18-353b-4cd1-8a5c-36c51a9671b4,0.39823166,0.518066,Right
ad3fa130-563e-4fed-9519-c3a0163dd59e,0.61400455,0.2631868,Right
adbe46ac-2ffd-4df0-bb83-11f91472cb4e,0.4248863,0.55421233,Right
adeb4cfb-1e0d-45f1-95c5-f4d97026ea8a,0.6178484,0.14344376,Left
adf99763-3cdf-4b58-9a3c-94ae2acec6f2,0.7219804,0.20713654,Left
ae0277d3-d8b8-4f97-b7bb-ae6179caf6bf,0.7650749,0.0017688139,Left
ae60ebf3-4f12-4ce3-a2f0-5de89f869fbc,0.93565947,0.1026363,Left
ae62d927-7163-4aa4-ab9f-99c4b7b8799d,0.65066755,0.20963152,Left
aeceb232-52fc-464f-810c-503dba99386b,0.8946268,0.00063009904,Left
aed08820-ed39-40a9-9291-9dd5cfc37d4e,0.5910693,0.15102467,Left
aef2c4c3-027d-43e3-a3cc-31f8340b5c08,0.75559986,0.088266514,Left
af0a0f52-1e59-4d22-a3b2-6cfb737ec5f5,0.5014498,0.7739232,Right
af447c4d-6b88-4128-a826-e94cc1b57f03,0.51028824,0.18027556,Right
af47fd70-f15e-4042-9942-cc6a2b79fd99,0.35680857,0.8485159,Right
afd3e3be-3607-4628-82cf-d58c1cdff1cf,0.71119255,0.019388288,Left
b12395df-8f54-4e9a-ae0c-44ccfb6fb168,0.36202627,0.82542384,Right
b1920ae7-f75b-4a7a-be3a-73db7b352673,0.8496781,0.00040186036,Left
b1e29d1e-2787-4649-b06e-8bf716450392,0.80655134,4.2857243e-07,Left
b29baebf-be15-4dc6-a55f-8c8dad3ab6d1,0.46467128,0.29946122,Right
b48881db-334f-4396-91a1-c888166b9cb4,0.7583339,0.00010795368,Left
b50d66f9-fd64-41c3-9e93-ba74a253c634,0.5040533,0.49987763,Left
b50efd6f-6c89-4901-962a-5375a155a020,0.7011127,0.32992658,Left
b552930f-7e9d-4bfd-8b06-8c871a2e5cd6,0.47486103,0.032460015,Left
b692fc38-a2e6-401e-ad4e-2d709a860177,0.7352755,9.4498296e-07,Left
b6b8a9b2-91c5-4ac4-81d8-0f9957b9ef8a,0.45330533,0.736351,Right
b6d80bc5-1c28-4393-a935-87da302b8933,0.36222512,0.95078886,Right
b6dd5105-5f4a-4065-989d-80ca86fdefe8,0.74595726,1.4327279e-07,Left
b702eb97-220a-46cf-9508-b5cb19797235,0.58019555,0.20885623,Left
b7323948-9998-430a-9d42-d908785a3782,0.63576853,0.18430267,Left
b79afb2f-a3f7-4ca7-9273-4f7e3ed3d71a,0.7429758,0.16913468,Left
b7cc0ce0-cd18-4f99-9faa-d5a36d8ffa71,0.5084689,0.37062433,Left
b7d4984f-0a04-489a-8f9f-143b6c6c4c07,0.77185637,3.2226012e-07,Left
b8516dbc-d0df-4737-9dc8-df68cd805358,0.66469085,0.2132972,Left
b896794d-b00f-46a7-a6ed-7ddecabe5534,0.60609406,0.010256194,Left
b8a8c9b8-13d4-4872-94c7-24fc1c31e357,0.7098902,0.06997156,Left
b9d99779-eb25-40c5-a3d9-132d38d8315f,0.713559,1.5319984e-06,Left
b9e9a75d-6ba7-4aee-8e47-1f138f20f3d8,0.5792543,0.096593715,Left
ba1a3318-67e7-4eef-a71c-57e2bb5985f0,0.5727909,0.30176106,Left
bad55c21-5652-4ab7-a924-3552f09e8b16,0.340034,0.93484265,Right
bae84188-d4ba-4b91-bb12-d7c56aadebcf,0.527645,0.32016835,Left
bb56a1e0-cca4-4172-8e93-a9dbc2b3c1d9,0.75261587,6.071309e-07,Left
bbab9603-e11d-4022-ab7c-387dcff86870,0.63450605,0.2044508,Left
bc80783c-0a33-4f41-8d15-2f2990e59442,0.6447584,0.023042502,Left
bd569240-6c76-4cf8-8a60-44729d874456,0.7482394,7.6337865e-06,Left
bda63742-de52-4399-a13c-dcf880b850df,0.63261724,0.259587,Left
bdc31d46-fd25-4da0-b704-95b0ba992600,0.5473641,0.33525407,Left
be076850-d786-4e7c-a9f0-7656524395b1,0.6563858,5.753608e-07,Left
be48bf9e-b779-4e87-ade7-608ba4fb99d0,0.7159736,0.14387426,Left
be54a8e6-4dbe-4e68-aa09-4f301299f588,0.7295578,1.0167078e-06,Left
bed6cbf1-1457-4ec3-98bd-d2a9bcd04e51,0.76677626,0.016182657,Left
bf143acf-9de1-4e18-8ee5-a293da855b18,0.61635035,0.39721274,Left
bf4e28c5-a4dd-4ccc-a23f-afd0dcc0e1e7,0.48518094,0.45961937,Right
bf7c6545-6f67-42d8-9a7f-349531fc8c82,0.6985151,7.1756454e-05,Left
c028bd6a-8a67-413f-badc-e9f87c90e69d,0.57117915,0.08821031,Left
c03d6b7f-ac48-4687-be4d-f5cc9aa6ea1a,0.3675978,0.9619782,Right
c05f5ac2-d694-4136-8f8d-5a3ab0f6ac83,0.76587564,4.7813223e-06,Left
c070599c-474b-491a-9392-62d4f82a910f,0.73860914,0.01817384,Left
c178d600-47e3-4f36-a2aa-6c3415021141,0.5233183,0.3290922,Left
c1c2ae66-f7da-4fef-95f9-a769245d1210,0.6539889,0.105894804,Left
c1e6485a-6b59-4efb-8214-7c4ed28b258c,0.710561,4.453861e-07,Left
c26c2957-6a41-4b19-976f-1427bdb67392,0.7177365,5.385942e-06,Left
c277c29f-7581-4525-8e55-6d8eec090ba2,0.7555858,1.1551525e-06,Left
c2d9a54f-a0d1-4159-a4ba-66bbfc6b25a8,0.7662103,0.0004579363,Left
c34fb997-e70c-4c44-bc06-914e9ebc7834,0.57823205,0.262423,Left
c369fee4-a5f1-4954-9741-6a0f2e180866,0.64206135,0.22094299,Left
c389c905-5618-4f91-b7bf-4720d7f1ebc0,0.5934375,0.35115266,Left
c3dbe6df-ff88-4a1e-9d83-db23075b424c,0.29228863,0.6410368,Right
c44ba535-feab-4f04-976d-9196ac0d4489,0.7592103,6.718059e-05,Left
c4640d24-c7b8-4910-888d-e3b2d05098ac,0.5937242,0.20180824,Left
c47bd4e2-947c-44d4-a182-c5c03ef17bb8,0.75742966,0.04833583,Left
c4c03df0-a7aa-49be-9479-4246e5eb8c90,0.6267673,0.003092916,Left
c4fc5f7f-f628-4680-8392-d6da29078419,0.7668334,0.012727452,Left
c558dbf4-c968-4b8d-9067-6513c43a0845,0.54470044,0.27117088,Left
c55ae975-7ed7-4217-8edc-adc95e038812,0.54964685,0.4544076,Right
c5d0741a-162e-4d93-868d-5a3d5c5c99cb,0.48997724,0.17139971,Left
c60c4e9c-d4d2-4262-abe9-1595b0a2708d,0.48982134,0.05816218,Left
c64e27bb-9064-4d92-bf8e-81d248c61a55,0.6352949,0.44297823,Left
c688b91d-ed76-45fc-bc74-b7d5d9c5bc03,0.74449396,0.012894981,Left
c690610a-6abf-406c-a7f5-6a9447397e77,0.72434086,0.032101627,Left
c6a15567-7d9c-4078-92bf-bf19725f0c55,0.72423553,0.113552816,Left
c6b02f98-881d-4155-9d56-1d68119be1f1,0.6645864,4.18746e-07,Left
c6da2fc3-9160-49f8-9d3e-b0b7ee8ce0e1,0.8307959,0.012749598,Left
c6fcafcf-6851-441e-b3ef-b4d15461fe83,0.574622,0.40510514,Left
c713c733-cfd5-4051-a5cd-dc81a65ed37f,0.7449616,0.0022257918,Left
c721c05d-a63e-4603-a471-f66d0883d102,0.74339694,0.051175736,Left
c74d06f7-672e-4657-838f-5d48ee10d5de,0.68418247,0.048638903,Left
c76099f7-4a77-42ac-8505-28255b871714,0.695021,0.020525234,Left
c761b833-3edd-431c-befc-f6df33b24f7d,0.658187,0.26105696,Left
c7b1ca2d-e5e2-417a-8411-9e193138e7af,0.7258825,1.2672764e-07,Left
c88f57e0-0189-4887-92ce-499dea9b410e,0.71943384,0.0028036307,Left
c98aa8a7-0d88-4680-9571-3c7e6b07658d,0.8133738,0.0058075907,Left
c9a39559-1676-4a5f-92a7-4e93d61929e1,0.7909896,0.00091748004,Left
c9dcbb13-8599-4e6a-94bc-3db47906d063,0.6536,0.22266637,Left
ca2ebb9b-f8a6-477a-8092-9553916dffaf,0.6174518,0.22164649,Left
ca8ac7bb-a24e-49fd-b709-78afaa578a0a,0.7144667,5.0355147e-06,Left
caa96ad8-3389-48ed-b69c-99c1d4a15547,0.7480394,0.3007708,Left
cbe2a561-a2b5-4f17-a2f4-2f9ed85a2239,0.738014,0.0884378,Left
cbf1c8ef-d8e4-4b10-b98e-c1459be821c9,0.505268,0.585454,Right
cc3a31d7-b90b-43be-aee9-8dcab37d5b8e,0.5154444,0.5175468,Left
cca01399-eb6f-48d2-9dd3-c4112d521224,0.75934094,4.3478875e-07,Left
ccda3423-d9d3-47d8-8945-1fc6c6991feb,0.62680835,0.2971976,Left
cce5824d-b666-46aa-84c0-5f6b5033c65b,0.7726232,4.930181e-05,Left
cd95b8d0-b0cf-4feb-90ee-0c2e411c73cd,0.57603794,0.42518982,Left
cde3fa66-caa7-4818-9145-a96ad6bc59d7,0.46294162,0.7735469,Right
ced75683-dd13-477c-b768-1c55bb9b84dd,0.4090703,0.5353814,Right
cee15687-9c5e-4666-9227-82060d870815,0.623909,0.5152049,Left
cf240365-a78c-4281-a435-fb46330c67f2,0.73514116,6.7119818e-06,Left
cf27166b-ceca-49ed-8772-9d2b41a6e054,0.7340526,0.071419075,Left
cf47e61f-2347-4c5f-ad30-e2099b9a0615,0.7120858,0.08395076,Left
d05e2644-0a1b-4cb9-9ecb-f6222fc115ac,0.59689784,0.19150914,Left
d07cd45f-62ee-4604-bdef-6e766993ae15,0.5847339,0.33965147,Right
d0f4f6da-81d6-4fbe-866b-e4b9bf425752,0.71144456,0.08229225,Left
d100d688-3e90-4052-ae89-0fbca867f3b6,0.80827343,0.12657076,Right
d16fbdf2-4618-406d-85f1-057acebce618,0.74510545,0.05920623,Left
d1bbba0a-81f9-4a41-899a-9a1421997d96,0.56672555,0.39631873,Left
d26b83a1-2d64-4f83-b8b4-83a4e6004b67,0.40469903,0.41582707,Right
d4495fb4-ad8d-4757-a224-ac886d3d2885,0.71974254,0.08720065,Left
d49fe5f5-f134-4789-8a21-26892b014ca8,0.6229591,0.012351553,Left
d4a91c7a-a324-4aa8-9c0d-a8295665e33d,0.6473146,0.15855621,Left
d4b2b4cb-4969-437d-8aa0-3d54d3ba91b2,0.7310515,3.197623e-05,Left
d4d1cf63-ed31-405c-9268-ef4c9cffda36,0.5134099,0.8192398,Right
d5badacb-33f1-440d-974d-5326e82216f6,0.67564136,0.21027009,Left
d5d2fadd-7434-4f92-bc12-61ff586f7e95,0.70028824,0.19972445,Left
d5ec50f0-6f51-43cd-896f-976c274e4844,0.66405284,0.19061479,Left
d5faca0b-790c-44b0-9286-44bba0f5f5d5,0.5200583,0.47666326,Right
d67e4a5c-1162-43fe-8274-a90e2eca08c4,0.53486574,0.2661973,Left
d69d5335-ccc8-42e5-9fa7-8acf481a81e9,0.69369024,4.5010998e-07,Left
d7e2f61d-4d24-4c3c-b900-de88168ca07b,0.6366323,0.3341834,Left
d8076b70-da9b-4455-bc50-07697c700db4,0.72649884,7.4637927e-07,Left
d834e951-0b04-4150-8b7b-8854a7e4313d,0.7916381,0.068618126,Left
d9e78a2e-0be5-4ea7-b272-a7ab4182d7f5,0.49200538,0.48823324,Left
da07df2c-6c04-4a8d-8b53-5b4ad3b8ad6c,0.41218626,0.43764067,Right
da39eca9-b7a7-4586-800c-a37de001629c,0.39265496,0.70625126,Right
da50c57c-44f1-49a0-89de-51ac001c80de,0.84500545,0.31018656,Left
db005efb-4f1e-4f0e-9b14-100e10824885,0.5390746,0.56689864,Left
db10bbde-d7f8-4472-9d0d-f5a1e1a4c74f,0.43946284,0.30447397,Left
db369e29-81c8-46d4-877b-2d87482ba6be,0.75430727,2.3921891e-06,Left
db8df254-a301-4549-802b-a066fc6fed09,0.67280793,0.41790685,Right
db959446-b5b9-437e-b198-d67f9b626f88,0.6041323,0.44177744,Left
dc450273-ecd5-4469-ba91-c7153ac86ab2,0.4822555,0.08862547,Left
dc8b5f07-c87d-4920-b489-9261d0479b7c,0.6064182,0.1518363,Left
dd1629b6-e583-4abe-a2b6-6bf456316c00,0.7661672,0.00023298187,Left
dd405490-b41f-45fa-919a-b996c316e2d1,0.7982637,3.679855e-05,Left
dd833416-2802-4f5d-8146-f698eb8d17e3,0.7572549,0.03009495,Left
dd9e976e-0c06-4616-b5b8-8f8ec5bdecb8,0.5691971,0.3334441,Left
ddcb985e-5adf-4675-82e2-c34a1ba693aa,0.85471785,0.20847483,Left
de5d38a5-9060-49d5-bd42-96dff5bff1a4,0.7540876,1.9293033e-05,Left
df68a5e8-c334-4d80-b202-e7b9c04de228,0.7287946,0.004285778,Left
df88fb32-a48a-4041-a357-255ac03eb89f,0.73695135,0.0006608196,Left
e0cb3fa3-3a97-4ee1-8eff-4c6805c0750a,0.59782416,0.18753698,Left
e0cb8759-2428-4509-8b86-b5588048ef16,0.7399198,0.008193491,Left
e0fbe1ae-7095-40b3-ac78-debcb5b13add,0.8067721,0.04742272,Left
e12d2601-ad1e-4ae7-9411-b492dafe9a6d,0.6632199,0.05034278,Left
e1813136-2d1b-49f6-84d8-7b759af07556,0.6787021,0.15692006,Left
e1a533a8-fd2a-474c-bbc1-84606480e1bf,0.72102326,3.633583e-07,Left
e1ab3e50-002e-46a9-874c-d0ca7ebc2dd2,0.7199649,0.005074514,Left
e21eea1b-8b17-44bc-bcf5-1db6f7e37712,0.5983196,0.28113458,Right
e22edcc3-5d47-4e55-93ea-c4fe02a79113,0.3699043,0.9379136,Right
e243eea9-1f3b-44e4-b2af-34ba2c535e2b,0.49637887,0.4247059,Right
e25eec8c-1e3f-4945-a660-03d332533846,0.77905506,1.4298095e-07,Left
e33d2bda-5789-4495-8642-faf1e3ce9123,0.448264,0.5277796,Right
e38838a1-d51b-42f0-a27d-175d9e869a77,0.661586,0.18939458,Left
e3e55b57-ec46-4746-a117-abc63828372d,0.7239838,0.010135582,Left
e47b00aa-0e7f-4110-aa27-d1f96815ea8c,0.6102805,0.012802808,Left
e49a1095-7300-4a74-810b-b7dc9a8b95e3,0.63343763,0.20269151,Left
e527fec9-caf2-488f-b85f-6dd25d728bd0,0.6657365,0.0364841,Left
e59af0ee-67bc-4926-8d6d-d9048e51e613,0.7222426,7.167038e-07,Left
e5db20f0-0bc8-493e-85da-dfadf9e41421,0.7069888,0.10923224,Left
e5faf165-d5fe-46ce-a1b4-3c4d139c7f35,0.74072194,2.913916e-06,Left
e6027f72-0fde-48c3-8b71-97707069f738,0.68655545,7.114961e-07,Left
e639dc43-5435-40a5-b8aa-6da0b9614f00,0.5677405,0.21536267,Left
e6812ba0-8e91-4328-b387-0ce6cdbd00b3,0.83036983,3.6135606e-07,Left
e686085c-dcd4-4fe9-a9e5-a413e259d519,0.50746214,0.5547593,Left
e6e38417-5238-4707-9601-d0f0d896a36e,0.59101635,0.21628389,Left
e78184a8-36ad-4d02-b1a4-302187826fd6,0.6737218,0.06503256,Left
e864434e-353a-44df-ab10-f298d41b200f,0.6835915,0.027083818,Left
e8a28c2a-bf2d-4496-85ea-f34dc534e776,0.78585243,3.678396e-07,Left
e9001e65-7aa1-468d-a7c6-dca4ad023e59,0.62599367,0.069337584,Left
e93c4c4d-59f0-49a8-8290-8b90216435e8,0.49715304,0.32055017,Left
e94eda18-1160-494e-979e-3a2f3823bf13,0.75609624,0.16426401,Left
e993f137-8da2-411f-8543-0c7ac4fd708e,0.8151762,0.027575389,Left
e9d082b5-8776-4306-8c1d-50e58545b1b1,0.53595227,0.34944406,Left
e9e436d8-b003-4ffd-8554-3103845ebc94,0.53231514,0.3683094,Left
ea543d92-8abe-4732-a85d-695524445512,0.73579407,9.3101875e-08,Left
ea583384-c2ff-494b-9c62-91e31af357ad,0.7103306,0.14387107,Left
ea59a915-41f7-4a9c-b7fe-3849d409129b,0.5634319,0.1841857,Left
eab372bb-8135-44ae-8761-70f59ce81733,0.67593604,0.19060168,Left
eb0ce96d-c17a-457b-80f9-60bae09de066,0.6042591,0.16177443,Left
ec4cf724-eecf-4941-a69d-7cacb0ce162a,0.58775324,0.20103027,Left
ec86a40f-a433-433e-a5f1-ad95838714f8,0.6337607,0.3257235,Left
ecabbbe1-0ded-48f7-ad67-2872a2aa792b,0.6104258,0.07408882,Left
ecea6316-cd6d-4bc6-9d15-41bb0f93bd51,0.71483356,0.0038883917,Left
eda339c4-a1af-4498-b209-1ba98ce13e90,0.7219358,0.15198168,Left
edf5f5e5-a55c-48fa-8e52-0bcfb4fd026d,0.36556256,0.7744575,Right
ee1a95fe-d562-40f1-bd22-1ec80f769dbc,0.6636852,0.26438272,Left
ee7bb877-5cb4-42bc-9749-8b3ff0b41116,0.75512064,0.024049243,Left
eecf97d8-cf89-432a-99e2-27958b9933fe,0.7463214,0.124587685,Left
ef3cf105-d4bd-4d51-b163-89c95f9f85dc,0.6085328,0.22216608,Left
f07f5619-1b18-4010-8374-e9db9b11ff55,0.74729615,1.0224962e-05,Left
f15e6f7c-44e7-4c5d-a53a-e8eb98ffcd47,0.5431013,0.24863204,Left
f19bbfba-0109-4691-ad96-61d0dd88c868,0.65440625,0.17401172,Left
f1fb188f-0180-476c-90ff-5885f255fae4,0.58800775,0.5213136,Right
f20ca042-4e47-47fc-bc9a-0fd126331c91,0.7350379,5.2707276e-07,Left
f25336b8-f974-49fa-9419-00d921caad46,0.75883037,1.4016988e-06,Left
f27bb8de-0c0a-43b3-a9b8-904dd7225af0,0.73058665,6.6048424e-06,Left
f29afcbb-ffff-459f-8817-c3a6743a613b,0.6190708,0.104807995,Left
f29fbed7-0ec7-41ce-8eb2-165017f18f86,0.64995795,0.3606732,Right
f2e94928-8e76-476f-ba15-26d4b7a14842,0.7473545,3.2094606e-06,Left
f2efe118-5a25-4c16-880c-c9257c3e0c43,0.757867,0.04044689,Left
f365b36c-6722-4c2b-a935-9b398e24f4be,0.7360324,9.493843e-06,Left
f3d45e3a-0e16-4f00-a00e-abcc5952af38,0.7930247,5.195385e-05,Left
f40886df-dc59-47cb-8cfb-1ae1310bb3d4,0.7865323,2.5437946e-06,Left
f47145e7-1772-4f56-be8b-c67d4c54ffd4,0.6729825,0.05801838,Left
f4b7f121-3315-460a-ae0f-dc5a8a6dc9f0,0.9116462,0.08627958,Left
f4dc94f3-61fa-4434-952b-f08247cc72e9,0.6522952,0.16238922,Left
f54dc50e-2f65-4b10-8d84-ff15fdcf7129,0.46078044,0.049065173,Left
f57b1f4a-bc59-4410-98b1-ae586b3f73f6,0.6723596,0.04835018,Left
f582ddd3-6b20-442d-9808-529d378e3d62,0.50658023,0.54795945,Right
f5fb1879-4c55-47a0-8309-ae18c2573264,0.77575064,2.19044e-07,Left
f6f8d66d-43da-4cc8-91db-1cf51375b016,0.74767506,0.09696561,Left
f7215a3e-997b-448a-af79-b8a06f43f041,0.51348376,0.53515744,Right
f7663395-43f9-4d0c-8c16-46496b89ebd7,0.65365547,0.0012637965,Left
f8800805-134f-489b-88c7-e91dcd45f865,0.74755645,0.00017104803,Left
f8ff41f9-ef62-4d71-9874-1451af644779,0.70406926,0.031468596,Left
f976f3cf-16cc-4005-838b-6bdc6cb88e73,0.79998714,0.006463487,Left
fa53a5c7-b170-4575-b529-1935b3186ee0,0.7041802,0.047466874,Left
fa98d7bb-0c36-470e-84fe-7666ddb2ba91,0.7517445,1.7750262e-06,Left
fb4ab829-b326-4796-a048-70ea292e7cac,0.6585558,9.0776e-07,Left
fb77885c-b619-4c71-8164-9636d589e01a,0.3396795,0.99998593,Right
fbbb8dd4-2276-4cc8-88a5-1413310740ef,0.7538005,1.6234624e-07,Left
fbd95a9a-2d87-425c-a4af-a725de184e55,0.65400195,7.189026e-07,Left
fcdd2240-eac7-4e89-b901-727ea9e87de4,0.7019589,0.012165092,Left
fd1f55fe-b4ed-4a72-8073-a27f11a4eec0,0.5752622,0.31048587,Left
fd2a218d-6674-4531-9d15-535246b403d9,0.4871548,0.55133885,Right
fd592402-8f98-47f2-aec0-10df541367b5,0.67176026,0.28582668,Left
fd769f3d-0261-4578-9a42-dfeae891e6a5,0.7470716,2.8381797e-05,Left
fd9982c0-7ab8-4f3e-9887-1fa23714695f,0.6416377,0.2858809,Left
fdadc0df-f980-45e7-8a52-a8b2990467b0,0.72462845,0.13601175,Left
fddc76da-2a6b-4205-afcc-f6caafe799c6,0.65643406,0.20054,Left
fdf4f4ad-3004-46cd-ba0b-5733a17daa33,0.82265395,1.5497717e-07,Left
fe66fb5c-2664-463a-8903-9762a436ba37,0.84949094,1.2196374e-06,Left
fecf3440-84f3-4bcb-b2c4-f6c939d80ec7,0.6723412,0.000119347154,Left
fee0b44f-2122-4067-bf1d-ebe3320aed73,0.82158226,0.0025703437,Left
fefc6148-c16d-482c-a140-9594bc57a245,0.60551333,0.10545784,Left
ff332300-7340-44c6-a779-83ac1dc7b7f0,0.62528116,0.011521831,Left
ff53f691-1512-46d4-b81d-15e0ff28ca8d,0.7097497,0.0010822358,Left
