group,summary,left_dimension_1,left_dimension_2,right_dimension_1,right_dimension_2,distance,n_left,n_right
All participants,Mean,0.5447472780400063,0.24771482891517677,0.2763408698939708,0.42873855294211083,0.3237461792738809,12473,9570
All participants,Median,0.5605459,0.21855271,0.24403181000000002,0.43091571,0.38115510351762066,12473,9570
All participants,Density peak,0.66956069840201,0.11118351218592966,0.2260929232949749,0.429218469120603,0.5457196179273963,12473,9570
Men,Mean,0.5398795542790038,0.2574736863987611,0.27709872669104757,0.43425625103259324,0.3167109699810321,7749,7026
Men,Median,0.5522442,0.22961582,0.243426435,0.437934905,0.3725120845755644,7749,7026
Men,Density peak,0.6566850043316583,0.11118351218592966,0.2260929232949749,0.4315803101507538,0.536715612217135,7749,7026
Women,Mean,0.5518685849685603,0.23118769083022547,0.2737158551949085,0.41355399976173424,0.3326054896026773,4612,2514
Women,Median,0.57253545,0.19792183000000002,0.245067735,0.41497626,0.39287113657018136,4612,2514
Women,Density peak,0.6709421424572865,0.110491931959799,0.2277252424723618,0.4243280455025125,0.5430785639259219,4612,2514
Silent Generation,Mean,0.49415279288732394,0.2513283467042253,0.2144685313448276,0.466431425632184,0.3528351183185414,71,87
Silent Generation,Median,0.49092966,0.2305751,0.19371702,0.4558957,0.37296745992127733,71,87
Silent Generation,Density peak,0.5524389601005025,0.13266118678391958,0.18703160605025126,0.445347684120603,0.48093178311553647,71,87
Baby Boomers,Mean,0.5039897524287343,0.26296039349828965,0.23924439379786477,0.4457337659074733,0.32170826936591773,877,843
Baby Boomers,Median,0.5071109,0.238452,0.20916784,0.44433033,0.3621545992608026,877,843
Baby Boomers,Density peak,0.6634768670552763,0.11469574448241204,0.19732897473768846,0.45677195532663306,0.5781954613603166,877,843
Generation X,Mean,0.5140379633546964,0.26110578782848987,0.2632918521770617,0.43511636018849614,0.3052102415774473,3854,2886
Generation X,Median,0.51187295,0.235155045,0.234371625,0.438231095,0.34387042248550276,3854,2886
Generation X,Density peak,0.6617330371356783,0.11329876721608041,0.21809935611055276,0.43867718584924625,0.5501653917251816,3854,2886
Generation Y,Mean,0.5627369988444549,0.24193318177046855,0.28578947744724364,0.42457365331718694,0.3317491091998085,6339,4934
Generation Y,Median,0.58393323,0.21241769,0.25341179999999996,0.42661433000000004,0.39385862473295485,6339,4934
Generation Y,Density peak,0.66917032,0.11263509374371859,0.23241502197788944,0.4247307571859296,0.5368043344551313,6339,4934
Generation Z,Mean,0.5775201136441441,0.22625400736561563,0.31011557509634147,0.40988125853048785,0.32438272858820694,1332,820
Generation Z,Median,0.60396885,0.194247985,0.26513374,0.40237608,0.39765127397889866,1332,820
Generation Z,Density peak,0.6655074629145729,0.11808142020603016,0.2265932308743719,0.3876291203517588,0.5150744273804427,1332,820
