rank,left_proposal_id,left_rank_ratio,right_proposal_id,right_rank_ratio
1,23,0.0133333333333333,45,0.0555555555555555
2,37,0.0568181818181818,64,0.0869565217391304
3,6,0.0652173913043478,8,0.1132075471698113
4,85,0.1333333333333333,21,0.1851851851851851
5,57,0.1707317073170731,78,0.1923076923076923
6,41,0.234375,34,0.2328767123287671
7,74,0.3142857142857143,18,0.3333333333333333
8,88,0.3243243243243243,65,0.4307692307692308
9,40,0.3529411764705882,39,0.4615384615384615
10,87,0.3684210526315789,60,0.4680851063829787
