user_id,age,sex,politica
e9001e65-7aa1-468d-a7c6-dca4ad023e59,2,1,2
539b2141-4d8a-4ff0-890a-beac65df93b7,5,99,1
41e3bf3a-e792-4521-8d3a-8f974f329345,2,1,1
15be6313-14d6-4f79-87a3-3ed2478e01ac,3,1,3
b17d8333-6601-4690-833b-a098f1056d76,2,2,3
15be6313-14d6-4f79-87a3-3ed2478e01ac,3,1,3
46de1209-8ca2-45bd-919e-d5835a9c5a95,5,1,3
59221769-bf8c-4a7e-945a-89618743efdb,4,99,99
a664ff56-e303-4ab5-8841-bc950222e75f,3,1,1
7490cb32-18ba-4572-9310-c0c3801438d0,2,2,5
fecf3440-84f3-4bcb-b2c4-f6c939d80ec7,2,1,1
883ed508-c44f-44cc-a5a6-8f55eed802d0,3,1,3
1bdf8b87-c4cd-45cf-b408-6e2a700de9af,4,2,3
049e4da5-c898-4f88-9410-8dbe8750419a,3,1,99
8aad6aa4-5400-4d13-93f7-155ff7f1606b,2,2,3
07662e5c-b6d3-42c5-8ed4-34a3fb5509b2,5,1,3
4ce815b0-e0a9-41ed-a3e0-d2b5abad3b0d,2,99,99
8ea391d3-b90b-42a2-9e30-10f0a0d64d7b,2,1,2
8d83435e-1484-4047-bea1-3621406e510e,2,2,3
5bf33bda-4a05-4081-8cb7-18f416d29d65,5,2,1
2b353f8f-8ea4-46e7-a13d-2f7caf8e7d99,2,2,1
59b9e265-2ac2-47fa-981a-4f8b3fb7d3a4,5,1,2
05c18e6a-e170-41b2-8309-42db74a9c3a6,4,99,3
15be6313-14d6-4f79-87a3-3ed2478e01ac,3,1,3
58ba8878-feaa-485f-b761-1fa5ffe8e605,2,2,1
fa2430de-870f-4205-95d8-2e2b2bb6b254,6,2,99
21b2788c-9ad2-4225-87bf-617a1c4d5ba4,2,1,1
392d4772-a3f0-4ea2-808b-4bac3b63f35c,2,2,5
b977aaef-2e9d-44a3-ad49-cc01ff9ada9e,2,2,99
33fedeb0-ab40-46a3-bea1-00075ca32fbf,3,2,1
5140efe5-0001-44bc-830c-97d532357cec,2,2,99
679d1eb0-c464-434a-951b-6b7a521047c5,2,2,99
d07cd45f-62ee-4604-bdef-6e766993ae15,3,2,4
34402ff1-afe9-4c43-b413-8f7a071dfdba,6,2,2
94192aed-acfd-4c43-95c9-6b741b5be1e3,2,2,2
f5c0635e-0d7f-4adc-94d3-ed56c3aed422,3,2,99
9578b488-bbc0-4a04-bc24-bdd7c1f9bc9b,2,2,4
8f3fe35d-9823-41fa-a1ba-1f6c4b1b5ad7,4,2,2
69e0c802-96c0-455d-ad22-4cf181616249,3,2,2
b8516dbc-d0df-4737-9dc8-df68cd805358,2,2,2
a822a27d-d63b-41ed-bb00-12680c63494f,2,2,99
15be6313-14d6-4f79-87a3-3ed2478e01ac,3,1,3
19aeb8d0-1176-4f6b-af21-c8ad74f1ba71,2,2,99
19aeb8d0-1176-4f6b-af21-c8ad74f1ba71,2,2,99
983098e3-8b88-4da4-b1e2-0f27a0fbf59d,99,99,99
fddcf736-9001-4c00-89c9-d99812e097c7,3,2,99
fedfc0aa-8c07-4485-be7c-b444128c2ee4,2,1,99
2cabf6a7-503c-4003-8a6b-68ef5d64c068,2,2,1
b50efd6f-6c89-4901-962a-5375a155a020,3,2,1
832cf41b-3eb8-4511-87b0-4c6ddd930b7f,3,2,2
cbf1c8ef-d8e4-4b10-b98e-c1459be821c9,2,2,4
cbf1c8ef-d8e4-4b10-b98e-c1459be821c9,2,2,4
9b310a2c-bdd1-4e17-97d3-155f5dda0f9e,4,2,3
6f3b6669-f295-46d7-a322-99b5f0f32691,7,1,3
6228f806-d0eb-46f9-ba09-6561115d4b6d,2,2,2
e5db20f0-0bc8-493e-85da-dfadf9e41421,2,99,2
0c021f8b-53bd-4baf-a67f-90cea7f344dd,2,2,3
581337b0-c897-4bc0-91be-4fea69ebeea4,2,2,3
c64e27bb-9064-4d92-bf8e-81d248c61a55,2,2,1
3306430a-e964-475b-8775-c7c1ba735d02,3,1,2
6d11f2a7-9f61-4031-8ce9-3cca0bea69b8,4,2,1
f19bbfba-0109-4691-ad96-61d0dd88c868,2,2,2
3306430a-e964-475b-8775-c7c1ba735d02,3,1,1
fe66fb5c-2664-463a-8903-9762a436ba37,3,2,1
b3a5177e-f66b-4c8c-9b07-675fd4150150,3,2,3
238becd1-c66a-45f6-897a-af2fda969fbb,2,2,1
db08890d-f67d-4c2a-9ce1-c3728c7340b6,2,2,3
520d8e17-fe87-4a65-b5a1-b3a872c379ee,2,2,3
2520ac0d-d56b-4020-95d0-e99656323ccd,2,2,1
fdadc0df-f980-45e7-8a52-a8b2990467b0,2,2,1
4cc30c19-eade-4a74-b859-fe5603afff74,2,2,2
4b8cacf2-bd10-425c-ae56-b4203b2093af,2,2,4
ffa399ff-667e-4fe0-884a-ae2f13cb028c,3,2,3
0ad3ae21-9e4d-49ff-a856-89d92bffb629,4,2,2
e47f2ebd-6844-430a-83c8-36b2e33f1aab,3,2,3
18106f4a-db81-4927-8a59-7d79fee631d3,3,2,2
12d59abc-4390-4583-81a0-bed090fcb351,5,2,2
a1653595-b08e-4ad0-927f-8c94f094019a,3,99,4
bf4e28c5-a4dd-4ccc-a23f-afd0dcc0e1e7,5,1,5
12d59abc-4390-4583-81a0-bed090fcb351,5,2,2
2c1c9180-6a55-47b9-b563-96ce2538bcbc,2,98,1
c2d9a54f-a0d1-4159-a4ba-66bbfc6b25a8,5,2,1
c690610a-6abf-406c-a7f5-6a9447397e77,2,2,1
007fb7f8-afde-4779-8fd9-191083118401,3,2,1
9e2c4099-6312-4cc0-9447-3f24c5369e59,2,2,1
a96a3a1a-9ae7-4d6b-aa47-f95645ce6d30,3,2,99
60916b0c-596c-4205-8524-17788fe7f09b,3,2,2
14bfbdc7-8068-4db7-98a7-d2e88bc8da63,2,2,5
68a7b3e8-8529-4b3a-85ce-98bcad28348e,2,2,5
14bfbdc7-8068-4db7-98a7-d2e88bc8da63,2,2,5
b7cc0ce0-cd18-4f99-9faa-d5a36d8ffa71,3,2,2
02eaddd5-5250-4bf8-919e-39ddaaa499e6,5,2,1
034e154f-8da8-4299-aec9-aef396f5232b,2,2,1
bb56a1e0-cca4-4172-8e93-a9dbc2b3c1d9,3,2,1
1aff0d15-9280-43c1-a3a1-8c874a49c163,5,2,3
f7663395-43f9-4d0c-8c16-46496b89ebd7,2,2,1
2f1388e3-6322-423f-a533-7ab65f75b4b9,2,2,1
d834e951-0b04-4150-8b7b-8854a7e4313d,2,2,1
fb77885c-b619-4c71-8164-9636d589e01a,4,2,5
97919539-1f7a-4159-84be-85f51c5610dd,3,2,99
d100d688-3e90-4052-ae89-0fbca867f3b6,2,2,4
b1e29d1e-2787-4649-b06e-8bf716450392,3,2,1
af447c4d-6b88-4128-a826-e94cc1b57f03,2,2,4
26132878-4b38-48ef-967f-efd1a07f9af7,5,2,2
135092a9-5358-46b8-bdfb-36bea457a721,4,2,1
0515cefa-43fc-4e57-8f87-4e5875fba72c,3,2,2
35cee4dd-5b59-409a-aaa7-481ec6bcaf7c,3,2,99
12422544-bd45-449d-bfdf-1558927b4683,2,1,2
9f1f748e-1d00-4530-9b13-81934b968a4b,4,2,99
c1c2ae66-f7da-4fef-95f9-a769245d1210,3,2,2
295984fb-4342-4796-86a4-f312619312ad,4,2,3
c369fee4-a5f1-4954-9741-6a0f2e180866,3,2,2
df68a5e8-c334-4d80-b202-e7b9c04de228,3,2,1
0a92582e-9df7-4f18-a6b5-179466766152,3,2,2
d2ea91b4-ac22-430c-bdb0-0e08260e5ad1,3,2,3
9f8339a1-8d9f-4c90-b82f-de6167e26535,2,2,4
79a33f05-1b5d-46a6-af3a-5767ba8d9820,2,2,1
a8c79501-691e-47c5-afb7-46725c9af438,2,2,1
f2b29417-19e4-41ff-9688-dda220662360,5,2,3
db005efb-4f1e-4f0e-9b14-100e10824885,2,2,2
4ec52ca2-1fdb-48e9-8861-4f8306984c65,2,99,2
d9e78a2e-0be5-4ea7-b272-a7ab4182d7f5,2,2,2
4d315d17-65d4-42f0-a962-26344c2829fd,4,2,3
2651ae16-2deb-4724-aea5-045f3a915271,2,2,3
d16fbdf2-4618-406d-85f1-057acebce618,3,99,2
e0a8c20a-3629-4fcd-861e-aaa0e761722d,3,2,3
0edf6745-ba16-41b6-ad2d-31cef211638c,5,2,1
41f2feb2-1a17-423a-95c8-a5c63696c528,2,1,2
02dd6c22-d1f0-4c3b-abd3-913b1e884088,4,2,1
8f045ba9-6739-45de-9ca4-8bf021075035,2,2,1
25838986-25ab-4caa-a2ab-7ba06f2724c7,3,2,1
e1ab3e50-002e-46a9-874c-d0ca7ebc2dd2,5,2,1
5d4ee4d2-4cfe-4a66-9c45-13fe83d6cbf4,2,2,1
d5badacb-33f1-440d-974d-5326e82216f6,2,2,2
e38838a1-d51b-42f0-a27d-175d9e869a77,2,2,2
e12d2601-ad1e-4ae7-9411-b492dafe9a6d,2,1,2
02dd6c22-d1f0-4c3b-abd3-913b1e884088,4,2,1
6f9da617-8c5d-443b-9bcc-08042f1e5ef7,2,1,3
0cdf91a3-a77c-4245-a28d-114bb5399eaa,3,2,99
04bd6bf6-10b0-4b94-8c71-3671cae770d1,2,1,5
8f045ba9-6739-45de-9ca4-8bf021075035,2,2,1
02dd6c22-d1f0-4c3b-abd3-913b1e884088,4,2,1
eecf97d8-cf89-432a-99e2-27958b9933fe,4,2,2
a522269a-85cb-4d14-943e-0c3b284610a7,2,1,1
d5faca0b-790c-44b0-9286-44bba0f5f5d5,2,2,4
91af0994-5811-4bb0-9bb6-9f511f3bc77e,2,1,1
9fd0535c-96c0-4875-a45d-07eab4d026e0,4,2,99
5d4ee4d2-4cfe-4a66-9c45-13fe83d6cbf4,2,2,1
c9d17861-3e60-4472-8ed4-679af0e6619e,3,2,3
208ce6a6-da3f-4e39-849f-b08f01d5128e,2,2,99
8a65e0a0-c707-4531-8db2-58f577d58685,3,98,1
e1ab3e50-002e-46a9-874c-d0ca7ebc2dd2,5,2,1
c713c733-cfd5-4051-a5cd-dc81a65ed37f,2,1,2
62afdd03-fb4e-4ad8-ad14-3ce1134d0a83,5,2,1
e1ab3e50-002e-46a9-874c-d0ca7ebc2dd2,5,2,1
d689d2de-1748-4e7b-bdea-636576ce0149,2,2,3
b9e9a75d-6ba7-4aee-8e47-1f138f20f3d8,2,2,2
f365b36c-6722-4c2b-a935-9b398e24f4be,5,2,1
0d5f48c0-e070-4820-bed0-2121bd604f9b,2,2,99
172e621c-b563-497c-a71f-5428f7ac34da,4,2,1
8de8bd55-db84-4caa-abb0-98032a0f41d4,7,2,2
6d30c532-e9b7-483e-95cb-539bfc1090fa,2,2,3
7c80c793-ab92-466c-be61-4bcc42a86d6f,4,2,2
0c38ce63-c52a-4c9f-a2c9-fc4315a4b7af,99,99,99
e9e436d8-b003-4ffd-8554-3103845ebc94,2,2,1
bda63742-de52-4399-a13c-dcf880b850df,2,2,2
1a4f5cc3-2c71-4d06-89b6-5effe2e9701b,2,2,1
66172ddb-1701-4569-b6ae-9bb0c1858498,2,2,1
08ec76a4-6b30-4df4-8f20-c0ed94e8ebe4,4,2,2
95c13012-f904-4a54-b78d-b22697b32cc3,2,1,5
32387c72-4bae-422f-95a1-8bb46f0038da,2,2,99
6eb12125-91ab-47d7-b9ea-fb8feda022e4,2,2,1
0a750f18-8477-4069-a864-cb7101c97716,2,2,1
629c3eeb-d4c8-4e0e-96d4-d12e990b3933,2,2,1
16fba126-2955-435c-a53f-38f1ac347af7,3,2,4
e1813136-2d1b-49f6-84d8-7b759af07556,2,2,1
49d95143-499a-469c-8844-9fe9f53ce58b,2,2,99
539ad34d-039e-43fc-a100-6b74ec7da466,6,2,2
1f6b7863-aad7-4825-8729-8c8e6ab90346,3,2,1
176d75ce-e3af-4b05-8d29-95bb4ed3f3d8,4,1,99
4befc0b6-128a-410a-9ec6-7dafa782cc2e,3,2,3
8e9c4191-376a-4614-8573-770f19afa38f,2,1,1
0fc1aa68-44fe-4f54-9f18-a67597537053,3,2,99
8bb97ee6-ef5f-49bb-bc23-b36055410144,2,2,5
8d1274b6-7e61-42b9-80aa-ee63bdcf9829,5,2,2
39817d5a-2849-4f79-8a9a-4e277401ea0c,4,2,1
9147051f-6825-4951-8a93-0aba7c2d31fd,2,2,1
46d4d1dc-e553-49e5-8b17-ef615594a584,3,2,99
1493c4ad-26e3-4dc8-98b6-be438e8c7604,2,1,1
948bb0b9-4e79-4ab0-8843-1e6f3cc25d4e,2,2,1
7df72060-aa57-4c1d-bec7-8990861dea0f,2,98,1
b8d51b66-0ff2-49a7-9a9d-4d4d9930bc35,2,2,99
9890b3cd-8e4a-4764-bcdb-271299fdc060,98,98,1
298ff72b-4a8a-482b-83b7-184f671e14cb,2,2,1
c44ba535-feab-4f04-976d-9196ac0d4489,4,1,1
6e52387b-107c-48f7-99df-82259f2e5761,2,2,2
352e39b5-6b45-4516-b950-a0891413951d,2,2,2
7c8cf644-4a09-4f42-a960-0788586ac828,3,2,2
02569549-0c63-41aa-ad60-a0a3a21b7ab3,2,2,5
eab372bb-8135-44ae-8761-70f59ce81733,5,2,1
5deaeb9c-f0fd-49e6-8e4c-e7c7681bd1d2,2,2,2
3b1b7575-3604-46d0-b8c0-629c6dc3e0f3,3,2,99
dd16c582-7721-4958-85d8-9baa14242b41,3,2,99
f50fc947-606e-4e46-95ac-e000354f389d,2,1,99
c389c905-5618-4f91-b7bf-4720d7f1ebc0,2,2,1
e864434e-353a-44df-ab10-f298d41b200f,3,2,2
aeceb232-52fc-464f-810c-503dba99386b,2,2,1
51d362ea-9b13-4d2c-8cca-03ac11cdc859,3,2,5
b9d99779-eb25-40c5-a3d9-132d38d8315f,3,1,1
b896794d-b00f-46a7-a6ed-7ddecabe5534,2,2,1
82d4b0fa-d01e-4be0-b1e6-7c5b32abd595,3,2,1
a4d67a91-3ed0-49df-8980-f1ca1da544d5,2,2,4
896e0aeb-d70a-4328-b427-a4617e1418bc,6,2,1
82d4b0fa-d01e-4be0-b1e6-7c5b32abd595,3,2,1
da07df2c-6c04-4a8d-8b53-5b4ad3b8ad6c,3,2,4
b7d4984f-0a04-489a-8f9f-143b6c6c4c07,3,2,1
0d8be28d-5976-4088-a226-99bd2a0d87af,4,2,2
58241aa5-c271-457f-a46b-a624880ad8e3,3,2,2
625d563a-befd-4705-b1a8-e6d914f72b9d,6,2,99
7ade69e3-37f0-4a5b-bbd0-340cad3caaef,2,2,2
0ac6f4f1-f240-466c-97a8-8ba317b6a67b,4,2,1
0062701e-ba6f-420c-851c-a54557cad396,3,2,99
da39eca9-b7a7-4586-800c-a37de001629c,2,2,5
e94eda18-1160-494e-979e-3a2f3823bf13,2,2,2
e94eda18-1160-494e-979e-3a2f3823bf13,2,2,2
293d6c0c-4057-47aa-b3fe-0f0895981da2,3,2,99
4491cf54-ec0a-4cc3-8dc1-f11e292dc030,6,1,99
e6027f72-0fde-48c3-8b71-97707069f738,3,2,1
7c80c793-ab92-466c-be61-4bcc42a86d6f,4,2,2
f29fbed7-0ec7-41ce-8eb2-165017f18f86,4,1,4
d604912a-d8d2-4b4c-b4fc-40d4c205dd9f,3,2,99
7e39748a-ccb6-4814-bdc6-c015f58a1afe,2,2,99
e59af0ee-67bc-4926-8d6d-d9048e51e613,5,2,1
7aca4dfe-fa7e-4bdc-bcab-e34ac35e5fb8,2,2,1
2f16cc5f-f203-4339-b9cd-3bac0730e757,2,2,4
4d8a1edd-967d-413d-9b65-5dd582dd37c1,2,1,1
70aeaf8a-d6ad-4595-b5c6-c5eb402f0535,2,2,99
dd1629b6-e583-4abe-a2b6-6bf456316c00,3,2,1
dd1629b6-e583-4abe-a2b6-6bf456316c00,3,2,1
ca8ac7bb-a24e-49fd-b709-78afaa578a0a,3,2,1
7c80c793-ab92-466c-be61-4bcc42a86d6f,4,2,2
1ac64138-a96d-4008-af08-95c9ea497ef3,3,2,2
11ddd613-66a8-4c2d-a130-127e14483a20,2,2,1
44b86681-72c6-4266-afbd-a1843f5ff429,4,2,99
b7f7f841-2127-409c-a4d6-b4352b8ba2c1,3,99,99
a6c0e393-ca2c-4451-b14c-2106b0475d29,2,2,5
adf99763-3cdf-4b58-9a3c-94ae2acec6f2,4,2,1
26dcd458-1674-484d-b6f8-25150c9c384a,2,2,4
6c21380d-74e9-45fc-b38a-d7dd6e22911e,2,2,3
45d7947e-2168-41d6-ae2a-fc5da619bf3d,3,2,1
920f9290-cafd-4a28-b8ce-6c84faa7878f,2,2,2
5fb2c8e7-5830-4afb-8bf7-66f3558b9ad6,2,2,1
8671dc26-4294-4fef-b6a0-c21ad2f2783a,6,2,5
4140523a-ee21-4a57-abdb-50d5f135971d,3,2,2
3ad2143b-545e-4859-a42d-123a90b18126,3,2,2
fd1f55fe-b4ed-4a72-8073-a27f11a4eec0,4,2,2
a0acc55f-fdfe-4993-9893-48274f11c948,2,2,99
11ddd613-66a8-4c2d-a130-127e14483a20,2,2,1
4f0f52a2-3517-4228-9c46-fe156d5351dd,2,2,99
fd1f55fe-b4ed-4a72-8073-a27f11a4eec0,4,2,2
398fb4a6-6af7-4ed6-bb37-4a7907376e01,2,2,2
1092447f-207e-4fa3-b483-b51ab64a6b03,2,2,1
94f1538f-9cd1-4919-ad96-17064821286d,3,1,1
5295318f-07e6-4be6-b013-954c4ab6e0b0,2,2,1
23262108-9daa-42eb-b54e-035809e1a90a,3,2,99
f49a144d-3e36-4776-a2b0-cf51b8b74ca9,2,2,99
f07f285e-8241-48ca-b7b8-8df473f8c651,2,2,99
08c7e0fe-c9ab-470a-8753-6ff979865626,99,99,99
2cf83465-a22e-4eda-87de-abe875c4b8e8,2,2,1
23262108-9daa-42eb-b54e-035809e1a90a,3,2,99
baa1d53a-18bf-423b-a65e-192aae0dc800,99,99,99
e6e38417-5238-4707-9601-d0f0d896a36e,6,2,1
6222f039-ca49-455d-ba52-3274e4d30b95,4,1,1
06bec5ba-d8dd-4dd7-b26f-4ded570c8e59,2,2,99
16d47b60-507a-42f6-bca2-2eae7fef98f1,4,2,1
c9dcbb13-8599-4e6a-94bc-3db47906d063,4,2,2
6c06010c-ac2c-4cf7-9f4a-31c1792cd1ce,3,2,99
2018bc75-14b0-4bd3-9d60-e02ecba694b4,3,2,1
4f5a55f7-f329-4299-b455-b84b0b424c07,2,2,1
ddcb8f48-01ca-474b-952b-9e3c90fe387f,3,2,99
3c35df63-02d0-45a7-a350-0ddfc5e9b93c,3,2,99
41f49a2e-567d-4c0f-b491-3546662b65b2,3,2,1
f9cb330c-9a75-43e0-b7db-9573fe1c8ae0,3,2,99
63c297f7-6fed-49ec-8f44-d389500f508e,4,1,2
87a9cc5e-581e-4901-a62c-f9caa5084821,2,2,2
d119adc5-d488-4de1-9418-2fd287a689df,4,2,99
9e48d529-8148-40d8-b960-3a65f7820af4,2,2,1
b1920ae7-f75b-4a7a-be3a-73db7b352673,2,2,1
73f8268c-1277-4bd9-9378-738567226d04,2,2,1
07cfd486-8319-4d81-b9d1-054a23e50bfe,2,2,99
46215918-f9fc-4885-87fa-72ad76253af7,2,2,4
56d7370d-6dad-4ed4-9730-2688d404e63e,3,2,99
6d14c535-00ac-43eb-b93a-a784a22da702,3,2,1
ae0277d3-d8b8-4f97-b7bb-ae6179caf6bf,3,2,1
4f3b9177-6666-42fc-b3c8-e81dd1191bb8,6,1,1
93da9070-bcd8-4b2c-8b3f-a1a88f80e190,3,2,2
41c57f72-728f-456a-af14-e25961c5ee12,2,2,99
30cf2f4f-a9e1-4290-811a-0658b7697848,4,2,1
e7f78e38-8b81-4d16-bfad-9edff83aa279,2,2,99
6d11f2a7-9f61-4031-8ce9-3cca0bea69b8,4,2,1
c9a39559-1676-4a5f-92a7-4e93d61929e1,3,1,2
2aee21f3-124f-49cc-a4bd-f941f89e2732,3,2,3
f976f3cf-16cc-4005-838b-6bdc6cb88e73,4,1,1
89e0d331-0e21-4daa-9844-b8908304967a,2,2,1
f976f3cf-16cc-4005-838b-6bdc6cb88e73,4,1,1
fddc76da-2a6b-4205-afcc-f6caafe799c6,3,2,1
e2b9cb46-45e4-4a93-b338-8fd257ea27bd,99,99,99
07302d4e-8bfa-4c2e-a7c7-4d006f940501,6,2,2
c05f5ac2-d694-4136-8f8d-5a3ab0f6ac83,2,2,1
1ec5c67d-a6a5-4a65-a774-6aafee255c3e,2,1,1
517c5a77-d1bd-4f72-924d-aea8431f97f1,3,2,1
6a2b93bb-cf76-492e-adb3-19a29980d96c,2,2,1
ab683ffb-af1c-4ec1-ac4a-b6866b2622dd,2,2,1
90e7888e-5831-4617-9bba-2b27ec784f55,2,2,1
81ed9299-8289-4da3-8c91-53593ff56f65,2,2,1
ec4cf724-eecf-4941-a69d-7cacb0ce162a,2,1,1
da50c57c-44f1-49a0-89de-51ac001c80de,3,2,1
da50c57c-44f1-49a0-89de-51ac001c80de,3,2,1
80aa7ae1-a219-40b5-85fb-406f5659e854,2,2,4
21e9b5df-bb11-4e48-9f41-c02b241dd6ef,2,2,99
411c953a-d9d8-41a8-8a30-38f27410f16e,2,1,99
6ffc1db8-e290-4e50-a58b-ec1ec1c6d01f,2,2,4
cf2aa506-3cb0-41ff-bc59-3faee0231017,3,2,99
e35e5d8a-b4ef-48cb-b208-73e8e1b91b7e,2,99,99
6f6f22d9-8189-4419-8037-bb1bbe2e6ba9,2,2,5
324d3151-7805-4d00-945a-316a972eb294,2,2,2
35e4c81e-5eaa-472b-b256-f78fedaa1a76,3,2,99
138f79b2-839b-416f-953f-1b7b83825c8d,3,2,99
88a64114-4114-4bb5-8a12-eb4206372504,4,2,3
99d56230-179e-4ff0-aaa3-03b2649546c2,3,1,2
845d0d1d-7ace-4a37-8586-fead8531556e,2,2,99
894119ec-04a3-4b10-b49d-73a8c2f39139,2,1,5
f40886df-dc59-47cb-8cfb-1ae1310bb3d4,2,2,1
f582ddd3-6b20-442d-9808-529d378e3d62,2,2,5
346ac929-db32-4bf5-a9ad-26497273b14e,2,1,1
30cf2f4f-a9e1-4290-811a-0658b7697848,4,2,1
c9791767-1321-4630-bcd2-9dcf2016041c,3,2,99
613988a4-d557-491a-a1a5-5fa6598d1126,2,2,3
b50d66f9-fd64-41c3-9e93-ba74a253c634,3,2,2
a177f384-be9e-4a91-92ba-bfe4dcad88fd,5,2,3
f2dfbf0e-47ba-4c62-8ddd-356852062386,3,2,3
e3dd2e41-4126-4093-bcec-92f5ad5a3cf7,2,1,99
f29afcbb-ffff-459f-8817-c3a6743a613b,5,2,1
f5fb1879-4c55-47a0-8309-ae18c2573264,3,1,1
9965b2d3-74a7-42ec-8d2d-b87233520060,3,2,1
067e4ae4-dd50-445b-98f3-19b9015b2534,2,1,1
0466178a-6444-4b79-ad6b-f523d9263ae1,6,1,99
0466178a-6444-4b79-ad6b-f523d9263ae1,6,1,99
913059d6-fdc8-4d39-ba15-69cc437b0be3,3,2,2
411c953a-d9d8-41a8-8a30-38f27410f16e,2,1,99
4653f0d2-3de4-4137-831c-883360c42170,2,1,1
34b0bfc1-a6ee-44ef-adc9-d625e9bd8f84,3,2,4
ad002295-ea95-4bb6-94e4-903a5676e1df,3,2,3
0a2aaac8-e756-4954-8bfe-a3aa2fcd6fe5,4,2,4
21ff1e60-1d8c-450c-892d-06b2aed85692,3,2,5
7b2742f0-1a01-43c9-8120-3804ff46725e,2,1,2
5b0b8dca-8b20-4ad6-9033-798341cd2683,3,2,99
955316d0-6523-4554-9be5-b0946769ccce,4,2,5
51b16b58-4ae5-4fbd-9bd0-3efcde6ebdb9,2,2,2
0466178a-6444-4b79-ad6b-f523d9263ae1,6,1,99
ab8c0d96-bfe6-4c3d-987d-344f81ff058e,2,1,3
0466178a-6444-4b79-ad6b-f523d9263ae1,6,1,99
0466178a-6444-4b79-ad6b-f523d9263ae1,6,1,99
10baa518-7096-41f6-885e-32dbca299a14,3,2,99
55b9f332-5cc8-4aea-89b7-99a6031ceb13,4,2,3
c47bd4e2-947c-44d4-a182-c5c03ef17bb8,5,2,1
c26c2957-6a41-4b19-976f-1427bdb67392,2,1,1
45ff98f3-cda8-4825-992a-4e191c14c2e3,2,2,1
101ee4f0-de5b-446b-a52f-b87af837e31e,5,1,1
c88f57e0-0189-4887-92ce-499dea9b410e,4,2,1
083fb305-e34a-4148-9aa3-31fe67f69e95,2,2,3
b37c1a6a-53d2-4462-9127-88eb0fd8b300,3,2,3
101ee4f0-de5b-446b-a52f-b87af837e31e,5,1,1
fefc6148-c16d-482c-a140-9594bc57a245,2,1,2
f29fbed7-0ec7-41ce-8eb2-165017f18f86,4,1,4
31726c48-a10b-4cd6-a694-0f3e4ab381e1,2,2,3
9c6d9673-74ea-4f3b-beb4-9369bbb5896b,4,2,3
5f728ff9-ade9-4ae1-9a33-dd578d924fa6,2,2,4
8bbdcbb9-172d-42de-936c-4310e4f2b00d,2,2,1
3d407479-f739-4f8d-b441-8f8bf6067e75,3,2,3
193b36ce-0717-433a-845f-dcc7e8b2b4b6,4,2,99
380885a8-070b-4038-ae11-92eea345c340,4,2,99
63f282bb-013a-45f4-8e35-7f76ebf67799,3,2,99
70b4b398-2193-4415-91c6-8bb9e1aab5f7,4,2,3
6f903740-da36-4b2f-9b24-a405841f40fc,2,2,99
808e6cca-23b7-4ce8-82be-0703cc2c8611,3,2,3
4bf779bc-d075-4ab5-9217-1cef816a2434,3,2,99
c66c0c3b-ba38-4db5-a2f9-0a56c68b9384,3,2,3
808e6cca-23b7-4ce8-82be-0703cc2c8611,3,2,3
d4a91c7a-a324-4aa8-9c0d-a8295665e33d,3,2,1
721fc0d5-fd4b-47d6-847b-69f0f6b49852,2,2,4
5ff35ef1-d94e-4d17-a8d4-78024a4c8cb2,3,2,2
197adfc7-fbd4-4214-aacb-1d1b11f86ac6,3,2,2
60b3cd5d-17f5-4e50-9050-d15fb28bfe6f,2,2,3
ea583384-c2ff-494b-9c62-91e31af357ad,3,2,1
acb0db87-ee80-4a17-95dc-649d21b2a611,4,2,3
499da591-7e27-4635-bd20-25d2050562b9,2,98,1
6c959393-5991-4cd8-b277-3d7bb532ee8a,2,2,3
2320cba9-d288-4fed-8b4b-f95174b02bce,4,2,2
54e3e1bf-b49a-4daa-bc0b-d578516dc3a5,3,2,3
067f9378-a4d3-4796-a665-37d256de20f8,6,1,1
522c5e55-9951-408a-91dc-488d05d0961f,4,1,2
654b04fb-dc9d-4438-8e56-dc39c77f9453,2,2,1
9118d3b9-5c09-4c3e-a0fc-096cf7fd99d2,4,2,4
35eadb4c-0af3-491a-aabf-fdc127fd833c,3,99,99
86eb7535-eb2e-45e5-bb9e-1c1a317f0e30,2,2,2
2320cba9-d288-4fed-8b4b-f95174b02bce,4,2,2
38bb6db8-7995-43e7-8461-2f5749e638d2,2,2,5
38bb6db8-7995-43e7-8461-2f5749e638d2,2,2,5
38bb6db8-7995-43e7-8461-2f5749e638d2,2,2,5
38bb6db8-7995-43e7-8461-2f5749e638d2,2,2,5
38bb6db8-7995-43e7-8461-2f5749e638d2,2,2,5
38bb6db8-7995-43e7-8461-2f5749e638d2,2,2,5
80e61aa1-1d71-48a6-966c-62d8673b7224,2,2,5
80e61aa1-1d71-48a6-966c-62d8673b7224,2,2,5
80e61aa1-1d71-48a6-966c-62d8673b7224,2,2,5
3dc1617c-c56b-47f4-b489-30fc89cfe1df,3,2,1
e686085c-dcd4-4fe9-a9e5-a413e259d519,4,2,1
2e1b2188-ff69-4ae6-aae2-df3628b68138,2,2,2
757ac8e7-7e73-40b9-86f3-7384807d9ff9,4,2,99
5b3bb59e-97df-4383-b7a6-849ef26cbbc1,2,2,2
d5d2fadd-7434-4f92-bc12-61ff586f7e95,3,2,2
0cecb9b2-5c13-49df-8443-4da7e5855524,2,2,2
353a7e89-53b9-4fd1-80eb-3b7650aa7b38,4,2,2
5bd1081b-abdb-4ea8-86bb-06cf0d3b7777,3,1,1
8ec188f3-74c9-424b-a348-7fc9e1ea9f00,6,1,2
e78184a8-36ad-4d02-b1a4-302187826fd6,2,2,2
125c1222-490e-4bf7-ba0e-23b109a3c8f0,5,1,1
9967fd3f-419f-4da7-847e-2eafd21f4dc5,4,2,1
22bdaf20-5a79-4f4c-b7c4-844165a38628,3,99,1
d1bbba0a-81f9-4a41-899a-9a1421997d96,4,2,2
cecc7232-5f85-4c0d-8907-56d86f86535e,5,2,99
13d7bfbf-f6d5-4fdc-9929-83be6d3609c8,2,2,4
1442f43a-2591-4244-bc98-931e4fd3169c,2,2,1
78b792bc-179e-4413-916f-e0372e6bf0b8,2,1,2
56ea80d7-6f53-475a-85b5-6acac38155ff,2,2,2
8ec00895-cc31-46c6-8170-270e4e95dc41,4,1,3
1442f43a-2591-4244-bc98-931e4fd3169c,2,2,1
118fed35-ddfd-402d-888b-88bb3bffdbd0,2,1,1
87229df9-9557-4a90-b0a8-a653bb26fd1a,5,2,4
0922328b-974a-4a4a-a755-e0834cd1c87d,5,2,1
118fed35-ddfd-402d-888b-88bb3bffdbd0,2,2,1
12996da8-3aca-4560-b503-bf453918f94b,2,2,2
f27bb8de-0c0a-43b3-a9b8-904dd7225af0,2,2,1
79444aee-546c-42c5-bce4-5aeed8b60f5c,5,2,4
44f196af-5482-4af6-86d6-f898a35b8f27,5,2,99
151c7e3c-925f-4a09-b838-66464a263fe5,3,2,99
6e3decfe-9576-4a5b-a58c-c91e6004dbbd,3,2,4
8ea391d3-b90b-42a2-9e30-10f0a0d64d7b,2,1,2
8ea391d3-b90b-42a2-9e30-10f0a0d64d7b,2,1,2
ad3fa130-563e-4fed-9519-c3a0163dd59e,3,2,4
af47fd70-f15e-4042-9942-cc6a2b79fd99,2,2,5
ced75683-dd13-477c-b768-1c55bb9b84dd,2,1,4
7e72416f-daa4-4734-b999-948f2cfaa9c8,2,2,3
a9aa0531-baf9-475e-8b21-47bb5379b82d,4,1,2
7c1d8737-afac-4a1a-a7b7-af2adf1d7422,2,2,1
c288a797-7585-486b-a825-c11650540cc0,2,2,99
0fd03001-d747-4999-91d7-2a4dc7d14022,2,1,5
c9f2169e-a93e-4535-b62c-ef0e0abec14e,2,99,99
fcdd2240-eac7-4e89-b901-727ea9e87de4,5,2,1
dd879c0e-c65a-43b1-ac71-8938d6674444,5,99,99
afce27f0-c21e-40e5-9c9e-a0692f30d1c5,4,1,99
24a241ce-de5b-4454-92e0-383f90e5189c,3,2,3
07ae7972-30ed-4a26-b4ee-7d3fbce5a009,2,2,1
db10bbde-d7f8-4472-9d0d-f5a1e1a4c74f,3,2,2
a4ea0be3-d5df-4ea2-be93-b89ae3fda11d,3,1,3
d4b2b4cb-4969-437d-8aa0-3d54d3ba91b2,2,2,1
3758a41a-2a49-4d58-8996-cbd6ab8b6414,2,2,2
8933c1d4-e7c6-454d-b9be-26b261411ce3,2,2,1
d842da13-d8e5-4a7d-9294-da8b703414c7,99,99,99
9df2fd2e-ee69-4091-b358-e87627879df2,3,1,1
67b4ad68-fda9-4e7d-8840-1c9b7cc5456b,4,2,1
f47145e7-1772-4f56-be8b-c67d4c54ffd4,4,2,1
61eefa88-8ec1-470b-b863-f81f97af0423,3,1,1
2e588512-bd94-45f7-82d3-415db49f4efe,2,2,3
899f4978-7eff-45a7-9f24-7d6fee0b1901,4,1,99
be54a8e6-4dbe-4e68-aa09-4f301299f588,2,1,1
b552930f-7e9d-4bfd-8b06-8c871a2e5cd6,2,1,1
05a5c4e3-6747-4f04-ace0-ec748a164db1,2,2,2
3096b130-bc76-4de2-bc5b-da8c7f06873c,3,2,4
a6ae6a48-7359-460e-87c3-16baa605056a,4,99,2
a4e61ba9-249c-4793-9bd8-f0f6e0ccf456,3,1,99
54b7ea14-b531-4593-ac8e-a5788b1926bf,2,2,99
14c2d94c-d58b-4335-9515-307a53dcf81d,3,1,2
985e0ec0-bab6-4624-87f3-a725c957bac7,2,1,3
bdc31d46-fd25-4da0-b704-95b0ba992600,2,2,1
948f2fe8-7bda-4d1f-92db-0e2099c8ca64,4,2,1
d7e2f61d-4d24-4c3c-b900-de88168ca07b,3,2,1
4d6c0a17-f5b5-44a0-af55-da36611bf10e,2,2,5
6fefa645-4172-4b0e-a21b-c7ddd6162939,4,1,1
8e9e514a-5580-42ad-99c3-67e71db193fb,3,2,1
046e09a3-adfd-4cb9-a49f-aee27b76c12c,2,2,1
189e19cf-9562-472f-99f5-85311538a274,2,2,1
16c89435-7a0b-428b-bb15-f0aa5b22549d,2,1,1
b29baebf-be15-4dc6-a55f-8c8dad3ab6d1,3,1,4
7657e628-9adf-4f68-b2ab-7722e3768898,3,1,2
12b4bfc0-e7e2-4749-b72b-91dbab5b00ef,5,2,2
5c123ba4-5a5b-4dac-bd64-ad277b409506,2,2,1
9f3d323c-b331-461f-b16b-6485adef268a,2,2,3
cd7a764e-f868-4877-8a1c-effcdf4ec3c4,2,2,99
0717f069-6b0f-47ab-9aa3-b583fe04730f,2,2,2
30185dc9-f31b-451c-a82e-6e0fc8e7150e,4,2,2
d5ec50f0-6f51-43cd-896f-976c274e4844,3,1,1
dc8b5f07-c87d-4920-b489-9261d0479b7c,3,2,2
12ffccc5-3a0b-43cf-9bc9-546ea0f4f61a,2,1,99
8a9d73d2-42f1-4ffc-ad44-9e02e22eca39,2,2,3
665ff482-d3e6-4f70-96be-28f3417c0110,2,1,5
7f8a38de-a773-4d40-88de-641bc8919fc1,2,2,4
f07f5619-1b18-4010-8374-e9db9b11ff55,2,98,1
7162ccc1-8bb4-4048-a2a1-ff861bed1efe,2,2,1
c4675c22-2bc5-4897-bd2b-91cdd4aa2784,5,1,99
6ba5a4eb-b6a7-4819-be6c-4a086c7f9154,3,2,1
fb674097-69de-4d2d-adb7-54becbe38fc1,2,2,99
60d55970-a487-4c81-bd5b-7a2b8e34207c,3,1,99
60d55970-a487-4c81-bd5b-7a2b8e34207c,3,1,99
60d55970-a487-4c81-bd5b-7a2b8e34207c,3,1,99
8c77c598-85d7-49a6-a5e0-4f4d6fbb90a7,3,2,1
cd95b8d0-b0cf-4feb-90ee-0c2e411c73cd,5,2,2
1ee062d0-898f-4278-925a-83c1c9b58016,2,2,1
1ee062d0-898f-4278-925a-83c1c9b58016,2,2,1
c558dbf4-c968-4b8d-9067-6513c43a0845,2,1,2
c721c05d-a63e-4603-a471-f66d0883d102,3,1,1
e6bb6390-3afa-40ae-846e-4f261201bca7,2,1,99
cce5824d-b666-46aa-84c0-5f6b5033c65b,2,1,1
051af5de-f5f3-43e4-aa45-8e3bdcf7c8ef,5,1,2
0e15503f-5a6b-4ff8-bed0-ca4be17721ea,3,2,99
90c8b29c-8ed6-4464-8852-3a8f13e9ec5d,2,1,99
f2efe118-5a25-4c16-880c-c9257c3e0c43,5,1,1
6bd5f6b4-1ac9-4820-af4b-4f48de80373c,7,2,2
0d1cac73-8e2e-4d63-9dc4-a1d9601ee9e5,2,2,1
056a408a-d354-4f8d-b3c7-8363f6f09567,3,2,3
1bad6b29-5550-472b-a8cb-28c2be7401c4,2,2,2
88724606-8fc9-45db-b71d-62753aae1e37,2,1,1
8a954d57-8f03-4805-a6b5-a3c463c68225,4,1,2
2e19dca4-f4e6-4372-a1d5-c84c8d19f629,6,2,2
562b28a4-bdc1-4f50-9411-d7ff8c838c37,3,1,2
e80a5ec1-ffc2-4b41-aaa3-4cf24194dc90,3,99,99
9cc7be1a-1374-46c4-8254-7db944d20834,99,99,99
3a0ceef3-1fa1-4b85-b4a5-0897aca254a1,4,2,5
1b451722-82c0-4095-9ede-c87174e60f32,5,2,99
1dc71f4f-3020-4cc6-b079-1fc14d03078b,2,2,1
1abe7f79-b2e4-4a13-932b-e54d175d1971,4,2,2
9a788385-44c6-4c38-b3ab-ce6b00891848,3,2,1
dd9e976e-0c06-4616-b5b8-8f8ec5bdecb8,7,1,2
c611d9f1-9e71-4fbf-80d4-c45601669156,4,1,99
6508bb36-9e0a-4f58-a254-54e41fd7750f,5,2,3
7b5aed13-1a98-4e5e-b438-00d1ed1d48e4,3,2,1
ef844554-11cb-4c5e-a36f-76b732bad425,3,99,3
9fe50d71-2ab9-4c51-8fb5-4e191d3769ab,2,2,1
db5bf2b6-02bc-4de7-bd87-9a8bc7a0c431,3,2,99
6e212265-5649-4804-88b6-9d72b1e34fc8,2,1,2
71338bea-3875-4d66-8fbc-a99a3aa90173,2,1,1
a44220ff-606c-41f3-b0e0-cd0f0910ee64,2,2,99
4b78040b-9389-48cb-87b5-5d14c8cd24c4,2,1,99
aa19fe7c-09da-4651-a0cf-37a58b058cb0,3,2,1
089903e1-491b-425c-b8ca-b2f82389c5cb,3,1,1
79c13a89-5bcc-4862-aaeb-daa0f1cd70fa,2,1,99
832ad9e2-e2fb-4186-9deb-c1d225eba569,3,1,2
00adaa11-da32-4ad3-8377-bb6c69bf98c3,5,2,2
169618db-b4d5-4fd2-8a3b-0796e930e5bb,3,2,99
3da7f46b-a991-47e3-9e47-8a0d6b72fd05,3,2,1
8d7bab29-884c-49ad-80cf-629b995a73a2,5,2,1
c277c29f-7581-4525-8e55-6d8eec090ba2,2,2,1
687fe68c-8348-4536-9543-1c096a88c3aa,3,2,1
eda339c4-a1af-4498-b209-1ba98ce13e90,6,2,1
4de600f4-8823-46b9-8365-9f840a28cadc,2,2,5
700cbab0-ca75-4c88-9c57-19fa967b7ddc,4,2,3
63330d7e-edec-42dc-8529-672a77d26989,4,1,1
c34fb997-e70c-4c44-bc06-914e9ebc7834,5,2,2
413e2274-fe15-4cd8-9924-6b12182f5208,3,2,1
076e86a6-9546-46e6-ac8b-2c74ad3be3dd,2,2,2
6cb04c95-b375-4add-a19a-afea0a1433f3,4,2,2
8fea53f0-1c6e-4253-be88-816834a146ec,3,2,3
92cd901e-8037-4c71-bef6-f3020e0c1e69,4,1,2
d4495fb4-ad8d-4757-a224-ac886d3d2885,5,1,1
6043c717-2dd8-4fcd-b238-7c0ad093ad6d,4,1,1
ac669e4c-9354-446b-a79d-313bd9a75e3b,2,1,99
6a826d1e-dc76-44c9-8786-4c52be5bc4b3,2,1,99
e9991acd-bb88-4ff0-b881-c82a62bfe4df,2,1,99
97f80e44-1756-499d-83a4-3a6113e91471,2,2,3
999565a8-bcb4-4a21-8df0-dfb5139237b8,2,1,3
3044c748-3dad-4c1c-ad0e-cf3d63a9dd90,2,1,5
ab6a41e6-b8d9-4e51-9fc2-ad0e99808fc9,2,1,5
4abf09cb-c348-455e-b21f-5b380446aac9,3,2,2
3fca9972-0ec8-4a7a-83ef-0cea86f60dce,2,1,2
2082b593-ede6-4d5a-bcdc-bda8dd125a78,2,2,99
ed5473f3-f8df-4bb5-a246-83c71261f5b2,2,1,99
a0cfa398-27ec-4d56-b724-cf8b2c1e50ed,2,1,99
6eb52640-499a-44e0-b514-d119d1c03585,2,2,5
f8ff41f9-ef62-4d71-9874-1451af644779,5,2,1
271c3590-fa00-4bba-a69c-17d7d17230d7,2,1,3
0e21fb82-c453-4a55-a569-33af42fea203,2,1,3
2c61940e-1a39-4716-9dfe-b194207408fe,2,1,5
f5e5dda4-c3db-43a0-84d7-f3215ad4f205,2,1,3
43c9eaba-aed6-4857-8bca-28537e744db8,2,1,4
aa3454dc-bdbf-4f09-8612-d3518df58dd5,2,2,2
886025b5-02ad-4b82-a879-b8ff1ab0a73f,3,2,1
1d1680be-fe23-4a66-8fa2-86b5fdcf99f1,2,1,3
2b5aeb19-c50d-478a-93da-3ee64e81b0dc,2,1,2
99419a66-f69f-4c7d-a286-a4b53b5e1e32,2,2,99
83786be7-4e6b-41a3-9304-6c97eebfc811,4,2,1
1cb2931c-ea39-40bb-9178-cca77b461409,4,1,99
66637f6b-dfdb-473b-a933-6788df734af0,3,2,1
f5121d63-c914-4265-bc57-a5a2c5735f9e,4,2,99
8d37b96c-26f1-429e-8563-af53683d0439,2,2,1
853e94ee-cdd4-4098-ae35-2f52f9a613ca,2,2,1
ad0130ce-11ce-4f7c-946a-2985bf633dd1,3,1,1
3173511d-0026-4ec4-bc87-1758178da7e7,5,2,3
3efe2d9e-9b68-4328-bbc4-f8155c490d5e,2,2,1
9425d683-5d04-4c92-8e4d-62c6f5c03405,3,2,5
1e64807e-3213-40df-9986-901548733ce6,5,1,2
b702eb97-220a-46cf-9508-b5cb19797235,2,1,2
806d6770-b745-4717-9f61-29622a3a66ff,4,2,2
e243eea9-1f3b-44e4-b2af-34ba2c535e2b,4,2,5
999ffadd-115b-48be-85b7-e1cf84f04abb,3,2,4
e49a1095-7300-4a74-810b-b7dc9a8b95e3,3,1,2
cf240365-a78c-4281-a435-fb46330c67f2,3,1,1
7bbe5f07-4bcd-48bb-bea2-2922afc5e10c,4,2,1
c6fcafcf-6851-441e-b3ef-b4d15461fe83,4,1,1
a1bd3a37-abb1-416b-bd65-bd17077eec9c,3,1,1
4fd61cf8-1a53-4f62-879b-7aabfcf60d37,3,2,4
20548e1a-9b79-4e10-8693-9129bf78b4a1,3,2,1
24173b92-579a-4c78-804f-0e3b89ea7446,3,2,2
7269a8ae-c886-46c3-9dab-42ae06ec49b8,4,1,2
db959446-b5b9-437e-b198-d67f9b626f88,2,2,2
7cf219a0-2c7a-4631-abbb-fee62e437cf9,2,2,99
38f09e17-225f-4d0f-add2-3a780faa9c0f,2,2,4
46ec2872-40ed-43a0-bf81-09fa31d74a9a,2,2,1
8c297152-00fb-44cf-98e5-3e9574b69dbe,99,99,99
f20ca042-4e47-47fc-bc9a-0fd126331c91,2,2,1
628ef2cd-b4bf-44f5-a932-70a9f4e5b316,5,1,2
d62f09f8-819e-4677-a162-5175b7b47f35,4,2,3
6196a185-d0ef-4df2-b31b-08ccae565ac1,2,2,1
129ffc86-23ea-4a0e-84f9-31ee155b9191,2,2,99
b48881db-334f-4396-91a1-c888166b9cb4,4,2,1
0179b686-baf9-4b09-a4aa-945877fd51aa,2,2,1
6aa70299-19c6-4471-9596-6ffdece8f0d0,2,2,99
8a9c2af6-5130-4447-a6b0-b30a531314a4,2,1,99
3f3022d5-93cf-4e41-b1e9-d5fd4cc33a10,5,2,2
512d1f4a-2087-4588-bbf4-6e400b7d0f61,2,2,4
63a69bd3-08b9-435c-b2a5-a5228c93ddf0,5,2,3
764e3f0a-d17a-4fa9-a67c-1891d69015ac,5,1,1
056ee463-1b34-454a-b30f-d194d6d76d63,4,2,3
9546d7d9-310a-4a3c-b696-ac305ed7ce79,3,2,1
a1ad384f-eb50-4933-b5e2-3aefa967edf7,4,2,1
c3dbe6df-ff88-4a1e-9d83-db23075b424c,3,2,4
be076850-d786-4e7c-a9f0-7656524395b1,4,2,1
17a79872-e56e-472a-a85d-1b2769c3af93,2,2,1
9b6a2dd9-d2cd-4fa6-a4f8-3e62b737c7b4,3,1,99
edf5f5e5-a55c-48fa-8e52-0bcfb4fd026d,2,2,5
279dbc6d-08cf-436d-bc6f-4e37f3edebcd,5,1,2
3bcccd5b-2683-4a12-8399-b2eb6976b09c,2,2,1
88e63655-274f-4865-bd52-74a8ab6b87b5,6,2,4
e0fbe1ae-7095-40b3-ac78-debcb5b13add,3,1,1
907be609-873a-45d8-b304-f43e98256bfb,3,2,2
36200a2e-15fd-4f2b-9afb-52d409d774df,4,1,2
38a4a091-9a83-40fe-8937-0eb7f6d350fd,5,2,1
80410e96-a0f0-45a5-977b-a0efbf4ec846,4,2,2
cc3a31d7-b90b-43be-aee9-8dcab37d5b8e,3,2,2
858610fb-de7e-47f3-b11d-b955cf165149,2,2,1
13e10bcd-8c2a-43f9-a2f5-b9707ea969b6,4,1,99
38b359c3-3331-4e07-8b91-bfe04ad417e4,4,1,2
ee7bb877-5cb4-42bc-9749-8b3ff0b41116,3,2,1
214971fe-4475-4063-be13-3cf8bb0ccb59,5,1,2
b12395df-8f54-4e9a-ae0c-44ccfb6fb168,3,2,5
03c4b232-87fa-4367-82af-287384d2351c,5,2,99
2fafd081-e945-42f8-97a2-07128993e981,4,2,2
6aa0f2ed-b235-4f85-8737-c35fccd96580,2,1,2
f02272fd-4808-4ef1-ac9d-696c62ae507a,3,2,99
f02272fd-4808-4ef1-ac9d-696c62ae507a,3,2,99
f5b6a911-618b-4f5f-a140-df87094e13b7,4,2,3
338c38be-948e-408d-a719-f9c7cfe46c98,4,1,4
fdf4f4ad-3004-46cd-ba0b-5733a17daa33,2,1,1
bf7c6545-6f67-42d8-9a7f-349531fc8c82,4,1,2
bb203eba-13e2-4119-9941-da2ac610c944,2,2,99
634a8469-aafc-45b8-84fa-b336c3d584bf,3,2,1
c74d06f7-672e-4657-838f-5d48ee10d5de,4,1,1
04495bfc-9001-4d5a-9ea0-46b71a99c9f2,6,2,4
2a79b8b6-e884-4c20-ba2f-f71dd9f86767,4,2,1
898d9aff-8e38-41e9-a96f-6819f3f5a627,4,2,2
f15e6f7c-44e7-4c5d-a53a-e8eb98ffcd47,5,2,2
f4a7c49e-6e63-4982-ade1-4cc7b70fb6af,2,2,99
229b75d5-075f-4d83-ab18-290ad21bc002,5,2,2
fe9b2f60-3af4-4288-b3ef-ce229f2a4c53,3,2,3
96e5de4f-dd12-42a7-a588-ac03bb419811,3,99,1
3500e445-e630-4117-bfb4-a358805ffd85,3,2,2
fe954d5e-955e-4ca9-9cb1-6e4049d5a3ac,4,1,99
78b3d1c8-b241-4c4a-9415-98376835d50b,2,1,99
0b35e8fa-8b33-451a-afcb-31f8504fff0f,5,2,2
68265390-5edb-4def-8317-6c3726e7aa90,3,1,1
0084be50-21a7-47bd-a21c-e917bb93969c,6,2,99
ea59a915-41f7-4a9c-b7fe-3849d409129b,5,1,2
89e568ba-f8e6-4ef3-b313-b04138aef7e5,3,2,2
5533911b-35c9-454b-b791-d61a149376c9,4,1,1
d8566fdb-a6e7-4511-a20c-001c173f75ce,4,1,3
f25336b8-f974-49fa-9419-00d921caad46,7,2,1
c6a15567-7d9c-4078-92bf-bf19725f0c55,4,2,1
718f0703-f027-4668-b354-208204723242,2,2,1
33f07309-f23e-4d79-9998-4bceda3b4c06,2,2,1
e639dc43-5435-40a5-b8aa-6da0b9614f00,4,2,1
98b6c6cd-69bc-4a23-acb2-5a7f3353bc0a,2,2,1
df88fb32-a48a-4041-a357-255ac03eb89f,2,1,2
ba1a3318-67e7-4eef-a71c-57e2bb5985f0,4,2,2
5cb998ea-d4ca-4a1a-8dd1-c75cb6be3d11,3,1,99
790c20e9-7947-4667-8b5f-fa1d480b4c52,3,2,2
12455d6a-d93b-4796-b339-d140b177ddf4,5,2,3
8d4046da-7e34-4291-9cde-1c9142af9b99,3,2,2
1bd2b9c1-77e3-4515-a577-a7f552b74d64,2,1,2
1bd2b9c1-77e3-4515-a577-a7f552b74d64,2,1,2
bec4cd2e-7fb4-4eb1-bf50-aa7b2d73d482,2,2,3
953016c4-7abd-4723-97f5-a32cdff76081,5,1,3
47e1befa-7830-4da4-bd75-7cdfb8575bab,2,2,2
4be38a1a-3423-4266-a1fe-f4bec724617b,2,1,1
40faf67f-9265-4d61-908b-556902bb3406,4,2,99
a90822c9-61c9-4878-bf83-7644228b1d11,2,1,1
8d5ad028-873e-4a00-918f-c39452e9858f,2,1,99
7a05ed25-929e-4842-82d6-68f6a3fe5849,4,2,4
9609d30c-960a-40a2-aa57-6c5938d4556e,3,2,1
156ff2f8-d985-4a76-8f45-5087b2e2a7c5,3,2,1
fee0b44f-2122-4067-bf1d-ebe3320aed73,4,2,2
0e248924-6108-41e4-b425-32e62721f3eb,6,99,99
bc80783c-0a33-4f41-8d15-2f2990e59442,2,2,1
ee1a95fe-d562-40f1-bd22-1ec80f769dbc,2,2,2
36a109ac-b9a7-4101-9527-355b453271d1,4,2,1
9e3f6266-f2df-45df-a1be-f51d3ee8a22a,3,2,1
52e784be-9c3e-417d-a708-858ab7a5662c,2,1,2
87cc75dc-95d6-4a10-a56c-19537cc1b6c6,2,2,99
d1241f30-aa50-4828-8fd9-a2ab3c3f9eb6,3,1,99
0a6ef30e-74a3-4a6d-9f25-871bc8f2c6d5,4,99,1
1f60bd6e-1173-4fce-9db7-9b7a1f65e06a,6,2,1
558ec9f2-92fa-4ac5-89ba-fb82f0e9f83d,4,2,99
99db8d47-39b0-45c7-8c60-41d997a77864,3,2,99
2aede9ed-d72e-48d6-8d16-8c058a5838f8,5,2,1
0d2b1400-292c-48ce-9452-27411bc83dec,5,2,2
f54dc50e-2f65-4b10-8d84-ff15fdcf7129,4,2,2
4e619e33-1c6c-488a-85bb-a6333dbcfcbf,3,2,1
5acf6339-b08c-488b-b8c4-182733647388,2,2,1
7a83eb74-a7ed-49f6-bb86-4440855fe685,2,2,1
2583d324-1bc2-4f8b-b73b-0fc3c0acafef,3,2,1
f0ec4ada-e75b-4766-ab42-85f49dc0bb0b,3,1,99
79d2f193-2a87-4894-8f2e-83415e59114b,3,1,1
2934c758-5e2a-45ca-b41f-dcb356285f45,3,2,2
53b649f0-6b47-41c6-83bf-cc91db4eb66f,2,1,2
372cafc2-9e86-4052-b04f-834b93214883,3,1,1
e25eec8c-1e3f-4945-a660-03d332533846,2,2,1
73431c02-18ac-4d3c-ab87-127a66d88256,3,99,1
b7323948-9998-430a-9d42-d908785a3782,3,99,2
3b2dbc50-add2-40aa-8162-755cb1565bf7,2,1,99
08cfc958-9c86-4490-8490-6de59285dc72,2,1,2
23a9ab09-f72e-4c0d-afa3-01e4d84fbddd,3,1,2
6db59168-dca7-4d62-8c18-98eea5278733,4,2,1
1fc39339-a794-4a6d-be31-7be9fa28d992,3,2,1
0937e574-816e-4384-9487-c50a4c911204,4,2,1
6c2943d0-e930-4150-b81b-3466c12e2c6a,3,1,5
5b316410-fe9e-410a-b7ac-9bb22d8d1873,2,2,1
0f80d919-fa8a-47a0-b90e-cd5c9e4f7427,4,2,1
19eb1ac8-8269-4968-a6e4-88aeb4b3fa21,2,2,99
92cbe28f-042b-41d7-80fb-45c7495a5b94,3,2,2
44c2e3a1-af5d-4792-ad0f-21159aaf8a8e,2,2,2
15785023-a696-422b-b1d7-bbedf6a754b1,5,2,1
e993f137-8da2-411f-8543-0c7ac4fd708e,2,2,1
6812ab35-95b0-4bcc-b2d3-49ae01dc938d,4,2,3
357eb073-c747-4241-9a2d-3ea491a9918d,3,2,1
b8a8c9b8-13d4-4872-94c7-24fc1c31e357,2,99,2
aa0d27bf-7acf-4b2c-ba3b-ec032da5e542,3,2,1
f57b1f4a-bc59-4410-98b1-ae586b3f73f6,3,2,1
4ed83b8c-9b24-4214-b877-8f000d6bdccc,5,2,2
40794fa3-7bcf-4201-8242-0cd90b2779ac,3,2,2
c03d6b7f-ac48-4687-be4d-f5cc9aa6ea1a,3,2,5
b808f022-3928-4771-923e-ae132c1f4dbe,3,1,99
94248b9e-6b21-4dbf-9b4e-6b183d3dfff6,2,1,1
bad55c21-5652-4ab7-a924-3552f09e8b16,2,2,5
2d632a18-1121-4849-a25c-98c41ad4b7c7,3,2,1
8cd82378-c4f2-4307-bc59-a44873bfdf0a,3,2,4
9e2c622c-4c50-4505-95aa-1fd6ff3c5bcb,2,2,2
ae60ebf3-4f12-4ce3-a2f0-5de89f869fbc,2,2,1
57abb2ba-cac8-4990-959f-58f75acaf802,2,2,3
167fb1ca-bbf8-438f-8e08-4cdde8a53e33,3,2,2
9ff1d323-7b58-40d6-9f7e-d7f7f7d97af0,2,2,2
3919386c-aa12-46d5-96c9-f63273bf6956,2,2,99
36a851bd-e246-43d4-9fcb-11250da3d330,2,2,3
2a5ea8c7-4a81-493f-a949-18a98ed48fdb,4,2,5
0d7a28d0-c1eb-44e2-a8e0-c4ec8334ef59,2,2,2
3b589ec8-ef60-4eb9-9121-a8a91e548260,2,2,2
5fee8443-ca3b-49a0-bf8b-df6f20936d56,3,2,99
be48bf9e-b779-4e87-ade7-608ba4fb99d0,5,1,1
cde3fa66-caa7-4818-9145-a96ad6bc59d7,2,2,5
43835e22-c5d6-4961-a715-b68db9bf7e4b,4,2,3
779ebab0-1823-462b-8873-287f223132b2,2,2,1
5c600aae-4a04-4d62-980b-400ec60d869b,3,2,5
001b18de-e566-4b13-9cf3-33e22e32be2a,3,2,4
f3d45e3a-0e16-4f00-a00e-abcc5952af38,2,99,1
99c82f09-183d-46d6-93c1-a9d891dc366b,3,2,5
378cddda-ec35-4d43-8692-1247d3545fc2,5,99,99
9b77cb5e-c492-4ebd-bbac-f80854ae86af,5,2,3
d8bdbd1e-10b6-4a03-a90c-b5088bb8597a,2,2,99
51664cba-48ad-4b3b-97b0-1984a925c120,7,2,2
c4640d24-c7b8-4910-888d-e3b2d05098ac,3,1,2
5cb7ab05-9d93-42b6-bc94-c4e72ee678cb,5,1,2
039cac17-160f-4f8c-a50f-623331319752,5,1,1
d4d1cf63-ed31-405c-9268-ef4c9cffda36,2,2,5
cca01399-eb6f-48d2-9dd3-c4112d521224,3,2,1
a00d2262-81b6-481d-8650-6aa2697d5b5a,3,2,99
5d980ae7-2b2f-431c-bfe6-8a595d7b84c1,2,2,99
d3df4f29-7919-45c0-a1ec-4ab724c31175,3,2,99
dd405490-b41f-45fa-919a-b996c316e2d1,2,1,1
2343a221-14d4-436c-a177-f74ed31e7691,2,2,5
f557b1ec-cadf-4c27-8482-3ff56280d86e,4,98,99
5ba77d90-1d66-4a90-9976-e2f4351a8b99,2,2,99
8c1ac56d-f74f-4f2c-a8a4-fa654028f2a7,3,2,99
8c90e99b-4675-4209-970d-50832e4df7e0,3,2,3
ad2e3a18-353b-4cd1-8a5c-36c51a9671b4,3,2,4
04602501-c788-4df0-839b-1024fafb7f88,4,2,1
1ff0b18b-d785-41d8-b658-2aef5839285f,3,2,4
3facd144-a0b3-4b20-9d40-65146b715430,3,2,99
c1dc46cf-32fc-4d98-b55d-69c5ce9b28c5,3,1,3
38df06f2-0460-4482-a552-ce25316ad6ed,3,2,1
ac361ea8-8b17-4d40-b032-39876e29f4d3,3,2,1
84c22c97-32b8-4a1c-beeb-342ea05cb73c,3,2,2
20bb90fe-5c2d-44bd-b215-38ee2efedee8,2,2,4
69c6880a-7db2-4528-8fec-4eb8cdcda964,2,2,1
6b991899-8ac8-46cc-b3e3-e639d5e08a6e,2,2,1
909b3981-e0dd-4ea9-b412-4375ab8c79b1,2,2,4
e33d2bda-5789-4495-8642-faf1e3ce9123,3,2,4
2213a47f-7488-4c7a-bcd8-3eb3e098652c,4,2,1
193c8d34-e355-4ddd-b184-e9e20654fa71,2,1,1
4f2c3e20-9650-4903-848b-473913d57bf1,2,1,1
c55ae975-7ed7-4217-8edc-adc95e038812,3,2,4
3cc047d6-5ec9-46b7-a713-3e44024b1f26,2,2,2
e9c75d60-9370-4ba2-968d-1d0f60fb114e,4,2,99
bbab9603-e11d-4022-ab7c-387dcff86870,2,2,2
4d4dcc9d-754d-4068-a23b-06aca2f8f4ce,3,2,2
5d90991d-c411-4c44-be87-8ee00ee61f8b,3,1,99
924919df-0120-4fbc-b770-0b9bc1c01975,2,2,3
375e746e-0ebb-4248-81a1-9c1525fd342d,2,2,99
a8c0ebfe-f4ea-4348-a186-d53b73aff611,2,2,2
ca2ebb9b-f8a6-477a-8092-9553916dffaf,2,1,2
5d82233a-3634-46d7-8c52-6db9fd90bf7e,2,1,1
2f9b45a0-d6e2-4fff-ab55-0770d56d147b,2,2,1
5990c1e4-22cb-4cfb-b7c4-c9a8a1a104bf,2,1,1
e1a533a8-fd2a-474c-bbc1-84606480e1bf,2,2,1
161aba10-8be2-41c6-9d93-0565b83a7268,3,2,99
6e09e663-2af9-4217-8ca6-acddb63b31e4,2,2,1
d5e59caf-8211-44a6-a120-d27bb953d979,3,1,99
5c1460ca-377c-4684-a1d1-bf4d38d3fad6,6,2,3
bed6cbf1-1457-4ec3-98bd-d2a9bcd04e51,3,2,1
7ca5e999-3c47-46fd-8ffc-17fd5ae8f2ae,5,1,1
0cdcc760-83a2-42c4-a272-0e52b0fc0c9d,3,2,1
e8cfd402-e838-493d-842e-66fa5886b9ca,3,2,3
397213d2-2422-4c91-bd5d-4c41b6e2c91f,4,2,1
6a863373-5894-4fca-8fad-75af0f728307,2,2,5
d4e91984-bf2e-466d-a695-5c8247988467,5,2,3
0293919d-fc98-4b97-bd3d-c196d7ff11f9,5,2,4
85488789-b578-4122-90ed-f3f9841653ca,3,1,1
b6dd5105-5f4a-4065-989d-80ca86fdefe8,2,2,1
11e1414a-ab49-4387-af71-ce6fe091aa41,2,2,99
823196c4-fd19-4c9c-bbfc-126a4bc6282d,3,2,1
5b40d295-1d22-4f53-b2ff-eeea91264cb5,2,2,2
42ee6be6-5ba9-4690-b40f-a5db0e3d2571,4,2,1
86d4030c-cec5-4191-843c-c4e11ba3dc95,2,2,4
dd833416-2802-4f5d-8146-f698eb8d17e3,2,2,1
49f09050-4dac-403a-be98-e4b31447451f,2,2,1
7e11bc9f-3283-4129-898e-c9e85ed50c7f,3,2,1
aae445b1-29cb-4a1b-a3cc-4289313079c7,2,2,1
c761b833-3edd-431c-befc-f6df33b24f7d,3,2,1
c178d600-47e3-4f36-a2aa-6c3415021141,2,2,2
3575fa00-8160-487b-84e1-219570159f21,3,2,4
3d8e2665-4a32-47dd-ae39-00c5c8c37d44,2,2,2
e8a28c2a-bf2d-4496-85ea-f34dc534e776,2,2,2
c1e6485a-6b59-4efb-8214-7c4ed28b258c,3,2,1
ccc38009-c891-4cc1-8451-f72fd52fc1c1,2,2,3
6f8ceb7d-26a1-4be4-ac0a-753ce933d91e,3,2,2
a8ec25a4-a56f-4a61-a345-c74107eb95d6,2,2,99
4b632271-c574-4620-aae0-fa766dd23edc,3,2,2
0d87bc12-9839-495e-87b0-37b4b54922a6,2,2,2
b692fc38-a2e6-401e-ad4e-2d709a860177,3,2,1
597f346b-eeea-4431-8e1b-57deca448669,5,2,1
bd569240-6c76-4cf8-8a60-44729d874456,2,2,1
74670562-3b26-4573-b4ac-906261df2c39,2,2,1
cf47e61f-2347-4c5f-ad30-e2099b9a0615,2,2,1
0442af35-cd37-4c14-b625-d71eaee0971d,4,2,1
16f23f56-c6f2-4d82-b45d-2df968d90208,2,2,4
cda5a94f-50ba-40b0-8acd-e81bbd79081a,3,2,99
99a809ed-a12e-4a0b-9e13-e69c89bb77ec,3,2,3
db8df254-a301-4549-802b-a066fc6fed09,2,2,5
e0cb3fa3-3a97-4ee1-8eff-4c6805c0750a,3,2,1
097b0e46-0f4f-456e-af66-4621527f0449,2,1,1
f1fb188f-0180-476c-90ff-5885f255fae4,3,2,4
5c97d4ef-1afd-435b-9aec-967ac626f4e2,2,2,2
7d455ac3-4746-4a54-ad33-67e32afa99be,4,2,4
ecea6316-cd6d-4bc6-9d15-41bb0f93bd51,3,2,1
5c272d53-9529-4c51-b4aa-7f8ba940a99f,4,2,1
0f501d15-8dd6-4f1d-a70e-ed445f9cf09b,2,2,1
a7d07341-2d79-4e44-97bc-d7ba624d990e,2,2,99
d37c22b1-63ed-442b-a755-1a9b8a65423c,2,2,99
7f6d2d27-4243-417c-84a1-6765a9cfebbf,3,2,4
309038cd-3b72-468c-a6c1-cc368fe05d38,2,2,5
89dbdd99-bceb-49ec-8f52-f80d147f9fa3,2,2,99
5a79e32d-6936-4e04-86b4-ae2bc72f1e0a,3,2,5
e5a3a4de-c9a3-4166-836b-0eea5a9afaf5,3,2,3
5a6dc288-7b69-47fe-a7ca-cdbcb3b30fb2,2,2,1
fd592402-8f98-47f2-aec0-10df541367b5,2,2,1
0d343858-95d9-43d5-8e12-814e58861355,2,2,2
cee15687-9c5e-4666-9227-82060d870815,3,2,2
313c95f3-c486-4d4c-bfbc-aa2c8aba481d,3,2,99
cf4421fa-ba08-4cd6-8b7b-4fb896d859b5,3,2,3
af0a0f52-1e59-4d22-a3b2-6cfb737ec5f5,3,2,5
fd9982c0-7ab8-4f3e-9887-1fa23714695f,2,2,2
4f88eedc-0a67-4dcc-bbe5-c90ea55abc34,2,2,1
48e06432-0653-45ab-b023-e8bb142510c9,3,2,3
2e3d2983-ae61-4efa-b6d7-111995e8e231,2,2,2
c6da2fc3-9160-49f8-9d3e-b0b7ee8ce0e1,2,1,1
a6e34700-69c2-4df6-ad87-db325ff47105,4,2,4
54641eaf-26d5-4b1e-8bcc-826d448bcda3,2,1,1
2fc3f578-3939-42a0-802c-a801b4715f7e,3,2,1
f2e94928-8e76-476f-ba15-26d4b7a14842,2,2,1
2788da19-59bb-4f01-92a9-17beb3f7292e,3,2,2
3b4df83b-ec38-4af7-8458-cf3cce157c93,4,2,4
2d7a3db7-7fef-4840-a18a-331a47a31f1d,2,2,3
6e146f8d-709b-47dd-babb-10a32d4ed12b,2,2,5
ccda3423-d9d3-47d8-8945-1fc6c6991feb,3,1,2
a083a400-e1b2-4f69-9443-4c1a27ba2046,2,2,4
023fbbd3-abfd-435b-96c1-bb581dd8db02,5,2,1
de5d38a5-9060-49d5-bd42-96dff5bff1a4,2,2,1
7d43dee3-0e77-4c48-af27-d0c7991af876,3,2,2
776a47ec-bffe-4425-beef-7a6363be07ed,3,1,5
615c1961-ba27-4af2-b561-448f107c69a2,2,2,2
adbe46ac-2ffd-4df0-bb83-11f91472cb4e,3,2,4
567b3e7c-b67c-44a9-9fda-154e7a3d0aa2,3,2,99
40455095-ffc0-4a2d-8b28-f0ce053ca3c7,2,2,2
caa96ad8-3389-48ed-b69c-99c1d4a15547,3,2,1
66ed57a1-472f-47da-8724-37487da1ccd2,2,2,1
ddcb985e-5adf-4675-82e2-c34a1ba693aa,2,2,1
ef3cf105-d4bd-4d51-b163-89c95f9f85dc,3,2,1
380814e1-5716-4850-b2e9-db55c7e73f3c,2,2,4
e6812ba0-8e91-4328-b387-0ce6cdbd00b3,2,2,1
941ce9bb-85f7-4449-820c-dc60a920a20f,4,2,99
39ce2d24-919b-469e-bba8-58a0c6a7ac0d,2,1,2
a0a3a489-4b8a-461b-980a-c0dceaaff54a,2,1,1
7cad846e-9903-4f6d-906e-2fd9cb0bc838,3,2,4
492cf934-9edf-42de-9de2-11cd585e70a6,2,2,1
e7d3bea5-0a89-4572-84d0-576ec93cb5f5,2,2,3
02e91bef-d3bd-49af-92cc-6bf77da40492,2,2,1
1a0837d4-bf54-4b37-a09f-b514b16ae1c8,4,2,2
5b96df45-693e-4a3c-87b8-5a0419f0e833,4,2,2
c5d0741a-162e-4d93-868d-5a3d5c5c99cb,2,2,2
7cf3b0f5-d13f-4314-93b2-b170c3223fb1,2,98,1
ae62d927-7163-4aa4-ab9f-99c4b7b8799d,2,1,2
0dd25d90-9264-4a14-930d-685fd88ed9f4,2,2,5
d26b83a1-2d64-4f83-b8b4-83a4e6004b67,2,2,4
c4fc5f7f-f628-4680-8392-d6da29078419,2,2,1
e22edcc3-5d47-4e55-93ea-c4fe02a79113,3,2,5
59ecef68-7024-47bc-8dc8-d9eea58ac77c,3,2,1
1af52771-9f37-47f9-a8d2-82dd48ba93a7,3,2,2
db369e29-81c8-46d4-877b-2d87482ba6be,2,2,1
706b44d9-13aa-4ec6-a979-5f4c31cff29f,2,1,1
3a9109f9-9e00-4442-b92b-3eaf10df8822,2,2,1
8d929a3a-9cfd-4cd0-87d8-f144c9851b3b,2,2,1
229e6fc9-5352-4ed3-b8da-db13aee404a9,2,2,2
82c3896b-0d1b-4e06-b1da-a9758b01cd97,2,2,2
5d71c87a-4149-468e-8e42-b6971b04aef3,5,2,3
cbe2a561-a2b5-4f17-a2f4-2f9ed85a2239,3,99,1
a21381c1-bc13-4014-93ae-89dd9db9b86f,2,2,1
a21381c1-bc13-4014-93ae-89dd9db9b86f,2,2,1
a21381c1-bc13-4014-93ae-89dd9db9b86f,2,2,1
675e3484-07c7-4d3d-8d97-7836d93fe0f2,3,98,99
76d2d395-47ad-411a-a37a-84169c3ccb60,2,2,1
aed08820-ed39-40a9-9291-9dd5cfc37d4e,3,2,2
f7215a3e-997b-448a-af79-b8a06f43f041,2,2,5
f6f8d66d-43da-4cc8-91db-1cf51375b016,2,2,1
d67e4a5c-1162-43fe-8274-a90e2eca08c4,3,2,2
5121d028-983d-45b2-9ce5-e528d368ae7e,2,2,1
2301d117-d415-43b6-bc12-e86322d42eda,2,1,2
69489dbd-71a4-4121-9ee4-41b225f83d1a,3,2,4
39922eeb-4199-4a0e-8a91-5c4b34c30670,2,2,4
50af9de5-dc34-40fa-809c-574aa6b285c7,2,1,1
75f15b04-2669-45bf-b9c1-3da474714e00,2,2,2
b6d80bc5-1c28-4393-a935-87da302b8933,5,2,5
e33680ec-9fd2-43e3-a98d-d615d9229d7f,3,2,3
5ed350f6-c06f-418f-b3af-cef629ee2514,3,1,1
94ca5544-1e16-4ffc-aeb8-37f32c1e1b2e,2,2,99
6241b3c2-1c5c-429b-b4d9-23f4ecf7bc0a,3,1,1
aef2c4c3-027d-43e3-a3cc-31f8340b5c08,4,2,1
284a88c3-405a-4659-9ac7-9ebf6d2c6972,4,1,2
c480efc0-7f0b-41ad-b13a-f7a572d87155,2,1,99
ac554565-1427-475c-a345-3ce652c74281,4,2,99
8acf047a-7726-403c-895a-06ceeb092822,5,2,1
46116734-6c56-4734-aef2-b97f3c762ab4,3,2,99
308ea3a1-cb6e-4df7-9d8a-0aca2eae2166,3,2,3
dcd4795c-9855-4c8b-b9e3-3d6477e73d01,5,2,3
ec86a40f-a433-433e-a5f1-ad95838714f8,2,2,1
c98aa8a7-0d88-4680-9571-3c7e6b07658d,2,2,1
a0dfeddb-fc45-42b3-8aca-8a19148ca3a3,2,2,5
bae84188-d4ba-4b91-bb12-d7c56aadebcf,2,2,2
e49c40e1-2a2a-4b68-b6c3-54ecaf7c7b67,3,99,99
b600affb-8bfe-409e-a288-a848a424857a,3,2,3
92c18cd7-7ea1-4f97-abfa-fa9cf2a72720,3,2,2
885a8790-04ed-4a23-ae67-f2536fc5b7ea,2,1,2
f4dc94f3-61fa-4434-952b-f08247cc72e9,3,2,1
28910c2e-85b1-4124-a1a1-f915d933d492,3,2,99
fd2a218d-6674-4531-9d15-535246b403d9,5,2,4
e5faf165-d5fe-46ce-a1b4-3c4d139c7f35,3,2,1
08bd23cd-3134-471d-ba4b-8d5a89e1c8b6,2,2,99
1df38e1f-9a87-4a85-b353-f320f2774728,2,2,5
8b179121-34df-4eea-b88b-01e22c856b86,3,1,2
a8db53f7-a83f-4682-811e-b14d91090199,2,1,5
2e0d347d-9c07-4865-919b-cd1716009c39,4,2,1
7f1a5c82-9a33-4e3d-9bff-d5c0dbd12b99,5,2,4
e3e55b57-ec46-4746-a117-abc63828372d,5,2,1
7a531039-b6d8-436b-98f8-e8830f31856b,3,2,1
684ce07b-d28e-4132-88f7-f973053e0b14,2,2,99
096dd395-2623-4c02-b5ad-12ac8b35023c,3,1,1
b7202af0-4840-4307-bc89-43df25926d06,4,2,3
452cc24d-6888-43f0-b977-ce13c995840f,5,1,2
a15e110d-b504-4a94-8234-7307fca65d2d,2,1,2
2616c719-a4a2-4d2c-bbb6-7c973fe5e823,4,2,1
9d8273cf-d9a2-4695-a15a-8b7196009743,2,1,2
0bdfa4e1-9bb9-4134-a248-a1d3856f295d,2,2,2
2686b864-3249-414d-8a7f-3a9a9ba7ff91,4,2,4
2bf85102-e637-4b87-a47c-fbb23767fa47,3,2,2
c070599c-474b-491a-9392-62d4f82a910f,2,1,1
5f2ec9e1-9f7a-42a9-89df-654c2870f7a0,2,2,5
19468aad-910c-4407-9350-96870beca7c2,3,2,1
0dddb72a-3cd3-48bf-b710-fc4302cac9ee,4,2,4
fbd95a9a-2d87-425c-a4af-a725de184e55,3,2,1
7b0c5b92-c21b-4448-9d84-d80195e7d8e8,2,2,1
fa98d7bb-0c36-470e-84fe-7666ddb2ba91,2,1,1
8e17bf7b-1132-4573-aacb-5734faef4efe,3,2,1
3fb10053-be17-4622-a328-60d5d3bd9693,2,1,1
ea543d92-8abe-4732-a85d-695524445512,2,1,1
3b8645ad-a26f-49fb-8408-7ce136085587,3,2,2
55c66558-5f7d-4ee8-a31b-f394c2960528,2,1,99
49f690ce-3a41-4d42-ba87-0750005fe5bf,2,1,2
ae53ecc2-b855-4b94-845b-009f34a591ec,3,2,3
9cdbf1f1-c63b-41b0-bdd8-b5c0d16632b1,3,1,1
229a88af-8fae-4d76-930d-45568773e833,3,2,1
3d2ee013-1655-454e-ace0-c0870b4adbe4,3,1,1
83f5e023-f2be-4223-9f1f-5fa8faedcfc2,2,2,5
6c35ea66-bced-42af-8f6c-f06f0df111e7,3,2,3
3ede66ec-afe4-4570-a2e6-5250774b3c0e,2,2,1
4130fc80-470b-4003-bd60-b3f81b3c4463,3,1,2
a4d30cdb-533a-430c-9327-f2b26ef19738,2,2,4
b6b8a9b2-91c5-4ac4-81d8-0f9957b9ef8a,3,2,5
0b5afb91-f536-4555-9a11-7ca4a1ba32e0,4,1,2
a922b452-70df-4963-95b2-049f20261088,4,2,2
f5abd3b9-33bb-4cf7-b70f-f2999a674652,2,2,3
c6b02f98-881d-4155-9d56-1d68119be1f1,3,1,1
4f4c5dc7-db5e-4fe4-950c-5d07a1a6f02e,3,2,1
b79afb2f-a3f7-4ca7-9273-4f7e3ed3d71a,7,1,1
367ca6cb-2b84-48f2-8831-67186fa4e97e,6,1,2
1ed4455e-5922-46d5-8e15-c0b07beda0f9,2,2,5
d8076b70-da9b-4455-bc50-07697c700db4,2,1,1
ff53f691-1512-46d4-b81d-15e0ff28ca8d,3,2,1
0c13a89d-93ca-4dfb-9a01-9c816ecff7f6,4,1,99
fae6bc3b-1aaa-476e-bd47-39b7e0df31e8,99,99,99
c76099f7-4a77-42ac-8505-28255b871714,4,2,1
d77e2e63-d15d-4149-bd49-d681e7c7d889,4,1,99
47fcd77a-bf81-4f91-933f-3ba8152c485c,4,1,2
28f72dd8-19ba-42c4-a0f1-94321ef8c59c,4,2,2
7edcb437-2089-41c6-861e-708e1366937a,2,2,1
fa53a5c7-b170-4575-b529-1935b3186ee0,4,1,1
5f911f20-147d-4d3e-b57f-2ec9862d8c5d,4,2,4
d0f4f6da-81d6-4fbe-866b-e4b9bf425752,3,2,1
73c21ba6-1f43-4f19-9aa2-56087d24621f,2,2,99
e47b00aa-0e7f-4110-aa27-d1f96815ea8c,4,1,2
849ff6f7-bda0-4e60-a928-ae4b688d094c,3,2,1
ac119bf2-3cd3-4b65-8c01-8d2145199d18,3,1,99
afd3e3be-3607-4628-82cf-d58c1cdff1cf,3,2,2
fb4ab829-b326-4796-a048-70ea292e7cac,2,1,1
800360f2-78af-4cb7-b107-00b490c64d7e,3,2,3
8ea7c8bd-cb6b-49f5-8988-babb511342bc,2,2,3
12649b7c-a062-476c-bbd0-bfbfa00d495c,2,2,1
4649a0dc-3895-45c0-bf5f-db3fd1992c53,5,2,1
48ac6300-ea25-49a4-b3ec-db1cadf26092,4,1,4
7f698544-99e1-41c2-8305-ae6936f020fa,2,2,2
f1eeb33e-03d1-4b67-a467-37020ea01799,3,2,3
4ee29123-8c35-4c67-b44a-823def7dacc5,2,1,2
dc450273-ecd5-4469-ba91-c7153ac86ab2,2,98,2
eb0ce96d-c17a-457b-80f9-60bae09de066,4,2,2
8a172bab-74c3-4d4f-b5cb-870a3bcd97a9,3,2,3
623d9d05-d095-4a07-9989-c658d4ea1a92,3,2,99
21f7d28f-cb3a-4d39-b53a-71a6d67a5009,5,2,5
c006c5b1-58d1-42ca-b436-80f3a85bf016,2,2,3
212b46eb-8198-4607-a5dd-7012beea067e,3,2,2
52757d0a-0df4-4c09-94b5-74584acc0d84,2,1,3
66e7fe65-f94a-48d1-b600-a1a6be815828,2,1,4
864977f2-205d-4cb1-a3ad-2341df9796cc,2,2,4
34ec6dd1-e364-40ce-a417-97f786a644c2,2,2,1
90bb7774-cef9-442a-98e4-6b58d33851ce,2,2,1
c60c4e9c-d4d2-4262-abe9-1595b0a2708d,2,2,1
269c347a-e34a-4067-965b-a4e650d384b2,5,2,3
6a153818-f935-4a69-b42e-8480c3727f8b,5,2,4
c028bd6a-8a67-413f-badc-e9f87c90e69d,2,1,2
c7b1ca2d-e5e2-417a-8411-9e193138e7af,3,2,1
77116184-7b0f-4e54-b32a-c2b269ea6856,5,2,2
34f9d271-16d7-465a-bbc3-f97c7f6c9b1c,2,2,1
17905a71-06a3-4395-b287-04006773ddd5,3,2,5
42d4c2c5-3c88-4b76-b99f-70216d9d7c14,3,1,2
e21eea1b-8b17-44bc-bcf5-1db6f7e37712,3,1,4
4f2e3340-cb39-4bc0-a38f-aba2f8f77d64,2,1,3
482b5d2d-19f3-4096-9c7b-a075cf991c5c,4,2,2
38b149dc-1b08-4263-ae4d-3d70c4907260,3,2,1
bf143acf-9de1-4e18-8ee5-a293da855b18,3,2,1
8672b5b0-ff72-4879-8bf2-fe2390d3ad58,99,2,99
f6109faa-99a2-4bcc-8fbb-403ff62f097d,2,2,3
adeb4cfb-1e0d-45f1-95c5-f4d97026ea8a,4,2,1
f8800805-134f-489b-88c7-e91dcd45f865,3,2,1
f4b7f121-3315-460a-ae0f-dc5a8a6dc9f0,2,1,1
ff7ee3e1-a916-4f4c-bc12-f3c9fc293e4c,3,2,3
4d4b4d9f-9e21-4e85-bb0c-7a85af6b5fb5,3,2,3
60fbc592-94c0-41f7-b4fc-265372b76f65,6,2,3
32849221-8598-4d2f-bbe1-d57aaefca293,4,2,3
17f77f39-22bb-44ba-9581-af2f583f2fc7,4,2,1
5fd9944a-8828-4fc6-bb04-807a8632e464,5,2,4
a188996a-0ef6-49c8-acee-333996fdcd2e,4,2,1
fd769f3d-0261-4578-9a42-dfeae891e6a5,4,2,1
0c6f0f73-a26d-49b7-8fb8-c4f048694853,2,2,1
832f3572-e0c4-4ef7-bcdd-5469556da1fc,3,2,1
7456a09c-36e5-4cf9-bdca-df5c8e70a82c,4,2,1
d05e2644-0a1b-4cb9-9ecb-f6222fc115ac,5,2,2
ec40aa73-c25f-4154-af2a-05e8b71b016e,4,1,99
646c2d37-627b-4db0-822d-f7b4229b5bb4,2,1,99
002323cc-f7bd-4c3b-b3a7-d909a4b48556,4,1,1
0ccc92e5-92b9-47e1-b47a-a046d4a717c2,4,2,1
50a54d18-3b99-41f4-abe3-ebefb7185fed,3,2,99
693cd1f9-2349-49f5-b55a-62421aaf3b54,3,2,1
cf27166b-ceca-49ed-8772-9d2b41a6e054,4,1,1
6f163373-81e7-4fed-809c-d5ad0b50233c,4,2,99
32307a38-22e8-4810-9a9f-88727f594428,5,2,2
9026cba8-d6a9-40a8-84bd-6d9292c75abd,6,2,1
54ef7840-5e50-40d6-b0ab-e6b872106759,3,2,99
99a26ea0-22bc-4eb6-bc9b-ddf74b8f35dc,3,2,3
6be23940-d6e0-4372-8557-e0cf54f82119,2,2,99
54c5a466-2afb-4a38-a0f6-188f3b5bc2b9,2,2,99
474a4fe1-973e-4aa0-a980-d882c268e0e9,5,1,1
5efa3c3e-5f04-4d3b-820e-e28cc08647af,3,2,1
818d2332-39cd-492e-a8e8-e2ccfc730829,3,2,2
e93c4c4d-59f0-49a8-8290-8b90216435e8,3,2,2
0d7cf515-b55f-4c26-a562-5fadc6f62ab5,4,2,2
27ceabd9-0275-44cc-8297-4d45af737b5e,2,2,1
ac9f1796-47ef-43ed-98c0-d5913cf7c814,2,2,1
7eba0746-520f-44ef-a790-ff766a8a66c8,2,2,99
a962897b-6dd7-40c9-b043-e4c3d670cf77,4,2,2
b4b9c191-4add-4486-9449-f3fa233b2a45,2,1,3
1e49e7fe-5f89-48ac-bda5-adbae593be62,2,2,1
5fbd301d-b8e5-491a-a073-e5098e173c3d,4,2,1
579e2bad-63b8-42f3-9ea1-9eafc43e19a6,2,2,3
6f126e0c-6253-48d4-9999-9e80f5f4d31c,2,2,1
702f3761-bbfb-47e0-a39e-5c9daf2d47ba,3,2,1
ecabbbe1-0ded-48f7-ad67-2872a2aa792b,2,2,1
4dc07528-d33c-42e9-8a0f-8d6c683e13ff,2,2,2
358b3522-ed7e-423b-9042-3a84f52170f3,3,1,1
6c39d902-298c-41bc-818b-586d5d4193af,3,1,1
f2816c2c-3f63-4b46-8bd8-88d7ec8ac581,99,99,99
fbbb8dd4-2276-4cc8-88a5-1413310740ef,2,2,1
c4c03df0-a7aa-49be-9479-4246e5eb8c90,3,2,1
2ad39aef-2ce1-4f84-ac90-f6c934145c88,2,98,1
ff332300-7340-44c6-a779-83ac1dc7b7f0,3,2,1
e9d082b5-8776-4306-8c1d-50e58545b1b1,2,2,1
e527fec9-caf2-488f-b85f-6dd25d728bd0,2,98,1
825c7192-0dcd-4b6c-b51b-5be881091ce9,2,1,5
6f085d5e-1a4c-4fc2-8bbb-234e75aaa1d0,5,2,2
0bcbb6f8-3cba-47a2-b447-a32432da5887,4,1,99
2b7dd418-7263-4c5f-8978-8021e9b3469f,3,2,2
d69d5335-ccc8-42e5-9fa7-8acf481a81e9,4,1,1
da0ec14b-fc0b-44de-8e24-a5343c1c6b87,5,99,99
c688b91d-ed76-45fc-bc74-b7d5d9c5bc03,6,2,1
54486f93-da86-4403-8dd4-b2682e8e1591,5,2,1
2d5e0e1a-0f5b-44f2-b7ea-155e41df447f,7,1,1
3d4abb71-1350-4010-a609-d0e53e69e2d1,5,2,2
7847faec-13dd-45f2-9fcf-6fe83e3ba531,6,2,1
2b24f4ae-cc05-4322-afec-1b85e0b34722,2,2,1
d49fe5f5-f134-4789-8a21-26892b014ca8,5,2,1
8b974e5f-c2c5-4b56-9b16-41183cf77bd9,5,2,1
60cfa70f-06c6-4b51-b6e9-7299b1df2c23,4,2,4
e0cb8759-2428-4509-8b86-b5588048ef16,2,1,2
10408074-49ec-41a3-a4d2-730ff9dfc605,4,2,1
9026410e-9aa7-4bf8-aafa-8dbd26c94c63,2,2,5
67e9a740-4137-4834-9331-a54929c5e6a9,5,1,1
48243d8e-ab20-4379-b9ba-ba76c4cde2f3,3,1,2
a7adb7e7-e526-49b9-93d5-563f75aa7714,2,2,1
23dc2d73-ff4b-4b6b-b4fb-35380d616e18,2,2,1
