country,loss,accuracy,val_loss,val_accuracy,epoch
brazil,0.4355367720127105,0.8102660775184631,0.7737799286842346,0.5891477465629578,1
brazil,0.3310666084289551,0.8522493839263916,0.7476724982261658,0.6122058033943176,2
brazil,0.2969862818717956,0.8669870495796204,0.7407165765762329,0.6189135909080505,3
brazil,0.2883549630641937,0.8715348243713379,0.7462711930274963,0.6226268410682678,4
brazil,0.2847906053066253,0.8727176189422607,0.7337073683738708,0.6241840124130249,5
brazil,0.2830663025379181,0.8736829161643982,0.7471896409988403,0.6230460405349731,6
brazil,0.2819134891033172,0.8748249411582947,0.7427051067352295,0.6256213784217834,7
brazil,0.2810406982898712,0.874444305896759,0.752048134803772,0.6277175545692444,8
brazil,0.2805438935756683,0.8751784563064575,0.7408000826835632,0.6264598369598389,9
brazil,0.2799530625343323,0.87509685754776,0.7452024221420288,0.6269389986991882,10
brazil,0.2798700928688049,0.8754503726959229,0.753998339176178,0.6282565593719482,11
brazil,0.2792842388153076,0.8759805560112,0.7555612921714783,0.6263999342918396,12
brazil,0.2791571617126465,0.8760281801223755,0.7432191371917725,0.6276576519012451,13
brazil,0.2789869904518127,0.8760349750518799,0.7598397135734558,0.6268191933631897,14
brazil,0.2786750197410583,0.8764428496360779,0.7581619620323181,0.624782919883728,15
brazil,0.2785238325595855,0.876143753528595,0.7466751933097839,0.6277175545692444,16
brazil,0.2784219682216644,0.8764768242835999,0.754356324672699,0.6253219246864319,17
brazil,0.2783369421958923,0.8762456774711609,0.7617985010147095,0.6278373599052429,18
brazil,0.2782472372055053,0.8765652179718018,0.7412157654762268,0.6287357211112976,19
brazil,0.278235375881195,0.8766875863075256,0.7431223392486572,0.6292148232460022,20
