user_id,n_choices
001b18de-e566-4b13-9cf3-33e22e32be2a,2288
002323cc-f7bd-4c3b-b3a7-d909a4b48556,1382
0062701e-ba6f-420c-851c-a54557cad396,600
007fb7f8-afde-4779-8fd9-191083118401,2413
0084be50-21a7-47bd-a21c-e917bb93969c,1011
00adaa11-da32-4ad3-8377-bb6c69bf98c3,246
0179b686-baf9-4b09-a4aa-945877fd51aa,2595
023fbbd3-abfd-435b-96c1-bb581dd8db02,40
02569549-0c63-41aa-ad60-a0a3a21b7ab3,2419
027900b5-068e-4e98-aed9-a874b8dce82e,14
0293919d-fc98-4b97-bd3d-c196d7ff11f9,1545
02dd6c22-d1f0-4c3b-abd3-913b1e884088,2380
02e91bef-d3bd-49af-92cc-6bf77da40492,108
02eaddd5-5250-4bf8-919e-39ddaaa499e6,3060
034e154f-8da8-4299-aec9-aef396f5232b,22
03570cc1-187a-4474-b1b3-e5d731ab0016,45
039cac17-160f-4f8c-a50f-623331319752,2497
03a3e2b6-565e-4c87-9378-1125af7d5358,22
03c4b232-87fa-4367-82af-287384d2351c,1772
0442af35-cd37-4c14-b625-d71eaee0971d,3199
04495bfc-9001-4d5a-9ea0-46b71a99c9f2,34
04602501-c788-4df0-839b-1024fafb7f88,30
0466178a-6444-4b79-ad6b-f523d9263ae1,1804
046e09a3-adfd-4cb9-a49f-aee27b76c12c,2276
049e4da5-c898-4f88-9410-8dbe8750419a,2529
04bd6bf6-10b0-4b94-8c71-3671cae770d1,3008
0515cefa-43fc-4e57-8f87-4e5875fba72c,95
051af5de-f5f3-43e4-aa45-8e3bdcf7c8ef,3529
056a408a-d354-4f8d-b3c7-8363f6f09567,1005
056ee463-1b34-454a-b30f-d194d6d76d63,1323
05a5c4e3-6747-4f04-ace0-ec748a164db1,1671
05c18e6a-e170-41b2-8309-42db74a9c3a6,310
064be15f-1d65-49b2-b53e-ab227db0b53b,10
067e4ae4-dd50-445b-98f3-19b9015b2534,141
067f9378-a4d3-4796-a665-37d256de20f8,1605
06bec5ba-d8dd-4dd7-b26f-4ded570c8e59,2245
0707e00a-599a-4d48-aa6a-30e1818dc20a,37
0717f069-6b0f-47ab-9aa3-b583fe04730f,1217
07302d4e-8bfa-4c2e-a7c7-4d006f940501,2668
074d7be4-e434-4240-8418-038fe86eb549,36
07662e5c-b6d3-42c5-8ed4-34a3fb5509b2,181
076e5d0c-ed36-49d3-876a-82205c85f492,975
076e86a6-9546-46e6-ac8b-2c74ad3be3dd,1959
07ae7972-30ed-4a26-b4ee-7d3fbce5a009,1676
07cfd486-8319-4d81-b9d1-054a23e50bfe,2183
08363ddb-f58f-4aaa-954e-16ba4e93117c,2805
083fb305-e34a-4148-9aa3-31fe67f69e95,1737
0870f598-782c-4fc6-961a-86dc5a83a98c,14
087dc35e-a567-45e6-8112-78ff797ecb3b,15
089903e1-491b-425c-b8ca-b2f82389c5cb,2250
08bd23cd-3134-471d-ba4b-8d5a89e1c8b6,2803
08c7e0fe-c9ab-470a-8753-6ff979865626,427
08cfc958-9c86-4490-8490-6de59285dc72,255
08ec76a4-6b30-4df4-8f20-c0ed94e8ebe4,109
0920f2d5-5482-4e35-871c-2785a3b0b1f4,15
0922328b-974a-4a4a-a755-e0834cd1c87d,1297
0937e574-816e-4384-9487-c50a4c911204,1491
096dd395-2623-4c02-b5ad-12ac8b35023c,1964
097b0e46-0f4f-456e-af66-4621527f0449,200
0980ef58-2a33-4cb3-8037-e37250a54273,36
0a18292c-6e0c-4e8f-8402-c86fd97ad2eb,34
0a2aaac8-e756-4954-8bfe-a3aa2fcd6fe5,2337
0a6ef30e-74a3-4a6d-9f25-871bc8f2c6d5,15
0a750f18-8477-4069-a864-cb7101c97716,1645
0a92582e-9df7-4f18-a6b5-179466766152,2088
0a93644c-7805-4940-87e6-edd40f09ad2f,2107
0ac6f4f1-f240-466c-97a8-8ba317b6a67b,3193
0ad3ae21-9e4d-49ff-a856-89d92bffb629,2323
0b04fe91-2ab3-4ff9-a1db-920ffcae6cf2,472
0b35e8fa-8b33-451a-afcb-31f8504fff0f,2193
0b5afb91-f536-4555-9a11-7ca4a1ba32e0,121
0b7470da-aa56-4d4e-9c67-2fe66d907085,32
0bcbb6f8-3cba-47a2-b447-a32432da5887,2305
0bdfa4e1-9bb9-4134-a248-a1d3856f295d,640
0c021f8b-53bd-4baf-a67f-90cea7f344dd,1177
0c13a89d-93ca-4dfb-9a01-9c816ecff7f6,1645
0c38ce63-c52a-4c9f-a2c9-fc4315a4b7af,3130
0c6f0f73-a26d-49b7-8fb8-c4f048694853,960
0c8641b8-a520-4798-b476-1951cd7431a7,2658
0ccc92e5-92b9-47e1-b47a-a046d4a717c2,2204
0cd37c77-7874-46d2-b5c3-ca1c1b2fed81,12
0cdcc760-83a2-42c4-a272-0e52b0fc0c9d,2049
0cdf91a3-a77c-4245-a28d-114bb5399eaa,286
0cecb9b2-5c13-49df-8443-4da7e5855524,3121
0d1cac73-8e2e-4d63-9dc4-a1d9601ee9e5,2176
0d22a2ff-945a-4e6e-9326-785f7d002655,146
0d2b1400-292c-48ce-9452-27411bc83dec,20
0d343858-95d9-43d5-8e12-814e58861355,213
0d5f48c0-e070-4820-bed0-2121bd604f9b,45
0d7a28d0-c1eb-44e2-a8e0-c4ec8334ef59,1757
0d7cf515-b55f-4c26-a562-5fadc6f62ab5,459
0d87bc12-9839-495e-87b0-37b4b54922a6,3558
0d8be28d-5976-4088-a226-99bd2a0d87af,525
0dd25d90-9264-4a14-930d-685fd88ed9f4,130
0dddb72a-3cd3-48bf-b710-fc4302cac9ee,45
0de92e8e-e4d7-4e9d-8216-672b1bd48d47,2134
0e15503f-5a6b-4ff8-bed0-ca4be17721ea,40
0e21fb82-c453-4a55-a569-33af42fea203,954
0e248924-6108-41e4-b425-32e62721f3eb,1265
0edf6745-ba16-41b6-ad2d-31cef211638c,2666
0f501d15-8dd6-4f1d-a70e-ed445f9cf09b,1581
0f52a195-c7e0-46c2-bc78-3939a03a86d3,30
0f53c2ba-df31-4cb5-8369-3de7ba91fee5,12
0f80d919-fa8a-47a0-b90e-cd5c9e4f7427,444
0fc1aa68-44fe-4f54-9f18-a67597537053,3561
0fd03001-d747-4999-91d7-2a4dc7d14022,482
101ee4f0-de5b-446b-a52f-b87af837e31e,1954
10408074-49ec-41a3-a4d2-730ff9dfc605,183
1092447f-207e-4fa3-b483-b51ab64a6b03,3071
10b4f2fe-2bc9-4b36-bff2-503be20eecaf,98
10baa518-7096-41f6-885e-32dbca299a14,1515
111ff1ba-943a-4601-a86f-21a907ed14a1,11
1121a4d1-519c-46dc-b212-f12db2ef3981,21
118fed35-ddfd-402d-888b-88bb3bffdbd0,1518
11ddd613-66a8-4c2d-a130-127e14483a20,1701
11e1414a-ab49-4387-af71-ce6fe091aa41,2839
12422544-bd45-449d-bfdf-1558927b4683,149
12455d6a-d93b-4796-b339-d140b177ddf4,28
125c1222-490e-4bf7-ba0e-23b109a3c8f0,1650
12649b7c-a062-476c-bbd0-bfbfa00d495c,2554
12996da8-3aca-4560-b503-bf453918f94b,2490
129ffc86-23ea-4a0e-84f9-31ee155b9191,2304
12a84e60-ef9b-4dfb-a18c-ac6e50c5cec5,49
12b4bfc0-e7e2-4749-b72b-91dbab5b00ef,1841
12b4f9c1-13e0-4e31-9e97-d19cbd6e980f,13
12d59abc-4390-4583-81a0-bed090fcb351,859
12facc33-8b44-42f2-acc6-59c463b7e553,70
12ffccc5-3a0b-43cf-9bc9-546ea0f4f61a,1815
1328b8ca-4b8d-4459-a5fd-9a698bb60802,9
135092a9-5358-46b8-bdfb-36bea457a721,53
138f79b2-839b-416f-953f-1b7b83825c8d,1040
13bbd41b-06ab-4dcb-b256-1c15aac1d3ba,38
13d7bfbf-f6d5-4fdc-9929-83be6d3609c8,3017
13e10bcd-8c2a-43f9-a2f5-b9707ea969b6,2424
1442f43a-2591-4244-bc98-931e4fd3169c,2616
1493c4ad-26e3-4dc8-98b6-be438e8c7604,2764
14bfbdc7-8068-4db7-98a7-d2e88bc8da63,2712
14c2d94c-d58b-4335-9515-307a53dcf81d,1926
14cb7e17-1636-4c50-abbf-f0eb9ede0943,2395
150267c7-370a-48a6-ab17-f98053664f3b,2709
151c7e3c-925f-4a09-b838-66464a263fe5,1147
156ff2f8-d985-4a76-8f45-5087b2e2a7c5,35
15785023-a696-422b-b1d7-bbedf6a754b1,2232
15be6313-14d6-4f79-87a3-3ed2478e01ac,1385
161aba10-8be2-41c6-9d93-0565b83a7268,113
167fb1ca-bbf8-438f-8e08-4cdde8a53e33,369
169618db-b4d5-4fd2-8a3b-0796e930e5bb,3744
169aea74-7a54-402a-bb33-c7314886d820,109
16c89435-7a0b-428b-bb15-f0aa5b22549d,2404
16d47b60-507a-42f6-bca2-2eae7fef98f1,23
16f23f56-c6f2-4d82-b45d-2df968d90208,456
16fba126-2955-435c-a53f-38f1ac347af7,200
172e621c-b563-497c-a71f-5428f7ac34da,2673
176d75ce-e3af-4b05-8d29-95bb4ed3f3d8,210
17905a71-06a3-4395-b287-04006773ddd5,3339
17a79872-e56e-472a-a85d-1b2769c3af93,403
17f77f39-22bb-44ba-9581-af2f583f2fc7,3070
18106f4a-db81-4927-8a59-7d79fee631d3,1018
181ee2fb-88b5-4113-bb90-8647aec90568,17
1875a880-91be-4a67-a04d-2fb9ce8e9679,21
188b5347-a6dc-4e46-b839-5819086f6429,39
189e19cf-9562-472f-99f5-85311538a274,1444
18b735a3-a996-4e86-8fa4-f2d0d5b5f9f5,1429
193b36ce-0717-433a-845f-dcc7e8b2b4b6,2736
193c8d34-e355-4ddd-b184-e9e20654fa71,342
19468aad-910c-4407-9350-96870beca7c2,87
197adfc7-fbd4-4214-aacb-1d1b11f86ac6,942
19aeb8d0-1176-4f6b-af21-c8ad74f1ba71,2384
19b5ff72-dc98-41d9-a782-c432d77c6ea3,67
19eb1ac8-8269-4968-a6e4-88aeb4b3fa21,2328
1a071f74-a0f0-4d94-9867-fc4687cf71dc,3295
1a0837d4-bf54-4b37-a09f-b514b16ae1c8,2526
1a38127b-b577-4a8b-a0e5-38010a8dadb9,74
1a4f5cc3-2c71-4d06-89b6-5effe2e9701b,1433
1a7dc683-7893-480e-8a29-d5a758a88437,320
1abe7f79-b2e4-4a13-932b-e54d175d1971,508
1ac64138-a96d-4008-af08-95c9ea497ef3,48
1af52771-9f37-47f9-a8d2-82dd48ba93a7,560
1afeab10-820e-419f-91c7-22ea95a36a99,581
1aff0d15-9280-43c1-a3a1-8c874a49c163,34
1b451722-82c0-4095-9ede-c87174e60f32,1722
1bad6b29-5550-472b-a8cb-28c2be7401c4,3646
1bd2b9c1-77e3-4515-a577-a7f552b74d64,114
1bdf8b87-c4cd-45cf-b408-6e2a700de9af,2198
1cb2931c-ea39-40bb-9178-cca77b461409,19
1d1680be-fe23-4a66-8fa2-86b5fdcf99f1,69
1d351d00-7b1e-4878-8d0c-5cb6af79f248,1767
1dc71f4f-3020-4cc6-b079-1fc14d03078b,279
1df38e1f-9a87-4a85-b353-f320f2774728,61
1e49e7fe-5f89-48ac-bda5-adbae593be62,1682
1e64807e-3213-40df-9986-901548733ce6,43
1e765ffe-853d-419d-9eaa-680124c0a085,18
1e769b32-7f5f-42ef-83b7-bcecdb4a62eb,29
1ec5c67d-a6a5-4a65-a774-6aafee255c3e,2621
1ecba9ad-ccf5-4257-9a7f-b37bdd104584,22
1ed4455e-5922-46d5-8e15-c0b07beda0f9,119
1ee062d0-898f-4278-925a-83c1c9b58016,2076
1f29a4cc-1a5d-47c0-af38-b1650aa8a6e9,46
1f60bd6e-1173-4fce-9db7-9b7a1f65e06a,3531
1f6b7863-aad7-4825-8729-8c8e6ab90346,2453
1f953782-590f-4c0c-9878-af98177b50b4,35
1fc39339-a794-4a6d-be31-7be9fa28d992,2251
1fcd8095-d416-48d7-ac6b-7bea8193f1de,23
1ff0b18b-d785-41d8-b658-2aef5839285f,154
20009ef7-7959-4e1c-b8e7-03debc4cc6d7,134
2018bc75-14b0-4bd3-9d60-e02ecba694b4,56
20548e1a-9b79-4e10-8693-9129bf78b4a1,3224
2082b593-ede6-4d5a-bcdc-bda8dd125a78,310
208ce6a6-da3f-4e39-849f-b08f01d5128e,2734
20bb90fe-5c2d-44bd-b215-38ee2efedee8,1567
20f5923b-49af-456e-9eb5-ac51e8bfa613,328
212b46eb-8198-4607-a5dd-7012beea067e,2800
214971fe-4475-4063-be13-3cf8bb0ccb59,2772
216deb72-9745-4493-a9cf-f603ebd25177,18
217570d4-e3e7-4851-89d4-883067358c67,30
21af0eb3-d9f9-4a2e-997f-cb7fd16b7258,15
21b2788c-9ad2-4225-87bf-617a1c4d5ba4,2216
21d77983-f472-42eb-a11d-b12744dda4fb,10
21e9b5df-bb11-4e48-9f41-c02b241dd6ef,1510
21f7d28f-cb3a-4d39-b53a-71a6d67a5009,2710
21ff1e60-1d8c-450c-892d-06b2aed85692,94
2213a47f-7488-4c7a-bcd8-3eb3e098652c,2044
229a88af-8fae-4d76-930d-45568773e833,2419
229b75d5-075f-4d83-ab18-290ad21bc002,1483
229e6fc9-5352-4ed3-b8da-db13aee404a9,1155
22bdaf20-5a79-4f4c-b7c4-844165a38628,1395
22d9f97d-e5dd-4dfd-a6e0-c93bfbd31568,23
22efd5f6-41fc-4117-93ca-65db1a998678,36
2301d117-d415-43b6-bc12-e86322d42eda,1064
2320cba9-d288-4fed-8b4b-f95174b02bce,1576
23262108-9daa-42eb-b54e-035809e1a90a,2672
2343a221-14d4-436c-a177-f74ed31e7691,3765
236384fc-fb6e-4020-bb9c-00cfa385ccbd,2376
238becd1-c66a-45f6-897a-af2fda969fbb,2614
23a9ab09-f72e-4c0d-afa3-01e4d84fbddd,1360
23dc2d73-ff4b-4b6b-b4fb-35380d616e18,19
24173b92-579a-4c78-804f-0e3b89ea7446,1322
24a241ce-de5b-4454-92e0-383f90e5189c,2820
2520ac0d-d56b-4020-95d0-e99656323ccd,440
25838986-25ab-4caa-a2ab-7ba06f2724c7,2396
2583d324-1bc2-4f8b-b73b-0fc3c0acafef,2717
25d57e14-c9d6-4e71-994b-5dcb44fd6e3f,23
26132878-4b38-48ef-967f-efd1a07f9af7,335
2616c719-a4a2-4d2c-bbb6-7c973fe5e823,3759
2651ae16-2deb-4724-aea5-045f3a915271,276
267769e6-53fd-4135-8f26-22d842a17fe7,12
2686b864-3249-414d-8a7f-3a9a9ba7ff91,260
269c347a-e34a-4067-965b-a4e650d384b2,1892
26dcd458-1674-484d-b6f8-25150c9c384a,171
271c3590-fa00-4bba-a69c-17d7d17230d7,63
2788da19-59bb-4f01-92a9-17beb3f7292e,254
2791971c-488a-4f36-9293-fb8775f538b6,39
279dbc6d-08cf-436d-bc6f-4e37f3edebcd,3021
27ceabd9-0275-44cc-8297-4d45af737b5e,2859
284a88c3-405a-4659-9ac7-9ebf6d2c6972,3495
28910c2e-85b1-4124-a1a1-f915d933d492,1618
28f72dd8-19ba-42c4-a0f1-94321ef8c59c,3281
2934c758-5e2a-45ca-b41f-dcb356285f45,1819
293bde89-5622-4002-afab-0b5bbe15e176,45
293d6c0c-4057-47aa-b3fe-0f0895981da2,925
295984fb-4342-4796-86a4-f312619312ad,1656
298ff72b-4a8a-482b-83b7-184f671e14cb,2947
29e8503b-49a9-4f12-849b-7f2272ddb362,3169
2a0c9113-09ef-44f3-af6b-2df946e47d36,2165
2a5ea8c7-4a81-493f-a949-18a98ed48fdb,2135
2a63c1ad-0229-4da4-8fe8-8607dcf35218,25
2a79b8b6-e884-4c20-ba2f-f71dd9f86767,2355
2ad39aef-2ce1-4f84-ac90-f6c934145c88,2556
2aede9ed-d72e-48d6-8d16-8c058a5838f8,341
2aee21f3-124f-49cc-a4bd-f941f89e2732,3111
2b24f4ae-cc05-4322-afec-1b85e0b34722,2341
2b353f8f-8ea4-46e7-a13d-2f7caf8e7d99,791
2b5aeb19-c50d-478a-93da-3ee64e81b0dc,23
2b7dd418-7263-4c5f-8978-8021e9b3469f,2168
2be80eac-4b91-408b-9ac4-2e8e53786088,25
2bf85102-e637-4b87-a47c-fbb23767fa47,1712
2c0a44a5-655b-49b7-a240-309c332bd642,14
2c1c9180-6a55-47b9-b563-96ce2538bcbc,2656
2c61940e-1a39-4716-9dfe-b194207408fe,2110
2c878438-56e0-47dc-ad64-1385c0506229,41
2c8f03dc-185b-4c5e-b711-4e1bd262bdb7,3217
2cabf6a7-503c-4003-8a6b-68ef5d64c068,59
2cf83465-a22e-4eda-87de-abe875c4b8e8,152
2d2c114e-730f-43a8-a2b5-e6ac661cd941,1538
2d5e0e1a-0f5b-44f2-b7ea-155e41df447f,2503
2d632a18-1121-4849-a25c-98c41ad4b7c7,1942
2d7a3db7-7fef-4840-a18a-331a47a31f1d,1095
2df88510-2478-4d11-bcd3-53c78a7d886c,13
2e0d347d-9c07-4865-919b-cd1716009c39,3038
2e19dca4-f4e6-4372-a1d5-c84c8d19f629,1666
2e1b2188-ff69-4ae6-aae2-df3628b68138,842
2e3d2983-ae61-4efa-b6d7-111995e8e231,2794
2e4916f1-3b31-4678-9432-e8c9f30fc317,19
2e588512-bd94-45f7-82d3-415db49f4efe,569
2f0d51b7-0832-4cdf-8322-2e7bfb3cfc79,24
2f1388e3-6322-423f-a533-7ab65f75b4b9,140
2f16cc5f-f203-4339-b9cd-3bac0730e757,2315
2f37574e-8b09-49e1-9220-45565745ffb5,1246
2f9b45a0-d6e2-4fff-ab55-0770d56d147b,453
2fafd081-e945-42f8-97a2-07128993e981,89
2fc3f578-3939-42a0-802c-a801b4715f7e,1556
30185dc9-f31b-451c-a82e-6e0fc8e7150e,564
3044c748-3dad-4c1c-ad0e-cf3d63a9dd90,88
308ea3a1-cb6e-4df7-9d8a-0aca2eae2166,296
309038cd-3b72-468c-a6c1-cc368fe05d38,2803
3096b130-bc76-4de2-bc5b-da8c7f06873c,369
3097a05a-521c-48fa-8ab4-9b5fbe80493e,3762
30bf071e-ceb0-4d2d-854d-50cc2a1a7c7f,37
30cf2f4f-a9e1-4290-811a-0658b7697848,2589
313c95f3-c486-4d4c-bfbc-aa2c8aba481d,73
314808d1-49fc-4daf-9bcc-05c8dff7e0fe,21
31726c48-a10b-4cd6-a694-0f3e4ab381e1,2557
3173511d-0026-4ec4-bc87-1758178da7e7,287
31762ab2-29b1-4086-9190-ae0e65e0d54c,1172
31772bec-ff21-40f5-a9cd-4ce73be79f2b,269
31b592db-685a-4a84-a1df-0982cd4eab72,27
31e4251f-b233-4ed1-b53b-8871ff8e7b18,165
3221003e-f608-4a25-ad03-8d1cce2620bd,28
32307a38-22e8-4810-9a9f-88727f594428,1807
32387c72-4bae-422f-95a1-8bb46f0038da,1427
324d3151-7805-4d00-945a-316a972eb294,3336
3256031e-957a-4be7-bfd7-3255d2e14074,24
32849221-8598-4d2f-bbe1-d57aaefca293,97
3306430a-e964-475b-8775-c7c1ba735d02,3379
33264053-2d18-4f55-98b9-0a2f7e3eb469,391
338c38be-948e-408d-a719-f9c7cfe46c98,448
33f07309-f23e-4d79-9998-4bceda3b4c06,2817
33fedeb0-ab40-46a3-bea1-00075ca32fbf,80
34402ff1-afe9-4c43-b413-8f7a071dfdba,337
346ac929-db32-4bf5-a9ad-26497273b14e,1871
34b0bfc1-a6ee-44ef-adc9-d625e9bd8f84,70
34e34500-2e89-4df4-95e4-8ff55a1ad6e7,23
34ec6dd1-e364-40ce-a417-97f786a644c2,1955
34f9d271-16d7-465a-bbc3-f97c7f6c9b1c,21
3500e445-e630-4117-bfb4-a358805ffd85,2932
352e39b5-6b45-4516-b950-a0891413951d,49
353a7e89-53b9-4fd1-80eb-3b7650aa7b38,39
3575fa00-8160-487b-84e1-219570159f21,219
3578b398-0f52-453d-8700-0b00f99e0623,45
357eb073-c747-4241-9a2d-3ea491a9918d,2574
358b3522-ed7e-423b-9042-3a84f52170f3,396
35cee4dd-5b59-409a-aaa7-481ec6bcaf7c,2038
35e4c81e-5eaa-472b-b256-f78fedaa1a76,1817
35eadb4c-0af3-491a-aabf-fdc127fd833c,31
36200a2e-15fd-4f2b-9afb-52d409d774df,2101
367ca6cb-2b84-48f2-8831-67186fa4e97e,1953
368ed794-3496-4a94-818f-ae29abd2312f,766
36a109ac-b9a7-4101-9527-355b453271d1,237
36a851bd-e246-43d4-9fcb-11250da3d330,58
36e3e38a-3544-4734-8662-92bc53d8cab0,157
371bba88-fcc5-439d-8d50-ea7591b0f3c1,2154
372cafc2-9e86-4052-b04f-834b93214883,2716
3758a41a-2a49-4d58-8996-cbd6ab8b6414,271
375ae8e0-6847-4877-9d83-253a1239b467,1919
375e746e-0ebb-4248-81a1-9c1525fd342d,2733
378cddda-ec35-4d43-8692-1247d3545fc2,3166
380814e1-5716-4850-b2e9-db55c7e73f3c,2660
380885a8-070b-4038-ae11-92eea345c340,38
38a4a091-9a83-40fe-8937-0eb7f6d350fd,214
38b149dc-1b08-4263-ae4d-3d70c4907260,2233
38b359c3-3331-4e07-8b91-bfe04ad417e4,170
38bb6db8-7995-43e7-8461-2f5749e638d2,76
38df06f2-0460-4482-a552-ce25316ad6ed,1900
38f09e17-225f-4d0f-add2-3a780faa9c0f,270
3919386c-aa12-46d5-96c9-f63273bf6956,2650
392d4772-a3f0-4ea2-808b-4bac3b63f35c,512
3958a5a6-e99a-4332-bd92-412a6f27662f,3617
397213d2-2422-4c91-bd5d-4c41b6e2c91f,3806
39817d5a-2849-4f79-8a9a-4e277401ea0c,2865
398fb4a6-6af7-4ed6-bb37-4a7907376e01,2785
39922eeb-4199-4a0e-8a91-5c4b34c30670,2637
39ce2d24-919b-469e-bba8-58a0c6a7ac0d,55
3a0ceef3-1fa1-4b85-b4a5-0897aca254a1,823
3a7a60cd-29ec-4d59-b236-56d2ba9de7cc,9
3a9109f9-9e00-4442-b92b-3eaf10df8822,1778
3ad2143b-545e-4859-a42d-123a90b18126,35
3b1b7575-3604-46d0-b8c0-629c6dc3e0f3,99
3b2dbc50-add2-40aa-8162-755cb1565bf7,771
3b4df83b-ec38-4af7-8458-cf3cce157c93,2442
3b589ec8-ef60-4eb9-9121-a8a91e548260,355
3b8645ad-a26f-49fb-8408-7ce136085587,3349
3ba6e4e8-a376-42d3-a039-f2b2e7671f42,2008
3bcccd5b-2683-4a12-8399-b2eb6976b09c,2703
3c1fbfc0-c97b-489a-9c15-8448589d93c9,21
3c2cc491-ed8a-43b3-a204-90aac7d6c949,44
3c35df63-02d0-45a7-a350-0ddfc5e9b93c,2261
3cc047d6-5ec9-46b7-a713-3e44024b1f26,1259
3d2ee013-1655-454e-ace0-c0870b4adbe4,2099
3d37026e-214f-4559-885b-f16e3e7eb008,82
3d407479-f739-4f8d-b441-8f8bf6067e75,72
3d4abb71-1350-4010-a609-d0e53e69e2d1,14
3d557e7e-87cd-4d46-9782-457eda069f58,66
3d7f7028-5a1f-4ce2-aa0f-9c5b6d515dc9,30
3d8e2665-4a32-47dd-ae39-00c5c8c37d44,26
3da7f46b-a991-47e3-9e47-8a0d6b72fd05,3449
3dc1617c-c56b-47f4-b489-30fc89cfe1df,1830
3df50bf0-3caa-46db-a775-4612395f9d46,20
3ede66ec-afe4-4570-a2e6-5250774b3c0e,30
3efe2d9e-9b68-4328-bbc4-f8155c490d5e,30
3f3022d5-93cf-4e41-b1e9-d5fd4cc33a10,24
3facd144-a0b3-4b20-9d40-65146b715430,3729
3fb10053-be17-4622-a328-60d5d3bd9693,2175
3fca9972-0ec8-4a7a-83ef-0cea86f60dce,2048
3fe1ec3c-1787-428f-a3fe-d271ea7a68cd,10
40154487-40b9-4644-a878-f0910e080bdb,10
40455095-ffc0-4a2d-8b28-f0ce053ca3c7,2994
40794fa3-7bcf-4201-8242-0cd90b2779ac,2088
40ef81c1-ed28-4beb-8e6c-dfeed8a6dc32,2886
40faf67f-9265-4d61-908b-556902bb3406,408
411c953a-d9d8-41a8-8a30-38f27410f16e,3752
4130fc80-470b-4003-bd60-b3f81b3c4463,2114
413e2274-fe15-4cd8-9924-6b12182f5208,33
4140523a-ee21-4a57-abdb-50d5f135971d,2455
41a0eea5-7c42-4cf5-8845-660e0678ce06,10
41c57f72-728f-456a-af14-e25961c5ee12,1932
41e3bf3a-e792-4521-8d3a-8f974f329345,3781
41f2feb2-1a17-423a-95c8-a5c63696c528,2552
41f49a2e-567d-4c0f-b491-3546662b65b2,22
424b746e-c2cc-4f0e-9058-7935b916c3f1,11
42a40a74-4e3e-4fe5-a305-a6d623f76a3f,91
42d4c2c5-3c88-4b76-b99f-70216d9d7c14,3385
42ee6be6-5ba9-4690-b40f-a5db0e3d2571,2545
43835e22-c5d6-4961-a715-b68db9bf7e4b,138
43c9eaba-aed6-4857-8bca-28537e744db8,1240
44073c4a-fc67-4331-8f1b-735e6adeb90c,15
4491cf54-ec0a-4cc3-8dc1-f11e292dc030,1944
44b86681-72c6-4266-afbd-a1843f5ff429,1571
44c2e3a1-af5d-4792-ad0f-21159aaf8a8e,3063
44f196af-5482-4af6-86d6-f898a35b8f27,3482
452cc24d-6888-43f0-b977-ce13c995840f,1151
454bc570-0679-4273-a985-4aa86a1cf8cc,2261
45821a17-ec69-4159-8b65-260a0efff798,41
45d7947e-2168-41d6-ae2a-fc5da619bf3d,3075
45f0c630-9df4-4f21-9168-8dca32656668,45
45ff98f3-cda8-4825-992a-4e191c14c2e3,474
46116734-6c56-4734-aef2-b97f3c762ab4,2949
46215918-f9fc-4885-87fa-72ad76253af7,1945
4649a0dc-3895-45c0-bf5f-db3fd1992c53,2114
4653f0d2-3de4-4137-831c-883360c42170,466
46d4d1dc-e553-49e5-8b17-ef615594a584,50
46de1209-8ca2-45bd-919e-d5835a9c5a95,1864
46ec2872-40ed-43a0-bf81-09fa31d74a9a,1549
474a4fe1-973e-4aa0-a980-d882c268e0e9,2339
47a3e29d-0adf-4e36-9986-419947029d9f,156
47e1befa-7830-4da4-bd75-7cdfb8575bab,1904
47fcd77a-bf81-4f91-933f-3ba8152c485c,280
480bb466-5a48-4227-82ec-d3f443be1734,2483
48243d8e-ab20-4379-b9ba-ba76c4cde2f3,1279
482b5d2d-19f3-4096-9c7b-a075cf991c5c,1645
48420e07-2774-4422-b22e-b16c8d263ac5,849
48ac6300-ea25-49a4-b3ec-db1cadf26092,2034
48e06432-0653-45ab-b023-e8bb142510c9,33
492443f3-e63a-4588-aff3-8a7ac0ba9b5c,3088
492cf934-9edf-42de-9de2-11cd585e70a6,2018
49450740-6e25-4604-9fe8-23778236f9a3,35
499da591-7e27-4635-bd20-25d2050562b9,416
49d95143-499a-469c-8844-9fe9f53ce58b,21
49f09050-4dac-403a-be98-e4b31447451f,1889
49f690ce-3a41-4d42-ba87-0750005fe5bf,2700
4abf09cb-c348-455e-b21f-5b380446aac9,2698
4b632271-c574-4620-aae0-fa766dd23edc,209
4b78040b-9389-48cb-87b5-5d14c8cd24c4,66
4b8cacf2-bd10-425c-ae56-b4203b2093af,2140
4be38a1a-3423-4266-a1fe-f4bec724617b,2112
4befc0b6-128a-410a-9ec6-7dafa782cc2e,1583
4bf779bc-d075-4ab5-9217-1cef816a2434,78
4c801ffe-f5ae-4c86-94c2-198313de18d3,20
4cc30c19-eade-4a74-b859-fe5603afff74,3263
4ce815b0-e0a9-41ed-a3e0-d2b5abad3b0d,1287
4d315d17-65d4-42f0-a962-26344c2829fd,21
4d4b4d9f-9e21-4e85-bb0c-7a85af6b5fb5,2249
4d4dcc9d-754d-4068-a23b-06aca2f8f4ce,2790
4d6c0a17-f5b5-44a0-af55-da36611bf10e,2557
4d8a1edd-967d-413d-9b65-5dd582dd37c1,66
4dc07528-d33c-42e9-8a0f-8d6c683e13ff,74
4de600f4-8823-46b9-8365-9f840a28cadc,3250
4e619e33-1c6c-488a-85bb-a6333dbcfcbf,411
4ec52ca2-1fdb-48e9-8861-4f8306984c65,2505
4ed1a5a3-f363-44a7-9842-2f646bd1d98d,627
4ed83b8c-9b24-4214-b877-8f000d6bdccc,2190
4ee29123-8c35-4c67-b44a-823def7dacc5,38
4f0f52a2-3517-4228-9c46-fe156d5351dd,2859
4f2c3e20-9650-4903-848b-473913d57bf1,124
4f2e3340-cb39-4bc0-a38f-aba2f8f77d64,403
4f3b9177-6666-42fc-b3c8-e81dd1191bb8,1940
4f4c5dc7-db5e-4fe4-950c-5d07a1a6f02e,38
4f5a55f7-f329-4299-b455-b84b0b424c07,1452
4f7c4cc1-5369-4968-8935-1c96a4bb7072,16
4f88eedc-0a67-4dcc-bbe5-c90ea55abc34,745
4fd61cf8-1a53-4f62-879b-7aabfcf60d37,2912
50a54d18-3b99-41f4-abe3-ebefb7185fed,14
50af9de5-dc34-40fa-809c-574aa6b285c7,2688
5121d028-983d-45b2-9ce5-e528d368ae7e,3077
512d1f4a-2087-4588-bbf4-6e400b7d0f61,2096
5140efe5-0001-44bc-830c-97d532357cec,121
51664cba-48ad-4b3b-97b0-1984a925c120,115
517c5a77-d1bd-4f72-924d-aea8431f97f1,61
51b16b58-4ae5-4fbd-9bd0-3efcde6ebdb9,90
51d362ea-9b13-4d2c-8cca-03ac11cdc859,1160
520d8e17-fe87-4a65-b5a1-b3a872c379ee,2140
522c5e55-9951-408a-91dc-488d05d0961f,92
523ba744-e820-46b7-9e68-50a30843318a,18
52757d0a-0df4-4c09-94b5-74584acc0d84,992
5295318f-07e6-4be6-b013-954c4ab6e0b0,2623
52e784be-9c3e-417d-a708-858ab7a5662c,765
535795ef-8c99-46d3-bf37-153daada498c,29
539ad34d-039e-43fc-a100-6b74ec7da466,2185
539b2141-4d8a-4ff0-890a-beac65df93b7,2747
53a2db6b-51e2-485b-af5d-c5b34ce9820a,2404
53b649f0-6b47-41c6-83bf-cc91db4eb66f,2460
53c15c11-c2c0-4d91-aa19-893a983079ed,77
54144914-1dda-4136-8274-b192925a7a2b,44
54486f93-da86-4403-8dd4-b2682e8e1591,2333
54641eaf-26d5-4b1e-8bcc-826d448bcda3,1478
54b7ea14-b531-4593-ac8e-a5788b1926bf,2972
54c5a466-2afb-4a38-a0f6-188f3b5bc2b9,2328
54e3e1bf-b49a-4daa-bc0b-d578516dc3a5,126
54ef7840-5e50-40d6-b0ab-e6b872106759,26
5533911b-35c9-454b-b791-d61a149376c9,2705
558ec9f2-92fa-4ac5-89ba-fb82f0e9f83d,80
55b9f332-5cc8-4aea-89b7-99a6031ceb13,1190
55c66558-5f7d-4ee8-a31b-f394c2960528,195
562b28a4-bdc1-4f50-9411-d7ff8c838c37,1896
567b3e7c-b67c-44a9-9fda-154e7a3d0aa2,2191
56d7370d-6dad-4ed4-9730-2688d404e63e,277
56ea80d7-6f53-475a-85b5-6acac38155ff,1721
579e2bad-63b8-42f3-9ea1-9eafc43e19a6,261
57abb2ba-cac8-4990-959f-58f75acaf802,2768
57b49a61-1891-460a-a5ae-0aee16c3ab0e,1943
57c3b51d-45d1-45a4-813d-1c30a6b8d447,12
581337b0-c897-4bc0-91be-4fea69ebeea4,43
58241aa5-c271-457f-a46b-a624880ad8e3,1653
5837eed7-c246-4889-a946-be22c928aad9,47
58b81abe-72c5-4098-9869-a3349099e558,2756
58ba8878-feaa-485f-b761-1fa5ffe8e605,3067
58e93b48-af92-4725-b929-dc407d32bc87,30
59221769-bf8c-4a7e-945a-89618743efdb,45
597f346b-eeea-4431-8e1b-57deca448669,2075
5990c1e4-22cb-4cfb-b7c4-c9a8a1a104bf,2055
59b9e265-2ac2-47fa-981a-4f8b3fb7d3a4,1226
59ecef68-7024-47bc-8dc8-d9eea58ac77c,41
5a6dc288-7b69-47fe-a7ca-cdbcb3b30fb2,89
5a79e32d-6936-4e04-86b4-ae2bc72f1e0a,46
5a8585d4-b661-44da-ab6f-fe5a33aa2243,1787
5acf6339-b08c-488b-b8c4-182733647388,987
5b0b8dca-8b20-4ad6-9033-798341cd2683,2239
5b12cb0c-ee0a-4fa5-a63c-7329776b8d20,2442
5b316410-fe9e-410a-b7ac-9bb22d8d1873,2761
5b3bb59e-97df-4383-b7a6-849ef26cbbc1,2889
5b40d295-1d22-4f53-b2ff-eeea91264cb5,31
5b58a9fa-0307-468e-abc3-a912b326dbbe,34
5b96df45-693e-4a3c-87b8-5a0419f0e833,1531
5ba77d90-1d66-4a90-9976-e2f4351a8b99,1553
5bd1081b-abdb-4ea8-86bb-06cf0d3b7777,2002
5bf33bda-4a05-4081-8cb7-18f416d29d65,991
5c123ba4-5a5b-4dac-bd64-ad277b409506,2081
5c1460ca-377c-4684-a1d1-bf4d38d3fad6,3744
5c272d53-9529-4c51-b4aa-7f8ba940a99f,2388
5c600aae-4a04-4d62-980b-400ec60d869b,2438
5c97d4ef-1afd-435b-9aec-967ac626f4e2,82
5cb7ab05-9d93-42b6-bc94-c4e72ee678cb,986
5cb998ea-d4ca-4a1a-8dd1-c75cb6be3d11,851
5cfe06dd-7442-45c5-9820-7f4729576f97,2401
5d4ee4d2-4cfe-4a66-9c45-13fe83d6cbf4,278
5d71c87a-4149-468e-8e42-b6971b04aef3,1722
5d82233a-3634-46d7-8c52-6db9fd90bf7e,125
5d90991d-c411-4c44-be87-8ee00ee61f8b,1017
5d980ae7-2b2f-431c-bfe6-8a595d7b84c1,280
5dd190ec-bdae-4825-99ac-c4f2c9708147,409
5deaeb9c-f0fd-49e6-8e4c-e7c7681bd1d2,46
5ec5b032-7df0-48e1-99c6-86be4bd30b5c,14
5ed350f6-c06f-418f-b3af-cef629ee2514,168
5eee57c1-1034-402f-b32f-1ed2dea2a1da,25
5efa3c3e-5f04-4d3b-820e-e28cc08647af,1826
5f0981b7-0c0f-4169-820a-f50212b0b030,30
5f2ec9e1-9f7a-42a9-89df-654c2870f7a0,2819
5f728ff9-ade9-4ae1-9a33-dd578d924fa6,82
5f911f20-147d-4d3e-b57f-2ec9862d8c5d,410
5fa6734f-0442-4616-b8d3-10deb49e1db6,29
5fb2c8e7-5830-4afb-8bf7-66f3558b9ad6,1658
5fbd301d-b8e5-491a-a073-e5098e173c3d,2309
5fd9944a-8828-4fc6-bb04-807a8632e464,2737
5fee8443-ca3b-49a0-bf8b-df6f20936d56,1844
5ff35ef1-d94e-4d17-a8d4-78024a4c8cb2,2041
6043c717-2dd8-4fcd-b238-7c0ad093ad6d,3298
60916b0c-596c-4205-8524-17788fe7f09b,1161
60b3cd5d-17f5-4e50-9050-d15fb28bfe6f,156
60cfa70f-06c6-4b51-b6e9-7299b1df2c23,40
60d55970-a487-4c81-bd5b-7a2b8e34207c,277
60da66ab-55e4-469a-a3d3-421d989797df,2700
60fbc592-94c0-41f7-b4fc-265372b76f65,3614
613988a4-d557-491a-a1a5-5fa6598d1126,2217
615c1961-ba27-4af2-b561-448f107c69a2,3050
6196a185-d0ef-4df2-b31b-08ccae565ac1,2521
61eefa88-8ec1-470b-b863-f81f97af0423,2073
6222f039-ca49-455d-ba52-3274e4d30b95,3574
6228f806-d0eb-46f9-ba09-6561115d4b6d,193
623d9d05-d095-4a07-9989-c658d4ea1a92,498
6241b3c2-1c5c-429b-b4d9-23f4ecf7bc0a,116
625d563a-befd-4705-b1a8-e6d914f72b9d,2486
628ef2cd-b4bf-44f5-a932-70a9f4e5b316,2504
629c3eeb-d4c8-4e0e-96d4-d12e990b3933,2910
62afdd03-fb4e-4ad8-ad14-3ce1134d0a83,2724
6300bec0-81db-46e8-917f-9a35b10b7fd3,1488
63118e57-b2fd-4606-9ab6-92b4ee2cddcb,205
63330d7e-edec-42dc-8529-672a77d26989,2122
634a8469-aafc-45b8-84fa-b336c3d584bf,2496
63a69bd3-08b9-435c-b2a5-a5228c93ddf0,2373
63c297f7-6fed-49ec-8f44-d389500f508e,2387
63f282bb-013a-45f4-8e35-7f76ebf67799,2461
646c2d37-627b-4db0-822d-f7b4229b5bb4,2036
64f74334-3abd-40bd-a4a1-7593a72b8a9c,10
6508bb36-9e0a-4f58-a254-54e41fd7750f,3169
650b18f0-6193-4a64-b44f-c1238c5f3637,1396
654b04fb-dc9d-4438-8e56-dc39c77f9453,2816
65816954-765b-4624-810c-8408d39b1102,2410
66172ddb-1701-4569-b6ae-9bb0c1858498,2920
6652596a-b604-4963-878b-31fde58adb95,34
665ff482-d3e6-4f70-96be-28f3417c0110,2192
66637f6b-dfdb-473b-a933-6788df734af0,62
66e7fe65-f94a-48d1-b600-a1a6be815828,2582
66ed57a1-472f-47da-8724-37487da1ccd2,725
675e3484-07c7-4d3d-8d97-7836d93fe0f2,1298
67756075-c22f-48f1-861c-c957835359ff,1489
679d1eb0-c464-434a-951b-6b7a521047c5,852
67b4ad68-fda9-4e7d-8840-1c9b7cc5456b,1058
67e9a740-4137-4834-9331-a54929c5e6a9,1720
6812ab35-95b0-4bcc-b2d3-49ae01dc938d,1515
6813958d-ec58-40af-a59e-7b9c21cf34a0,116
68265390-5edb-4def-8317-6c3726e7aa90,2730
684ce07b-d28e-4132-88f7-f973053e0b14,115
687fe68c-8348-4536-9543-1c096a88c3aa,1879
68a6366e-5634-4eb0-8088-275d637e9725,127
68a7b3e8-8529-4b3a-85ce-98bcad28348e,168
693cd1f9-2349-49f5-b55a-62421aaf3b54,41
69489dbd-71a4-4121-9ee4-41b225f83d1a,48
69c6880a-7db2-4528-8fec-4eb8cdcda964,434
69e0c802-96c0-455d-ad22-4cf181616249,21
6a153818-f935-4a69-b42e-8480c3727f8b,47
6a1a2229-30e9-4ed2-aa1d-08ea2b4f8a92,18
6a2b93bb-cf76-492e-adb3-19a29980d96c,2144
6a826d1e-dc76-44c9-8786-4c52be5bc4b3,671
6a863373-5894-4fca-8fad-75af0f728307,3009
6aa0f2ed-b235-4f85-8737-c35fccd96580,2309
6aa70299-19c6-4471-9596-6ffdece8f0d0,573
6aed9e09-5c40-4e03-8312-5174568e20f5,2659
6b991899-8ac8-46cc-b3e3-e639d5e08a6e,417
6ba5a4eb-b6a7-4819-be6c-4a086c7f9154,3399
6bd5f6b4-1ac9-4820-af4b-4f48de80373c,2665
6be23940-d6e0-4372-8557-e0cf54f82119,467
6c06010c-ac2c-4cf7-9f4a-31c1792cd1ce,2339
6c21380d-74e9-45fc-b38a-d7dd6e22911e,1333
6c2943d0-e930-4150-b81b-3466c12e2c6a,2374
6c337f9c-3d22-4db6-ba57-d460437e6afe,10
6c35ea66-bced-42af-8f6c-f06f0df111e7,174
6c39d902-298c-41bc-818b-586d5d4193af,1850
6c53c4dc-00a3-4a6a-9650-cb48d2636c85,25
6c959393-5991-4cd8-b277-3d7bb532ee8a,377
6cb04c95-b375-4add-a19a-afea0a1433f3,3115
6d11f2a7-9f61-4031-8ce9-3cca0bea69b8,1769
6d14c535-00ac-43eb-b93a-a784a22da702,3148
6d30c532-e9b7-483e-95cb-539bfc1090fa,1367
6d5343c3-a833-412f-b018-491b9730b318,16
6db59168-dca7-4d62-8c18-98eea5278733,36
6dc1b996-9bc4-4feb-bea3-adb690139c25,15
6e09e663-2af9-4217-8ca6-acddb63b31e4,718
6e146f8d-709b-47dd-babb-10a32d4ed12b,2660
6e212265-5649-4804-88b6-9d72b1e34fc8,1613
6e3decfe-9576-4a5b-a58c-c91e6004dbbd,2646
6e52387b-107c-48f7-99df-82259f2e5761,40
6eac930d-3a81-4ade-884f-03c760475d53,1844
6eb12125-91ab-47d7-b9ea-fb8feda022e4,1915
6eb52640-499a-44e0-b514-d119d1c03585,312
6f085d5e-1a4c-4fc2-8bbb-234e75aaa1d0,2486
6f126e0c-6253-48d4-9999-9e80f5f4d31c,101
6f163373-81e7-4fed-809c-d5ad0b50233c,293
6f1d140d-70f5-4068-9606-bd9b5266f295,10
6f3b6669-f295-46d7-a322-99b5f0f32691,2283
6f6f22d9-8189-4419-8037-bb1bbe2e6ba9,2652
6f7e3427-6a98-4fb7-96b1-370584a15c49,1065
6f8ceb7d-26a1-4be4-ac0a-753ce933d91e,2823
6f903740-da36-4b2f-9b24-a405841f40fc,2650
6f9da617-8c5d-443b-9bcc-08042f1e5ef7,113
6fefa645-4172-4b0e-a21b-c7ddd6162939,2252
6ffc1db8-e290-4e50-a58b-ec1ec1c6d01f,223
700cbab0-ca75-4c88-9c57-19fa967b7ddc,2594
702f3761-bbfb-47e0-a39e-5c9daf2d47ba,2197
706b44d9-13aa-4ec6-a979-5f4c31cff29f,1054
70aeaf8a-d6ad-4595-b5c6-c5eb402f0535,1187
70b4b398-2193-4415-91c6-8bb9e1aab5f7,2496
710909f5-3c36-4d04-9e02-a6922c36855f,1604
71338bea-3875-4d66-8fbc-a99a3aa90173,56
7162ccc1-8bb4-4048-a2a1-ff861bed1efe,2595
718f0703-f027-4668-b354-208204723242,2345
721fc0d5-fd4b-47d6-847b-69f0f6b49852,2846
7269a8ae-c886-46c3-9dab-42ae06ec49b8,2808
726e604c-14b8-4229-ae71-0f5370fba10e,1581
72866919-20b5-4875-a14a-d9ba5e7adcc1,414
73431c02-18ac-4d3c-ab87-127a66d88256,65
73c21ba6-1f43-4f19-9aa2-56087d24621f,28
73f8268c-1277-4bd9-9378-738567226d04,2696
74003024-5e1d-4c77-acf7-6158de0c51a0,65
7454a8d9-1ecd-4003-9959-2d5253c1b0ef,30
7456a09c-36e5-4cf9-bdca-df5c8e70a82c,308
74670562-3b26-4573-b4ac-906261df2c39,193
746bc8d4-a00c-400b-b0f9-5f4099fad602,2120
7490cb32-18ba-4572-9310-c0c3801438d0,2776
7499b332-892c-4a35-9d5d-fe84776a305f,24
757ac8e7-7e73-40b9-86f3-7384807d9ff9,2880
75f15b04-2669-45bf-b9c1-3da474714e00,1873
764a0247-f12d-457f-a918-135b80718a7c,2348
764e3f0a-d17a-4fa9-a67c-1891d69015ac,2610
7657e628-9adf-4f68-b2ab-7722e3768898,283
76d2d395-47ad-411a-a37a-84169c3ccb60,588
77116184-7b0f-4e54-b32a-c2b269ea6856,2174
776a47ec-bffe-4425-beef-7a6363be07ed,2827
779ebab0-1823-462b-8873-287f223132b2,3809
7847faec-13dd-45f2-9fcf-6fe83e3ba531,527
788f2f39-583c-478f-a771-9b513333c181,73
78b3d1c8-b241-4c4a-9415-98376835d50b,978
78b792bc-179e-4413-916f-e0372e6bf0b8,1967
78f02302-8645-40e2-bc5a-200e1b165c62,1706
790c20e9-7947-4667-8b5f-fa1d480b4c52,92
792e4b78-022f-45f8-b1ad-3c5f819c9b33,78
79444aee-546c-42c5-bce4-5aeed8b60f5c,146
79a33f05-1b5d-46a6-af3a-5767ba8d9820,2254
79c13a89-5bcc-4862-aaeb-daa0f1cd70fa,47
79d2f193-2a87-4894-8f2e-83415e59114b,1639
79ea9a75-82f7-451f-9f7b-2587e15eebed,1714
7a05ed25-929e-4842-82d6-68f6a3fe5849,3001
7a531039-b6d8-436b-98f8-e8830f31856b,593
7a83eb74-a7ed-49f6-bb86-4440855fe685,2984
7aca4dfe-fa7e-4bdc-bcab-e34ac35e5fb8,183
7ade69e3-37f0-4a5b-bbd0-340cad3caaef,3415
7b0071ce-3984-47d7-b365-4e08a639ebd8,1753
7b0c5b92-c21b-4448-9d84-d80195e7d8e8,1745
7b2742f0-1a01-43c9-8120-3804ff46725e,355
7b5aed13-1a98-4e5e-b438-00d1ed1d48e4,1856
7b6895c2-8fe2-46c1-b928-82aebc418157,42
7b72826f-b1a4-42b4-9b1c-e6a55cd46eae,27
7bbe5f07-4bcd-48bb-bea2-2922afc5e10c,438
7c1d8737-afac-4a1a-a7b7-af2adf1d7422,20
7c80c793-ab92-466c-be61-4bcc42a86d6f,2211
7c8cf644-4a09-4f42-a960-0788586ac828,61
7c91c629-43a0-4aa2-b189-8a4978d0afa9,15
7ca5e999-3c47-46fd-8ffc-17fd5ae8f2ae,458
7cad846e-9903-4f6d-906e-2fd9cb0bc838,1498
7cbfb01b-c0f1-40d6-b0cc-c7275ff79ce0,2865
7cf219a0-2c7a-4631-abbb-fee62e437cf9,2401
7cf3b0f5-d13f-4314-93b2-b170c3223fb1,2115
7d43dee3-0e77-4c48-af27-d0c7991af876,2549
7d455ac3-4746-4a54-ad33-67e32afa99be,185
7df72060-aa57-4c1d-bec7-8990861dea0f,2184
7e023473-90df-49f6-8bd0-4a338ff97d35,18
7e035216-e581-453f-8e84-2bde2b774e23,3121
7e11bc9f-3283-4129-898e-c9e85ed50c7f,3137
7e39748a-ccb6-4814-bdc6-c015f58a1afe,2298
7e72416f-daa4-4734-b999-948f2cfaa9c8,1460
7eba0746-520f-44ef-a790-ff766a8a66c8,268
7edcb437-2089-41c6-861e-708e1366937a,2523
7f144ea1-6006-48ec-8b79-18845d3eb751,3190
7f1a5c82-9a33-4e3d-9bff-d5c0dbd12b99,2844
7f698544-99e1-41c2-8305-ae6936f020fa,2312
7f6d2d27-4243-417c-84a1-6765a9cfebbf,2293
7f8a38de-a773-4d40-88de-641bc8919fc1,1004
800360f2-78af-4cb7-b107-00b490c64d7e,18
80410e96-a0f0-45a5-977b-a0efbf4ec846,295
806d6770-b745-4717-9f61-29622a3a66ff,3710
808e6cca-23b7-4ce8-82be-0703cc2c8611,2187
80aa7ae1-a219-40b5-85fb-406f5659e854,2314
80ab0a61-5be6-4baf-9a80-1dacbdc71aba,15
80e61aa1-1d71-48a6-966c-62d8673b7224,2894
818d2332-39cd-492e-a8e8-e2ccfc730829,2941
81ed9299-8289-4da3-8c91-53593ff56f65,286
823196c4-fd19-4c9c-bbfc-126a4bc6282d,124
825c7192-0dcd-4b6c-b51b-5be881091ce9,2377
82c3896b-0d1b-4e06-b1da-a9758b01cd97,1828
82d4b0fa-d01e-4be0-b1e6-7c5b32abd595,2457
832ad9e2-e2fb-4186-9deb-c1d225eba569,2646
832cf41b-3eb8-4511-87b0-4c6ddd930b7f,2144
832f3572-e0c4-4ef7-bcdd-5469556da1fc,2976
83786be7-4e6b-41a3-9304-6c97eebfc811,3503
83f5e023-f2be-4223-9f1f-5fa8faedcfc2,2823
83f82e69-48cc-4b6a-882e-a6633e17a25a,13
845d0d1d-7ace-4a37-8586-fead8531556e,1985
849ff6f7-bda0-4e60-a928-ae4b688d094c,1788
84c22c97-32b8-4a1c-beeb-342ea05cb73c,2326
853e94ee-cdd4-4098-ae35-2f52f9a613ca,2689
85488789-b578-4122-90ed-f3f9841653ca,2741
856eb81b-245e-4447-ab23-184f313dbdf2,494
858610fb-de7e-47f3-b11d-b955cf165149,1936
863c0d6d-2483-4c6e-93fc-33ad69505cbe,54
864977f2-205d-4cb1-a3ad-2341df9796cc,2984
8671dc26-4294-4fef-b6a0-c21ad2f2783a,2551
8672b5b0-ff72-4879-8bf2-fe2390d3ad58,31
86d4030c-cec5-4191-843c-c4e11ba3dc95,1571
86eb7535-eb2e-45e5-bb9e-1c1a317f0e30,45
87229df9-9557-4a90-b0a8-a653bb26fd1a,3619
8759d6fb-5901-46de-8007-7ea6ffdb2c3e,70
87a9cc5e-581e-4901-a62c-f9caa5084821,293
87cc75dc-95d6-4a10-a56c-19537cc1b6c6,3508
883ed508-c44f-44cc-a5a6-8f55eed802d0,2019
885a8790-04ed-4a23-ae67-f2536fc5b7ea,1238
886025b5-02ad-4b82-a879-b8ff1ab0a73f,3112
88724606-8fc9-45db-b71d-62753aae1e37,312
88a64114-4114-4bb5-8a12-eb4206372504,3404
88e63655-274f-4865-bd52-74a8ab6b87b5,2835
8933c1d4-e7c6-454d-b9be-26b261411ce3,2685
894119ec-04a3-4b10-b49d-73a8c2f39139,2164
896e0aeb-d70a-4328-b427-a4617e1418bc,2665
898d9aff-8e38-41e9-a96f-6819f3f5a627,237
899f4978-7eff-45a7-9f24-7d6fee0b1901,36
89c0b288-437d-4f5d-ba08-ec0013f2a848,19
89dbdd99-bceb-49ec-8f52-f80d147f9fa3,1356
89e0d331-0e21-4daa-9844-b8908304967a,129
89e568ba-f8e6-4ef3-b313-b04138aef7e5,2075
89efcc72-8aa4-4ae6-b872-c02404e7c9b9,3422
8a02a373-3657-4a51-b769-730ae1c964bd,17
8a172bab-74c3-4d4f-b5cb-870a3bcd97a9,2585
8a65e0a0-c707-4531-8db2-58f577d58685,33
8a954d57-8f03-4805-a6b5-a3c463c68225,1366
8a9c2af6-5130-4447-a6b0-b30a531314a4,2886
8a9d73d2-42f1-4ffc-ad44-9e02e22eca39,30
8aad6aa4-5400-4d13-93f7-155ff7f1606b,177
8acf047a-7726-403c-895a-06ceeb092822,2464
8b179121-34df-4eea-b88b-01e22c856b86,164
8b974e5f-c2c5-4b56-9b16-41183cf77bd9,205
8bb97ee6-ef5f-49bb-bc23-b36055410144,653
8bbdcbb9-172d-42de-936c-4310e4f2b00d,1907
8bc975ae-a332-4b24-b6ed-6c0ef8132632,45
8c1ac56d-f74f-4f2c-a8a4-fa654028f2a7,2438
8c297152-00fb-44cf-98e5-3e9574b69dbe,2342
8c77c598-85d7-49a6-a5e0-4f4d6fbb90a7,2807
8c8cfbc1-116f-481c-be7a-768ce33839f6,13
8c90e99b-4675-4209-970d-50832e4df7e0,2189
8cd82378-c4f2-4307-bc59-a44873bfdf0a,379
8d1274b6-7e61-42b9-80aa-ee63bdcf9829,3136
8d37b96c-26f1-429e-8563-af53683d0439,3075
8d4046da-7e34-4291-9cde-1c9142af9b99,637
8d5ad028-873e-4a00-918f-c39452e9858f,2373
8d7bab29-884c-49ad-80cf-629b995a73a2,1621
8d83435e-1484-4047-bea1-3621406e510e,42
8d929a3a-9cfd-4cd0-87d8-f144c9851b3b,2059
8de8bd55-db84-4caa-abb0-98032a0f41d4,45
8e0f3e34-18be-4d42-8248-4f4e8c8292a3,566
8e17bf7b-1132-4573-aacb-5734faef4efe,96
8e61bd73-2d30-4f96-ae9f-f7009d207577,10
8e9c4191-376a-4614-8573-770f19afa38f,2038
8e9e514a-5580-42ad-99c3-67e71db193fb,1979
8ea391d3-b90b-42a2-9e30-10f0a0d64d7b,190
8ea7c8bd-cb6b-49f5-8988-babb511342bc,1948
8ec00895-cc31-46c6-8170-270e4e95dc41,3362
8ec188f3-74c9-424b-a348-7fc9e1ea9f00,1291
8f045ba9-6739-45de-9ca4-8bf021075035,3257
8f3fe35d-9823-41fa-a1ba-1f6c4b1b5ad7,40
8fcee58c-374a-4070-9f00-18368b5568c9,371
8fea53f0-1c6e-4253-be88-816834a146ec,1070
9026410e-9aa7-4bf8-aafa-8dbd26c94c63,220
9026cba8-d6a9-40a8-84bd-6d9292c75abd,331
907be609-873a-45d8-b304-f43e98256bfb,3266
909b3981-e0dd-4ea9-b412-4375ab8c79b1,3145
90bb7774-cef9-442a-98e4-6b58d33851ce,169
90c8b29c-8ed6-4464-8852-3a8f13e9ec5d,2178
90e7888e-5831-4617-9bba-2b27ec784f55,747
9118d3b9-5c09-4c3e-a0fc-096cf7fd99d2,1722
913059d6-fdc8-4d39-ba15-69cc437b0be3,1515
9147051f-6825-4951-8a93-0aba7c2d31fd,2543
91af0994-5811-4bb0-9bb6-9f511f3bc77e,1341
91cf01b8-cc88-427a-9b46-29aac5bdf880,15
920f9290-cafd-4a28-b8ce-6c84faa7878f,1873
924919df-0120-4fbc-b770-0b9bc1c01975,1604
9285eacb-b00d-448b-b90f-dffb68b9a597,364
92c18cd7-7ea1-4f97-abfa-fa9cf2a72720,2164
92cbe28f-042b-41d7-80fb-45c7495a5b94,2913
92cd901e-8037-4c71-bef6-f3020e0c1e69,206
936c831a-0055-494d-991c-0aac2ea7662c,1783
93da9070-bcd8-4b2c-8b3f-a1a88f80e190,2151
94192aed-acfd-4c43-95c9-6b741b5be1e3,179
941ce9bb-85f7-4449-820c-dc60a920a20f,378
94248b9e-6b21-4dbf-9b4e-6b183d3dfff6,2494
9425d683-5d04-4c92-8e4d-62c6f5c03405,1595
948bb0b9-4e79-4ab0-8843-1e6f3cc25d4e,2542
948f2fe8-7bda-4d1f-92db-0e2099c8ca64,161
94ca5544-1e16-4ffc-aeb8-37f32c1e1b2e,2011
94f1538f-9cd1-4919-ad96-17064821286d,1795
953016c4-7abd-4723-97f5-a32cdff76081,1950
9546d7d9-310a-4a3c-b696-ac305ed7ce79,494
955316d0-6523-4554-9be5-b0946769ccce,1615
9578b488-bbc0-4a04-bc24-bdd7c1f9bc9b,47
95c13012-f904-4a54-b78d-b22697b32cc3,43
95c3fc73-2e7c-4f00-8d0e-128382e4e596,35
9609d30c-960a-40a2-aa57-6c5938d4556e,2038
96e5de4f-dd12-42a7-a588-ac03bb419811,2830
970c588f-f38a-41e5-ade9-af27da0f5b10,2909
97919539-1f7a-4159-84be-85f51c5610dd,2068
97f652d6-9200-47b5-992f-4b2e2df91e10,2607
97f80e44-1756-499d-83a4-3a6113e91471,253
983098e3-8b88-4da4-b1e2-0f27a0fbf59d,1715
985e0ec0-bab6-4624-87f3-a725c957bac7,34
9890b3cd-8e4a-4764-bcdb-271299fdc060,329
98b6c6cd-69bc-4a23-acb2-5a7f3353bc0a,33
990c6eca-1c92-49e2-af83-eab5806f0c11,21
991a6a7c-6e56-4cb5-ba02-97c3725be396,15
99419a66-f69f-4c7d-a286-a4b53b5e1e32,35
9965b2d3-74a7-42ec-8d2d-b87233520060,2892
9967fd3f-419f-4da7-847e-2eafd21f4dc5,86
999565a8-bcb4-4a21-8df0-dfb5139237b8,2014
999ffadd-115b-48be-85b7-e1cf84f04abb,3731
99a26ea0-22bc-4eb6-bc9b-ddf74b8f35dc,109
99a809ed-a12e-4a0b-9e13-e69c89bb77ec,2473
99c82f09-183d-46d6-93c1-a9d891dc366b,35
99d56230-179e-4ff0-aaa3-03b2649546c2,2831
99db8d47-39b0-45c7-8c60-41d997a77864,2012
99efbee9-a2ec-4f9c-8bff-5b5caddf9785,15
9a788385-44c6-4c38-b3ab-ce6b00891848,2230
9b310a2c-bdd1-4e17-97d3-155f5dda0f9e,2810
9b6a2dd9-d2cd-4fa6-a4f8-3e62b737c7b4,207
9b77cb5e-c492-4ebd-bbac-f80854ae86af,180
9bc14b43-d31a-489d-a8d8-42036ae8726e,2041
9c6d9673-74ea-4f3b-beb4-9369bbb5896b,1739
9c9e913c-47a9-4111-85a9-cec2526fcada,922
9cc7be1a-1374-46c4-8254-7db944d20834,2086
9cdbf1f1-c63b-41b0-bdd8-b5c0d16632b1,2789
9d8273cf-d9a2-4695-a15a-8b7196009743,1693
9df2fd2e-ee69-4091-b358-e87627879df2,2133
9e2c4099-6312-4cc0-9447-3f24c5369e59,2475
9e2c622c-4c50-4505-95aa-1fd6ff3c5bcb,180
9e3f6266-f2df-45df-a1be-f51d3ee8a22a,2440
9e48d529-8148-40d8-b960-3a65f7820af4,808
9e4bbcb0-6c7b-47a3-b5be-c78be57ff4d6,10
9f1f748e-1d00-4530-9b13-81934b968a4b,1753
9f3d323c-b331-461f-b16b-6485adef268a,1564
9f8339a1-8d9f-4c90-b82f-de6167e26535,2420
9faf320d-9de4-48e0-8490-f8621c4c705c,22
9fd0535c-96c0-4875-a45d-07eab4d026e0,2294
9fe50d71-2ab9-4c51-8fb5-4e191d3769ab,3004
9ff1d323-7b58-40d6-9f7e-d7f7f7d97af0,3383
9ff72089-cfd4-40fd-a3cd-9dc6c3ba8c48,618
a00d2262-81b6-481d-8650-6aa2697d5b5a,2506
a083a400-e1b2-4f69-9443-4c1a27ba2046,33
a0a3a489-4b8a-461b-980a-c0dceaaff54a,1171
a0acc55f-fdfe-4993-9893-48274f11c948,1920
a0cfa398-27ec-4d56-b724-cf8b2c1e50ed,229
a0dfeddb-fc45-42b3-8aca-8a19148ca3a3,24
a1451ed6-7e3c-4e21-8ea6-01d38a5ada02,2806
a15e110d-b504-4a94-8234-7307fca65d2d,263
a1653595-b08e-4ad0-927f-8c94f094019a,46
a177f384-be9e-4a91-92ba-bfe4dcad88fd,3264
a188996a-0ef6-49c8-acee-333996fdcd2e,1021
a1ad384f-eb50-4933-b5e2-3aefa967edf7,18
a1bd3a37-abb1-416b-bd65-bd17077eec9c,1595
a21381c1-bc13-4014-93ae-89dd9db9b86f,1159
a21ccccb-2d16-43e6-8c1b-4579f973ec90,152
a4070e11-c9cf-4251-b4b1-0da89157731f,1162
a44220ff-606c-41f3-b0e0-cd0f0910ee64,15
a4d30cdb-533a-430c-9327-f2b26ef19738,541
a4d67a91-3ed0-49df-8980-f1ca1da544d5,1107
a4e61ba9-249c-4793-9bd8-f0f6e0ccf456,2787
a4ea0be3-d5df-4ea2-be93-b89ae3fda11d,2381
a522269a-85cb-4d14-943e-0c3b284610a7,2178
a56d1bc0-020a-4c7d-8723-d9d7a0b77013,39
a664ff56-e303-4ab5-8841-bc950222e75f,2911
a6a497e4-7be8-42f6-bfaf-260e24362d74,33
a6ae6a48-7359-460e-87c3-16baa605056a,3088
a6c0e393-ca2c-4451-b14c-2106b0475d29,113
a6e34700-69c2-4df6-ad87-db325ff47105,454
a725d5e2-3115-4d0b-9565-f125b426f72a,77
a7adb7e7-e526-49b9-93d5-563f75aa7714,2101
a7d07341-2d79-4e44-97bc-d7ba624d990e,99
a822a27d-d63b-41ed-bb00-12680c63494f,70
a8642819-054b-47d3-86e2-5f5e6ef6c921,96
a8c0ebfe-f4ea-4348-a186-d53b73aff611,949
a8c79501-691e-47c5-afb7-46725c9af438,2402
a8db53f7-a83f-4682-811e-b14d91090199,91
a8ec25a4-a56f-4a61-a345-c74107eb95d6,333
a90822c9-61c9-4878-bf83-7644228b1d11,1349
a922b452-70df-4963-95b2-049f20261088,722
a962897b-6dd7-40c9-b043-e4c3d670cf77,1057
a96a3a1a-9ae7-4d6b-aa47-f95645ce6d30,1961
a9aa0531-baf9-475e-8b21-47bb5379b82d,1461
a9f3d544-8a81-4283-84d0-3519d0c80ec6,148
aa02e09d-98d9-41f1-b28e-c8a3f916fdf5,22
aa0d27bf-7acf-4b2c-ba3b-ec032da5e542,3310
aa19fe7c-09da-4651-a0cf-37a58b058cb0,3165
aa3454dc-bdbf-4f09-8612-d3518df58dd5,2734
aa40806b-080b-4f49-b742-c642827e2015,1438
aa53901d-c5ec-4ddd-a735-1e865028bead,2821
aac6d52c-5db8-438d-abbd-723e4338dabf,14
aae445b1-29cb-4a1b-a3cc-4289313079c7,1836
ab683ffb-af1c-4ec1-ac4a-b6866b2622dd,172
ab6a41e6-b8d9-4e51-9fc2-ad0e99808fc9,2120
ab8c0d96-bfe6-4c3d-987d-344f81ff058e,3550
abfb7d61-4c80-485b-8687-18d1e26fb3fa,55
ac119bf2-3cd3-4b65-8c01-8d2145199d18,1889
ac361ea8-8b17-4d40-b032-39876e29f4d3,2332
ac554565-1427-475c-a345-3ce652c74281,1385
ac669e4c-9354-446b-a79d-313bd9a75e3b,453
ac8bfff7-38cc-487b-b514-1f0e7a2e15ed,38
ac9ea843-6480-44d5-a593-bd328ed2ab36,16
ac9f1796-47ef-43ed-98c0-d5913cf7c814,3323
acb0db87-ee80-4a17-95dc-649d21b2a611,2349
ad002295-ea95-4bb6-94e4-903a5676e1df,2078
ad0130ce-11ce-4f7c-946a-2985bf633dd1,1328
ad22df4f-ea39-43d6-b929-e7dd6091dc48,20
ad2e3a18-353b-4cd1-8a5c-36c51a9671b4,1058
ad3fa130-563e-4fed-9519-c3a0163dd59e,35
adbe46ac-2ffd-4df0-bb83-11f91472cb4e,35
adeb4cfb-1e0d-45f1-95c5-f4d97026ea8a,480
adf99763-3cdf-4b58-9a3c-94ae2acec6f2,375
ae0277d3-d8b8-4f97-b7bb-ae6179caf6bf,81
ae1830c6-df68-487d-b645-993fa9ebfb51,23
ae53ecc2-b855-4b94-845b-009f34a591ec,204
ae60ebf3-4f12-4ce3-a2f0-5de89f869fbc,134
ae62d927-7163-4aa4-ab9f-99c4b7b8799d,800
aeb9cbae-3f2a-4f39-bd3a-9a9449ef57ad,158
aeceb232-52fc-464f-810c-503dba99386b,367
aed08820-ed39-40a9-9291-9dd5cfc37d4e,3120
aef2c4c3-027d-43e3-a3cc-31f8340b5c08,2617
af0a0f52-1e59-4d22-a3b2-6cfb737ec5f5,1573
af447c4d-6b88-4128-a826-e94cc1b57f03,381
af47fd70-f15e-4042-9942-cc6a2b79fd99,3159
afc8d13d-2f22-4cb1-b836-975757b98494,632
afce27f0-c21e-40e5-9c9e-a0692f30d1c5,38
afd3e3be-3607-4628-82cf-d58c1cdff1cf,631
affdf86a-cbc2-4ea6-9660-3f0491136206,24
b0361147-aee9-4cba-b910-92fe070f186c,20
b12395df-8f54-4e9a-ae0c-44ccfb6fb168,706
b1380133-31e4-47f5-9979-e6764a3729a8,27
b17d8333-6601-4690-833b-a098f1056d76,1736
b1920ae7-f75b-4a7a-be3a-73db7b352673,2793
b1e29d1e-2787-4649-b06e-8bf716450392,2093
b1e95438-847e-43f0-a196-dae1e8feab54,2659
b2296775-f12a-4a88-b5f6-dd5f4ff1e6c3,1615
b24941d0-5b04-4b49-ab75-9dd962148f25,328
b29baebf-be15-4dc6-a55f-8c8dad3ab6d1,695
b37c1a6a-53d2-4462-9127-88eb0fd8b300,514
b3a5177e-f66b-4c8c-9b07-675fd4150150,2397
b3e288e4-9d95-43e8-b090-d3b8c20a1841,33
b4113fd7-4c01-45c0-9d92-85c0a02e640d,2630
b48881db-334f-4396-91a1-c888166b9cb4,2614
b4b232bb-ac92-4e84-aa4e-542e1f0d5ab5,2238
b4b9c191-4add-4486-9449-f3fa233b2a45,1491
b50a01e3-31b5-49cc-a620-c1ed7ad8e2f5,1251
b50d66f9-fd64-41c3-9e93-ba74a253c634,1891
b50efd6f-6c89-4901-962a-5375a155a020,374
b552930f-7e9d-4bfd-8b06-8c871a2e5cd6,70
b5b9c02e-e39e-4c3c-b766-0427f402c4a6,14
b600affb-8bfe-409e-a288-a848a424857a,358
b692fc38-a2e6-401e-ad4e-2d709a860177,2771
b6b8a9b2-91c5-4ac4-81d8-0f9957b9ef8a,2452
b6d80bc5-1c28-4393-a935-87da302b8933,61
b6dd5105-5f4a-4065-989d-80ca86fdefe8,3007
b702eb97-220a-46cf-9508-b5cb19797235,2945
b7202af0-4840-4307-bc89-43df25926d06,47
b72565b0-a519-4c60-8409-c8585fdfe98c,18
b7323948-9998-430a-9d42-d908785a3782,2235
b79afb2f-a3f7-4ca7-9273-4f7e3ed3d71a,2158
b7cc0ce0-cd18-4f99-9faa-d5a36d8ffa71,2346
b7d4984f-0a04-489a-8f9f-143b6c6c4c07,2756
b7f7f841-2127-409c-a4d6-b4352b8ba2c1,48
b808f022-3928-4771-923e-ae132c1f4dbe,2047
b8516dbc-d0df-4737-9dc8-df68cd805358,1215
b896794d-b00f-46a7-a6ed-7ddecabe5534,88
b89f80dd-409d-4012-b9b2-61ff4c7a668a,1605
b8a8c9b8-13d4-4872-94c7-24fc1c31e357,130
b8d51b66-0ff2-49a7-9a9d-4d4d9930bc35,1969
b9279e15-9474-4194-be6c-edace508f533,10
b977aaef-2e9d-44a3-ad49-cc01ff9ada9e,621
b9d99779-eb25-40c5-a3d9-132d38d8315f,1746
b9e9a75d-6ba7-4aee-8e47-1f138f20f3d8,91
ba1a3318-67e7-4eef-a71c-57e2bb5985f0,2521
ba517aad-edac-4711-8db3-95316c308c66,40
baa1d53a-18bf-423b-a65e-192aae0dc800,71
bad55c21-5652-4ab7-a924-3552f09e8b16,2035
bae84188-d4ba-4b91-bb12-d7c56aadebcf,1588
bb153711-a837-4c87-9fcd-d52854b5a846,30
bb203eba-13e2-4119-9941-da2ac610c944,2710
bb56a1e0-cca4-4172-8e93-a9dbc2b3c1d9,2060
bb772568-75b7-4351-8ac7-93f2af74f4c2,2265
bbab9603-e11d-4022-ab7c-387dcff86870,607
bbad1b47-931b-4803-aeca-045cb797c1ab,93
bc0dba71-d45c-487d-a2b6-7e15b9c25d7b,274
bc80783c-0a33-4f41-8d15-2f2990e59442,787
bc971b9e-86e9-4b29-be0d-35816b73e739,2027
bcb8d34f-6349-4415-a3a6-496d8208becf,11
bd10516c-7648-4d37-a5fc-b18377616db2,37
bd38674f-6c08-4f10-a829-4637c8f87a27,30
bd569240-6c76-4cf8-8a60-44729d874456,1891
bd66aca2-9023-4371-9000-efab0e8197cc,12
bda63742-de52-4399-a13c-dcf880b850df,1813
bdc31d46-fd25-4da0-b704-95b0ba992600,225
be076850-d786-4e7c-a9f0-7656524395b1,2784
be48bf9e-b779-4e87-ade7-608ba4fb99d0,2456
be54a8e6-4dbe-4e68-aa09-4f301299f588,2524
be6e0c76-eb04-4fc7-9a53-af1ec154c82f,34
bec4cd2e-7fb4-4eb1-bf50-aa7b2d73d482,514
bed6cbf1-1457-4ec3-98bd-d2a9bcd04e51,77
bef5af1f-105e-4291-a8a3-fee8d87a216f,20
bf143acf-9de1-4e18-8ee5-a293da855b18,2757
bf4e28c5-a4dd-4ccc-a23f-afd0dcc0e1e7,2973
bf7c6545-6f67-42d8-9a7f-349531fc8c82,2667
bff0b306-390f-44fe-b840-283ca13ad091,1892
c006c5b1-58d1-42ca-b436-80f3a85bf016,2599
c028bd6a-8a67-413f-badc-e9f87c90e69d,76
c03d6b7f-ac48-4687-be4d-f5cc9aa6ea1a,2179
c05f5ac2-d694-4136-8f8d-5a3ab0f6ac83,2382
c070599c-474b-491a-9392-62d4f82a910f,1339
c1015c6c-1228-41f6-a6f9-73c2e7ad06f9,19
c103a323-c4c2-4b43-95b3-5a9767f4e11e,1587
c178d600-47e3-4f36-a2aa-6c3415021141,2400
c1c2ae66-f7da-4fef-95f9-a769245d1210,1547
c1dc46cf-32fc-4d98-b55d-69c5ce9b28c5,353
c1e6485a-6b59-4efb-8214-7c4ed28b258c,2920
c2123323-ddc0-456d-b021-be36fe5c7c33,3169
c2156d7c-6eb8-42aa-8190-45a3cbb6f5a2,2441
c26c2957-6a41-4b19-976f-1427bdb67392,1574
c277c29f-7581-4525-8e55-6d8eec090ba2,2340
c288a797-7585-486b-a825-c11650540cc0,815
c2d9a54f-a0d1-4159-a4ba-66bbfc6b25a8,1967
c34fb997-e70c-4c44-bc06-914e9ebc7834,1397
c369fee4-a5f1-4954-9741-6a0f2e180866,2501
c389c905-5618-4f91-b7bf-4720d7f1ebc0,1393
c3dbe6df-ff88-4a1e-9d83-db23075b424c,1911
c44ba535-feab-4f04-976d-9196ac0d4489,2713
c4640d24-c7b8-4910-888d-e3b2d05098ac,2511
c4675c22-2bc5-4897-bd2b-91cdd4aa2784,1120
c46c0ebb-98e6-4002-92a3-d6aedcf0548a,1876
c47bd4e2-947c-44d4-a182-c5c03ef17bb8,223
c480efc0-7f0b-41ad-b13a-f7a572d87155,1686
c4c03df0-a7aa-49be-9479-4246e5eb8c90,2649
c4eec7ca-8ae4-4136-90d3-6ec919f282e8,3737
c4fc5f7f-f628-4680-8392-d6da29078419,577
c558dbf4-c968-4b8d-9067-6513c43a0845,2614
c55ae975-7ed7-4217-8edc-adc95e038812,2514
c5d0741a-162e-4d93-868d-5a3d5c5c99cb,87
c60c4e9c-d4d2-4262-abe9-1595b0a2708d,94
c611d9f1-9e71-4fbf-80d4-c45601669156,706
c64e27bb-9064-4d92-bf8e-81d248c61a55,1921
c66c0c3b-ba38-4db5-a2f9-0a56c68b9384,729
c688b91d-ed76-45fc-bc74-b7d5d9c5bc03,169
c690610a-6abf-406c-a7f5-6a9447397e77,2089
c6a15567-7d9c-4078-92bf-bf19725f0c55,1158
c6b02f98-881d-4155-9d56-1d68119be1f1,3011
c6d10885-8a31-4cd4-babb-35d1da110f94,36
c6da2fc3-9160-49f8-9d3e-b0b7ee8ce0e1,1203
c6fcafcf-6851-441e-b3ef-b4d15461fe83,2500
c713c733-cfd5-4051-a5cd-dc81a65ed37f,1535
c721c05d-a63e-4603-a471-f66d0883d102,2289
c74d06f7-672e-4657-838f-5d48ee10d5de,3093
c76099f7-4a77-42ac-8505-28255b871714,110
c761b833-3edd-431c-befc-f6df33b24f7d,1806
c76a74fa-8fe3-49cf-aeea-f17ec08a5a5f,2831
c7b1ca2d-e5e2-417a-8411-9e193138e7af,3160
c7fd4859-4ee3-490f-b7cb-9a23605ef39c,12
c88f57e0-0189-4887-92ce-499dea9b410e,1276
c91ac1b3-2eac-4788-ae2a-064e3100e9d3,39
c9791767-1321-4630-bcd2-9dcf2016041c,2627
c98aa8a7-0d88-4680-9571-3c7e6b07658d,268
c9a39559-1676-4a5f-92a7-4e93d61929e1,2084
c9d17861-3e60-4472-8ed4-679af0e6619e,2305
c9dcbb13-8599-4e6a-94bc-3db47906d063,28
c9ecd45f-05f3-43c3-a4de-86215f46cb9f,3161
c9f2169e-a93e-4535-b62c-ef0e0abec14e,84
ca2ebb9b-f8a6-477a-8092-9553916dffaf,713
ca8ac7bb-a24e-49fd-b709-78afaa578a0a,2882
caa96ad8-3389-48ed-b69c-99c1d4a15547,90
cbe2a561-a2b5-4f17-a2f4-2f9ed85a2239,88
cbf1c8ef-d8e4-4b10-b98e-c1459be821c9,2476
cc3a31d7-b90b-43be-aee9-8dcab37d5b8e,3397
cca01399-eb6f-48d2-9dd3-c4112d521224,2643
ccabff40-53d1-415a-8d6a-15a68701927d,21
ccc38009-c891-4cc1-8451-f72fd52fc1c1,601
ccda3423-d9d3-47d8-8945-1fc6c6991feb,2408
cce5824d-b666-46aa-84c0-5f6b5033c65b,1668
cd092357-41e4-4394-b48e-824518a56d2b,48
cd7a764e-f868-4877-8a1c-effcdf4ec3c4,925
cd95b8d0-b0cf-4feb-90ee-0c2e411c73cd,910
cda5a94f-50ba-40b0-8acd-e81bbd79081a,2063
cde3fa66-caa7-4818-9145-a96ad6bc59d7,3502
ce563f84-2a4b-4901-af22-4b1bfa15a3b8,44
ce83fb25-ae09-4c6a-b297-29225561b7d7,27
cecc7232-5f85-4c0d-8907-56d86f86535e,2255
ced75683-dd13-477c-b768-1c55bb9b84dd,3577
cee15687-9c5e-4666-9227-82060d870815,2015
cf240365-a78c-4281-a435-fb46330c67f2,2656
cf27166b-ceca-49ed-8772-9d2b41a6e054,1589
cf2aa506-3cb0-41ff-bc59-3faee0231017,2918
cf4421fa-ba08-4cd6-8b7b-4fb896d859b5,2089
cf47e61f-2347-4c5f-ad30-e2099b9a0615,2454
cfd4b241-2292-4541-86d5-cd375fe70233,1699
cfecf78f-a8cd-49a0-a1ca-216126cd0a61,2318
cff30055-1947-4ded-9703-06ef97102e9a,164
d00c6fb0-efc9-4019-85f1-cc5917a37a35,24
d05e2644-0a1b-4cb9-9ecb-f6222fc115ac,426
d07cd45f-62ee-4604-bdef-6e766993ae15,509
d0b914f3-8f8b-4582-8c09-0528fc26f814,31
d0f4f6da-81d6-4fbe-866b-e4b9bf425752,2554
d100d688-3e90-4052-ae89-0fbca867f3b6,75
d119adc5-d488-4de1-9418-2fd287a689df,706
d1241f30-aa50-4828-8fd9-a2ab3c3f9eb6,1247
d16fbdf2-4618-406d-85f1-057acebce618,2466
d1bbba0a-81f9-4a41-899a-9a1421997d96,1428
d1e08b91-a9b6-407d-a547-09889a0825d6,12
d2337f76-d2b3-4c97-a8ca-c4b8e1e06a9c,10
d26b83a1-2d64-4f83-b8b4-83a4e6004b67,378
d29bc8ab-4b9e-4a15-8b2f-100c441fab65,46
d2ea91b4-ac22-430c-bdb0-0e08260e5ad1,154
d37c22b1-63ed-442b-a755-1a9b8a65423c,2592
d3df4f29-7919-45c0-a1ec-4ab724c31175,2914
d4495fb4-ad8d-4757-a224-ac886d3d2885,1916
d49fe5f5-f134-4789-8a21-26892b014ca8,120
d4a91c7a-a324-4aa8-9c0d-a8295665e33d,1539
d4b2b4cb-4969-437d-8aa0-3d54d3ba91b2,2372
d4d1cf63-ed31-405c-9268-ef4c9cffda36,110
d4e91984-bf2e-466d-a695-5c8247988467,1420
d5badacb-33f1-440d-974d-5326e82216f6,3364
d5d2fadd-7434-4f92-bc12-61ff586f7e95,1385
d5e10eae-83fa-40ec-a891-8680700000d0,24
d5e59caf-8211-44a6-a120-d27bb953d979,1203
d5ec50f0-6f51-43cd-896f-976c274e4844,2758
d5faca0b-790c-44b0-9286-44bba0f5f5d5,2902
d604912a-d8d2-4b4c-b4fc-40d4c205dd9f,2258
d62f09f8-819e-4677-a162-5175b7b47f35,226
d67e4a5c-1162-43fe-8274-a90e2eca08c4,1072
d689d2de-1748-4e7b-bdea-636576ce0149,21
d69d5335-ccc8-42e5-9fa7-8acf481a81e9,1841
d6e0de12-7458-4dd0-8108-8c1a2b384590,2320
d77e2e63-d15d-4149-bd49-d681e7c7d889,2544
d7e2f61d-4d24-4c3c-b900-de88168ca07b,3053
d8076b70-da9b-4455-bc50-07697c700db4,1972
d834e951-0b04-4150-8b7b-8854a7e4313d,162
d842da13-d8e5-4a7d-9294-da8b703414c7,1774
d8566fdb-a6e7-4511-a20c-001c173f75ce,2249
d8bdbd1e-10b6-4a03-a90c-b5088bb8597a,742
d8e2b03e-b861-4483-89a6-c7b8df172c0e,14
d9e78a2e-0be5-4ea7-b272-a7ab4182d7f5,2848
da07df2c-6c04-4a8d-8b53-5b4ad3b8ad6c,238
da0ec14b-fc0b-44de-8e24-a5343c1c6b87,3211
da2280d3-5633-475e-8e3f-5215ff2dc07a,30
da39eca9-b7a7-4586-800c-a37de001629c,2704
da50c57c-44f1-49a0-89de-51ac001c80de,69
db005efb-4f1e-4f0e-9b14-100e10824885,2578
db08890d-f67d-4c2a-9ce1-c3728c7340b6,1411
db10bbde-d7f8-4472-9d0d-f5a1e1a4c74f,39
db369e29-81c8-46d4-877b-2d87482ba6be,2657
db5553fd-29b3-4526-8652-9b1f92fe6180,10
db5bf2b6-02bc-4de7-bd87-9a8bc7a0c431,72
db8df254-a301-4549-802b-a066fc6fed09,154
db959446-b5b9-437e-b198-d67f9b626f88,119
dba9f282-76eb-443b-8b86-511d3aabde60,893
dc450273-ecd5-4469-ba91-c7153ac86ab2,47
dc7d80f9-6c98-4757-8958-02e6e121de35,3335
dc8b5f07-c87d-4920-b489-9261d0479b7c,104
dcd4795c-9855-4c8b-b9e3-3d6477e73d01,780
dd1629b6-e583-4abe-a2b6-6bf456316c00,1548
dd16c582-7721-4958-85d8-9baa14242b41,1016
dd1d563a-5c09-4f4c-afa4-7d8970c7742c,1199
dd405490-b41f-45fa-919a-b996c316e2d1,2434
dd833416-2802-4f5d-8146-f698eb8d17e3,2769
dd879c0e-c65a-43b1-ac71-8938d6674444,2187
dd9e976e-0c06-4616-b5b8-8f8ec5bdecb8,1840
ddcb8f48-01ca-474b-952b-9e3c90fe387f,2483
ddcb985e-5adf-4675-82e2-c34a1ba693aa,469
ddf71865-167e-4b38-a5d7-f235d4ee5683,15
de5d38a5-9060-49d5-bd42-96dff5bff1a4,2205
deb35bca-a82f-4fd2-a06b-704959658bc2,919
df68a5e8-c334-4d80-b202-e7b9c04de228,195
df88fb32-a48a-4041-a357-255ac03eb89f,508
dfca41ad-0d9c-48a4-8dab-ec59c5337fad,201
e02eae89-87c0-412c-b181-2000d4a89a94,30
e0a8c20a-3629-4fcd-861e-aaa0e761722d,99
e0cb3fa3-3a97-4ee1-8eff-4c6805c0750a,2413
e0cb8759-2428-4509-8b86-b5588048ef16,182
e0fbe1ae-7095-40b3-ac78-debcb5b13add,1793
e12d2601-ad1e-4ae7-9411-b492dafe9a6d,3010
e1813136-2d1b-49f6-84d8-7b759af07556,2761
e1a1725b-f7e6-46e3-9113-009c912b28ab,576
e1a533a8-fd2a-474c-bbc1-84606480e1bf,2330
e1ab3e50-002e-46a9-874c-d0ca7ebc2dd2,2645
e21eea1b-8b17-44bc-bcf5-1db6f7e37712,2635
e22edcc3-5d47-4e55-93ea-c4fe02a79113,632
e243eea9-1f3b-44e4-b2af-34ba2c535e2b,1908
e25eec8c-1e3f-4945-a660-03d332533846,3474
e2aaa6ef-cf78-401c-98dd-8f15ef53213a,237
e2b9cb46-45e4-4a93-b338-8fd257ea27bd,2777
e2be583f-6b8e-4013-8e30-3a824eda53f0,41
e2d57d0f-7196-4896-8c27-3fa95ce07784,66
e33680ec-9fd2-43e3-a98d-d615d9229d7f,2643
e33d2bda-5789-4495-8642-faf1e3ce9123,2931
e35e5d8a-b4ef-48cb-b208-73e8e1b91b7e,64
e38838a1-d51b-42f0-a27d-175d9e869a77,3103
e3dd2e41-4126-4093-bcec-92f5ad5a3cf7,47
e3e55b57-ec46-4746-a117-abc63828372d,274
e47b00aa-0e7f-4110-aa27-d1f96815ea8c,72
e47f2ebd-6844-430a-83c8-36b2e33f1aab,48
e49a1095-7300-4a74-810b-b7dc9a8b95e3,2765
e49c40e1-2a2a-4b68-b6c3-54ecaf7c7b67,1641
e527fec9-caf2-488f-b85f-6dd25d728bd0,1998
e59af0ee-67bc-4926-8d6d-d9048e51e613,2779
e5a3a4de-c9a3-4166-836b-0eea5a9afaf5,25
e5db20f0-0bc8-493e-85da-dfadf9e41421,3545
e5faf165-d5fe-46ce-a1b4-3c4d139c7f35,1893
e6027f72-0fde-48c3-8b71-97707069f738,1487
e61b3714-bf51-4894-b329-66c17009b9c4,1877
e639dc43-5435-40a5-b8aa-6da0b9614f00,67
e6812ba0-8e91-4328-b387-0ce6cdbd00b3,2429
e686085c-dcd4-4fe9-a9e5-a413e259d519,2744
e6bb6390-3afa-40ae-846e-4f261201bca7,3318
e6e38417-5238-4707-9601-d0f0d896a36e,2353
e7367086-645d-497b-8c6e-04922a71aa0f,2493
e78184a8-36ad-4d02-b1a4-302187826fd6,103
e7921eca-da52-408c-b643-1eaf80e01ad5,1485
e7d3bea5-0a89-4572-84d0-576ec93cb5f5,2431
e7f78e38-8b81-4d16-bfad-9edff83aa279,3074
e80a5ec1-ffc2-4b41-aaa3-4cf24194dc90,1643
e830a5a0-62a3-46fe-bb71-89f191ce5638,807
e864434e-353a-44df-ab10-f298d41b200f,250
e8a28c2a-bf2d-4496-85ea-f34dc534e776,2290
e8cfd402-e838-493d-842e-66fa5886b9ca,2216
e9001e65-7aa1-468d-a7c6-dca4ad023e59,41
e93c4c4d-59f0-49a8-8290-8b90216435e8,268
e94eda18-1160-494e-979e-3a2f3823bf13,681
e993f137-8da2-411f-8543-0c7ac4fd708e,2707
e9991acd-bb88-4ff0-b881-c82a62bfe4df,620
e9c75d60-9370-4ba2-968d-1d0f60fb114e,2442
e9d082b5-8776-4306-8c1d-50e58545b1b1,2802
e9e436d8-b003-4ffd-8554-3103845ebc94,2432
ea543d92-8abe-4732-a85d-695524445512,3041
ea583384-c2ff-494b-9c62-91e31af357ad,1502
ea59a915-41f7-4a9c-b7fe-3849d409129b,1239
eab372bb-8135-44ae-8761-70f59ce81733,137
eb0ce96d-c17a-457b-80f9-60bae09de066,3228
ebd79b59-6a02-4e8f-b544-2368f03c7cee,42
ebfc58a0-0415-48bd-9dc2-39ed057639af,28
ec40aa73-c25f-4154-af2a-05e8b71b016e,1688
ec4cf724-eecf-4941-a69d-7cacb0ce162a,723
ec86a40f-a433-433e-a5f1-ad95838714f8,2540
ecabbbe1-0ded-48f7-ad67-2872a2aa792b,34
ecea6316-cd6d-4bc6-9d15-41bb0f93bd51,140
ed5473f3-f8df-4bb5-a246-83c71261f5b2,528
eda339c4-a1af-4498-b209-1ba98ce13e90,281
edf5f5e5-a55c-48fa-8e52-0bcfb4fd026d,2431
ee1a95fe-d562-40f1-bd22-1ec80f769dbc,1252
ee7bb877-5cb4-42bc-9749-8b3ff0b41116,3375
eecf97d8-cf89-432a-99e2-27958b9933fe,31
ef3cf105-d4bd-4d51-b163-89c95f9f85dc,2662
ef844554-11cb-4c5e-a36f-76b732bad425,19
f019ede9-06b8-4e23-8bdf-43cebbd1e578,24
f02272fd-4808-4ef1-ac9d-696c62ae507a,362
f07f285e-8241-48ca-b7b8-8df473f8c651,51
f07f5619-1b18-4010-8374-e9db9b11ff55,671
f0ec4ada-e75b-4766-ab42-85f49dc0bb0b,1453
f15e6f7c-44e7-4c5d-a53a-e8eb98ffcd47,3520
f1663739-ef04-4776-aeb6-efe4682eaa8f,50
f19bbfba-0109-4691-ad96-61d0dd88c868,3330
f1a3b4b6-0371-4b87-91d8-94c349b85dbb,75
f1eeb33e-03d1-4b67-a467-37020ea01799,133
f1fb188f-0180-476c-90ff-5885f255fae4,3220
f20ca042-4e47-47fc-bc9a-0fd126331c91,1934
f25336b8-f974-49fa-9419-00d921caad46,2044
f26fb90e-8ad0-48e6-b08a-af36bdf4a470,42
f27bb8de-0c0a-43b3-a9b8-904dd7225af0,2124
f2816c2c-3f63-4b46-8bd8-88d7ec8ac581,444
f29afcbb-ffff-459f-8817-c3a6743a613b,2229
f29fbed7-0ec7-41ce-8eb2-165017f18f86,1851
f2b29417-19e4-41ff-9688-dda220662360,104
f2dfbf0e-47ba-4c62-8ddd-356852062386,1789
f2e94928-8e76-476f-ba15-26d4b7a14842,2488
f2efe118-5a25-4c16-880c-c9257c3e0c43,1358
f2f8dc19-1d98-45ba-80b1-b50c97759e2a,31
f35efe73-7729-44d9-954d-51999c373dde,30
f365b36c-6722-4c2b-a935-9b398e24f4be,2282
f3cbcc62-1acf-4196-96ea-8a06cf42b38c,33
f3d45e3a-0e16-4f00-a00e-abcc5952af38,1150
f40886df-dc59-47cb-8cfb-1ae1310bb3d4,2391
f43cd48a-cbe4-4ae4-9bcd-e82db460c63a,3158
f47145e7-1772-4f56-be8b-c67d4c54ffd4,1868
f49a144d-3e36-4776-a2b0-cf51b8b74ca9,36
f4a1f40a-55eb-465b-b1a9-6b03207b85ab,469
f4a7c49e-6e63-4982-ade1-4cc7b70fb6af,3554
f4b7f121-3315-460a-ae0f-dc5a8a6dc9f0,286
f4dc94f3-61fa-4434-952b-f08247cc72e9,1628
f50fc947-606e-4e46-95ac-e000354f389d,2514
f5121d63-c914-4265-bc57-a5a2c5735f9e,1974
f54dc50e-2f65-4b10-8d84-ff15fdcf7129,42
f557b1ec-cadf-4c27-8482-3ff56280d86e,2304
f560ee1b-fadb-4a10-8441-2ba7fa5c3e01,3084
f57b1f4a-bc59-4410-98b1-ae586b3f73f6,42
f582ddd3-6b20-442d-9808-529d378e3d62,3012
f586f2ff-4d45-42ab-bc46-b32f85739b6a,245
f5abd3b9-33bb-4cf7-b70f-f2999a674652,422
f5b6a911-618b-4f5f-a140-df87094e13b7,284
f5c0635e-0d7f-4adc-94d3-ed56c3aed422,524
f5e5dda4-c3db-43a0-84d7-f3215ad4f205,1109
f5fb1879-4c55-47a0-8309-ae18c2573264,2115
f6109faa-99a2-4bcc-8fbb-403ff62f097d,1956
f6f8d66d-43da-4cc8-91db-1cf51375b016,1730
f7215a3e-997b-448a-af79-b8a06f43f041,2535
f7663395-43f9-4d0c-8c16-46496b89ebd7,657
f8800805-134f-489b-88c7-e91dcd45f865,1792
f8ff41f9-ef62-4d71-9874-1451af644779,236
f9553cf2-757f-49eb-804a-1793e4804e2f,23
f976f3cf-16cc-4005-838b-6bdc6cb88e73,2514
f9cb330c-9a75-43e0-b7db-9573fe1c8ae0,2124
fa1eb281-685d-419f-96e8-e12d1a98c32d,12
fa218347-dc4d-45bb-b749-556606fe1f16,14
fa2430de-870f-4205-95d8-2e2b2bb6b254,1420
fa53a5c7-b170-4575-b529-1935b3186ee0,1630
fa98d7bb-0c36-470e-84fe-7666ddb2ba91,2947
fa9a7adf-119e-4425-8d79-39a94a10b827,164
fae6bc3b-1aaa-476e-bd47-39b7e0df31e8,2121
fb4ab829-b326-4796-a048-70ea292e7cac,1652
fb674097-69de-4d2d-adb7-54becbe38fc1,566
fb77885c-b619-4c71-8164-9636d589e01a,2503
fb79340b-ef07-40a7-a8c6-9cdf10c9fb2f,2924
fbbb8dd4-2276-4cc8-88a5-1413310740ef,2570
fbd95a9a-2d87-425c-a4af-a725de184e55,1614
fcdd2240-eac7-4e89-b901-727ea9e87de4,2331
fd1f55fe-b4ed-4a72-8073-a27f11a4eec0,2946
fd2a218d-6674-4531-9d15-535246b403d9,980
fd592402-8f98-47f2-aec0-10df541367b5,2656
fd769f3d-0261-4578-9a42-dfeae891e6a5,1626
fd9982c0-7ab8-4f3e-9887-1fa23714695f,3461
fdadc0df-f980-45e7-8a52-a8b2990467b0,3631
fdb0d245-0100-427a-97b9-4b6b1a3f2b27,2080
fdcd383e-462d-4ef5-9b57-08f5783e3885,150
fddc76da-2a6b-4205-afcc-f6caafe799c6,2371
fddcf736-9001-4c00-89c9-d99812e097c7,1414
fdf4f4ad-3004-46cd-ba0b-5733a17daa33,2735
fe66fb5c-2664-463a-8903-9762a436ba37,2655
fe763a1c-9eed-42aa-a345-3ca949057b1d,18
fe954d5e-955e-4ca9-9cb1-6e4049d5a3ac,1197
fe9b2f60-3af4-4288-b3ef-ce229f2a4c53,3105
fecf3440-84f3-4bcb-b2c4-f6c939d80ec7,2457
fedfc0aa-8c07-4485-be7c-b444128c2ee4,137
fee0b44f-2122-4067-bf1d-ebe3320aed73,416
fefc6148-c16d-482c-a140-9594bc57a245,1863
ff332300-7340-44c6-a779-83ac1dc7b7f0,110
ff53f691-1512-46d4-b81d-15e0ff28ca8d,452
ff6f2650-d569-46e0-8ff2-2530cb6cd57d,15
ff7ee3e1-a916-4f4c-bc12-f3c9fc293e4c,1934
ff8b80f1-5ca1-4bf6-9dd5-f2c14047f507,42
ffa399ff-667e-4fe0-884a-ae2f13cb028c,3684
