Epoch,Country,Training Accuracy,Validation Accuracy,Training Loss,Validation Loss
1,Chile,0.6650722622871399,0.6648055911064148,0.610235869884491,0.6111137270927429
2,Chile,0.6846409440040588,0.6803125143051147,0.5894948244094849,0.5970379710197449
3,Chile,0.7005701065063477,0.6862298846244812,0.5716267228126526,0.589006245136261
4,Chile,0.7074136137962341,0.6893525123596191,0.5627980828285217,0.5843720436096191
5,Chile,0.7102553844451904,0.689268171787262,0.5588533282279968,0.5842086672782898
6,Chile,0.7120112180709839,0.6897865533828735,0.5566738843917847,0.5830439329147339
7,Chile,0.7129598259925842,0.6891776323318481,0.5555570125579834,0.5860629677772522
8,Chile,0.7133749127388,0.688946545124054,0.5550123453140259,0.5858796238899231
9,Chile,0.7135292291641235,0.6877162456512451,0.5548304915428162,0.5901951193809509
10,Chile,0.7136096358299255,0.6874539256095886,0.5548122525215149,0.5887801647186279
11,Chile,0.7135016918182373,0.6865296363830566,0.5548827052116394,0.5900545120239258
12,Chile,0.713367760181427,0.685314953327179,0.5551120042800903,0.5886399149894714
13,Chile,0.7131560444831848,0.6851869225502014,0.5553202033042908,0.591198205947876
14,Chile,0.7131839990615845,0.6838410496711731,0.5555609464645386,0.5915911197662354
15,Chile,0.7127281427383423,0.6836912035942078,0.5558549761772156,0.5917670130729675
16,Chile,0.7124836444854736,0.6821486353874207,0.5561226010322571,0.5948520302772522
17,Chile,0.712367057800293,0.6821767091751099,0.5563574433326721,0.5951687693595886
18,Chile,0.7120187282562256,0.6816302537918091,0.5564925074577332,0.595387876033783
19,Chile,0.7118330597877502,0.6810275912284851,0.5565671324729919,0.5953781604766846
20,Chile,0.711607038974762,0.6809870004653931,0.5566016435623169,0.5949794054031372
1,France,0.867680013179779,0.6216859817504883,0.3059307932853699,0.75813227891922
2,France,0.8827480673789978,0.62566077709198,0.269855797290802,0.7689931988716125
3,France,0.8838463425636292,0.6269522309303284,0.2678157687187195,0.7643372416496277
4,France,0.8840598464012146,0.6290878653526306,0.2672365307807922,0.7789014577865601
5,France,0.8842452764511108,0.6287562251091003,0.2671196162700653,0.7606872320175171
6,France,0.8841758370399475,0.6279572248458862,0.2672284543514251,0.7572720646858215
7,France,0.8843007683753967,0.6285401582717896,0.2673801481723785,0.7655544281005859
8,France,0.8841864466667175,0.6283541917800903,0.2675541639328003,0.7496305704116821
9,France,0.8841292858123779,0.6279522180557251,0.2675794661045074,0.7584638595581055
10,France,0.8840239644050598,0.6281331181526184,0.2677498757839203,0.7700513601303101
11,France,0.8840290307998657,0.6276205778121948,0.267864465713501,0.7774950265884399
12,France,0.8839410543441772,0.6284748315811157,0.2680294811725616,0.776979386806488
13,France,0.8837757110595703,0.6280326247215271,0.2681498527526855,0.7810024619102478
14,France,0.8838827610015869,0.6288265585899353,0.2682833075523376,0.7688641548156738
15,France,0.8837628364562988,0.6272737979888916,0.2683822512626648,0.7742806077003479
16,France,0.8837135434150696,0.6281632781028748,0.2684957087039947,0.7710083723068237
17,France,0.8837774395942688,0.6279823780059814,0.2686054408550262,0.7729026675224304
18,France,0.8837572336196899,0.6272084712982178,0.2686757445335388,0.7695557475090027
19,France,0.8836474418640137,0.6274044513702393,0.2687607705593109,0.7762115597724915
20,France,0.883665919303894,0.6270426511764526,0.2688626945018768,0.7610748410224915
1,Brazil,0.8102660775184631,0.5891477465629578,0.4355367720127105,0.7737799286842346
2,Brazil,0.8522493839263916,0.6122058033943176,0.3310666084289551,0.7476724982261658
3,Brazil,0.8669870495796204,0.6189135909080505,0.2969862818717956,0.7407165765762329
4,Brazil,0.8715348243713379,0.6226268410682678,0.2883549630641937,0.7462711930274963
5,Brazil,0.8727176189422607,0.6241840124130249,0.2847906053066253,0.7337073683738708
6,Brazil,0.8736829161643982,0.6230460405349731,0.2830663025379181,0.7471896409988403
7,Brazil,0.8748249411582947,0.6256213784217834,0.2819134891033172,0.7427051067352295
8,Brazil,0.874444305896759,0.6277175545692444,0.2810406982898712,0.752048134803772
9,Brazil,0.8751784563064575,0.6264598369598389,0.2805438935756683,0.7408000826835632
10,Brazil,0.87509685754776,0.6269389986991882,0.2799530625343323,0.7452024221420288
11,Brazil,0.8754503726959229,0.6282565593719482,0.2798700928688049,0.753998339176178
12,Brazil,0.8759805560112,0.6263999342918396,0.2792842388153076,0.7555612921714783
13,Brazil,0.8760281801223755,0.6276576519012451,0.2791571617126465,0.7432191371917725
14,Brazil,0.8760349750518799,0.6268191933631897,0.2789869904518127,0.7598397135734558
15,Brazil,0.8764428496360779,0.624782919883728,0.2786750197410583,0.7581619620323181
16,Brazil,0.876143753528595,0.6277175545692444,0.2785238325595855,0.7466751933097839
17,Brazil,0.8764768242835999,0.6253219246864319,0.2784219682216644,0.754356324672699
18,Brazil,0.8762456774711609,0.6278373599052429,0.2783369421958923,0.7617985010147095
19,Brazil,0.8765652179718018,0.6287357211112976,0.2782472372055053,0.7412157654762268
20,Brazil,0.8766875863075256,0.6292148232460022,0.278235375881195,0.7431223392486572
