id,spanish_label,spanish_proposal_wording,english_label
6,Agua,Desprivatización del Agua,Water
8,Narcotráfico,Lucha contra el Narcotráfico,Drug Trafficking
18,IVA medicamentos,Reducción IVA a los Medicamentos,Medication VAT
21,Dieta Parlamentaria,Reducción Dieta Parlamentaria,Parliamentary Salary
23,Nueva Constitución,Nueva Constitución para Chile,New Constitution
34,Reducción Parlamento,Reducción Número de Parlamentarios,Parliament Reduction
37,Asamblea Constituyente,Asamblea Constituyente,Constituent Assembly
39,Adulto Mayor,Red de Cuidado Adulto Mayor,Older Adult Care
40,Pueblos Originarios,Reivindicación y Apoyo de Pueblos Originarios,Indigenous Peoples
41,Litio Estatal,Estatización del Litio,State-owned Lithium
45,Contribuciones,Reducción Contribuciones de Adultos Mayores Vulnerables,Tax relief for vulnerable older adults
57,Derechos Humanos,Investigación Judicial de Violaciones Recientes a los Derechos Humanos,Human Rights
60,Educación Técnico Profesional,Mejorar Educación Técnico Profesional,Technical and Vocational Education
64,Enfermedades Catastróficas,Creación del Seguro de Enfermedades Catastróficas,Catastrophic Illnesses
65,Fonasa Farmacia,Ampliación Convenio Fonasa con Farmacias,Fonasa Pharmacy
74,40 Horas,Reducción de Jornada Laboral a 40 horas,40 hours
78,Sistema Electoral,Eliminación de elección de parlamentarios por arrastre,Electoral System
85,Progresividad de Impuestos,Aumentar progresividad de impuestos (más impuestos a Súper Ricos),Tax Progressivity
87,Sueldo Mínimo,Aumentar el Sueldo Mínimo,Minimum Wage
88,Plebiscitos Nacionales,Habilitar plebiscitos nacionales.,National Plebiscites
