id,z1,z2,z3
1,0.6245617,0.71234274,0.62165964
2,0.7897468,0.7501224,0.93157494
3,0.36323965,0.5609867,0.56092405
4,0.39261365,0.3665833,0.85232395
5,0.510163,1.0,0.47603393
6,0.6104547,0.22547358,0.5313779
7,0.5698035,0.73745704,0.23829573
8,0.3511495,0.8634759,0.35372424
9,0.78413934,0.6943684,0.67102396
10,0.47946498,0.868183,0.6154192
11,0.5965518,0.9997113,0.7555835
12,0.73590416,0.7277575,0.48375544
13,0.7784953,0.83501166,0.49926952
14,0.32551777,0.65604746,0.844474
15,0.3618207,0.5975106,0.87729555
16,0.6487884,0.93576986,0.70435506
17,0.6399933,0.69416165,0.32159904
18,0.33756724,0.6671537,0.4803677
19,0.50511247,0.75950724,0.72556806
20,0.37870002,0.7947751,0.73295736
21,0.19602488,0.5482316,0.57076293
22,0.3721261,0.6979678,0.97105205
23,0.764348,0.10339312,0.41476896
24,0.5689928,0.808559,0.44302103
25,0.59554845,0.775936,0.3714709
26,0.27382466,0.5103051,0.8724973
27,0.66644937,0.85850346,0.6716277
28,0.4816742,0.8284135,0.61877984
29,0.90270704,0.7741821,0.6292618
30,0.5754932,0.7696067,0.26661283
31,0.71843505,0.5743639,0.80412376
32,0.38387072,0.51947117,0.5443028
33,0.4447323,0.5021335,0.5847889
34,0.08916379,0.6803016,0.65665734
35,0.5821632,0.92136663,0.67959064
36,0.5354167,0.84682876,0.7397125
37,0.87658924,0.099306844,0.5581998
38,0.5922254,0.9006827,0.69409496
39,0.4951053,0.78590435,0.26363498
40,0.9453195,0.46569413,0.52552235
41,0.6844503,0.32983094,0.72547054
42,0.5484741,0.8043782,0.474112
43,0.78301847,0.67398745,0.5901393
44,0.6460075,0.91510683,0.6025626
45,0.38131478,0.7121019,0.31025138
46,0.3997784,0.676509,0.4125356
47,0.47745153,0.9563199,0.58372086
48,0.53502434,0.88421756,0.5281078
49,0.47017497,0.97070086,0.87404424
50,0.29739368,0.64834845,0.7738863
51,0.23917305,0.5985911,0.67707074
52,0.4210763,1.0,0.8095419
53,0.37268373,0.50224715,0.8205082
54,0.4654842,0.64863175,0.86766005
55,0.43740645,0.47898653,0.21707784
56,0.5123891,0.6729609,0.25293648
57,0.94533855,0.3735352,0.5340561
58,0.9377477,0.45395586,0.7488475
59,0.90851074,0.5619421,0.6540965
60,0.552853,0.88676864,0.3905895
61,0.54491055,0.8374933,0.4704618
62,0.55707765,0.8439433,0.4497529
63,0.5748119,0.9033222,0.26458624
64,0.39593542,0.7614428,0.26089206
65,0.41966683,0.87448627,0.5358423
66,0.23182364,0.5852701,0.65526
67,0.7637636,0.58819884,0.59510607
68,0.6371234,0.8585353,0.3634724
69,0.5915698,0.8948048,0.47452888
70,0.5948468,0.8375004,0.22579199
71,0.47657764,1.0,0.7570195
72,0.41913363,0.9621088,0.90337735
73,0.72053766,0.4305553,0.7564825
74,0.82184553,0.42980537,0.62934464
75,0.58988124,0.5460399,0.8157551
76,0.20294343,0.47405484,0.60245496
77,0.54665804,0.5847861,0.7821439
78,0.20694035,0.6531658,0.58540523
79,0.6435495,0.9999999,0.6407843
80,0.4164014,0.98687595,0.7656059
81,0.8335854,0.81371546,0.5839088
82,0.83828866,0.8243845,0.5302495
83,0.2882686,0.68477714,0.97438544
84,0.74636316,0.81685865,0.47288346
85,0.6888797,0.5057261,0.36701182
86,0.538402,0.33272457,0.75837666
87,0.4169916,0.6388915,0.02198859
88,0.7598812,0.3761694,0.71978205
89,0.6048275,0.8052622,0.5081523
90,0.35620275,0.66402626,0.46093875
